"","mean","sd","0.025quant","0.5quant","0.975quant","mode","model"
"fitted.Predictor.001...1",0.15,0.08,0,0.15,0.31,0.15,"L1 speakers (linear)"
"fitted.Predictor.002...2",0.17,0.1,-0.02,0.17,0.35,0.17,"L1 speakers (linear)"
"fitted.Predictor.003...3",0.17,0.1,-0.02,0.17,0.36,0.17,"L1 speakers (linear)"
"fitted.Predictor.004...4",0.15,0.08,0,0.15,0.3,0.15,"L1 speakers (linear)"
"fitted.Predictor.005...5",0.19,0.14,-0.1,0.19,0.47,0.19,"L1 speakers (linear)"
"fitted.Predictor.006...6",0.14,0.08,-0.01,0.14,0.3,0.14,"L1 speakers (linear)"
"fitted.Predictor.007...7",0.18,0.12,-0.05,0.18,0.4,0.18,"L1 speakers (linear)"
"fitted.Predictor.008...8",0.17,0.1,-0.02,0.17,0.36,0.17,"L1 speakers (linear)"
"fitted.Predictor.009...9",0.19,0.14,-0.09,0.19,0.46,0.19,"L1 speakers (linear)"
"fitted.Predictor.010...10",0.14,0.09,-0.03,0.14,0.31,0.14,"L1 speakers (linear)"
"fitted.Predictor.011...11",0.13,0.11,-0.08,0.13,0.34,0.13,"L1 speakers (linear)"
"fitted.Predictor.012...12",0.16,0.09,-0.01,0.16,0.33,0.16,"L1 speakers (linear)"
"fitted.Predictor.013...13",0.14,0.08,-0.02,0.14,0.3,0.14,"L1 speakers (linear)"
"fitted.Predictor.014...14",0.11,0.14,-0.16,0.11,0.39,0.11,"L1 speakers (linear)"
"fitted.Predictor.015...15",0.15,0.08,0,0.15,0.3,0.15,"L1 speakers (linear)"
"fitted.Predictor.016...16",0.19,0.14,-0.09,0.19,0.46,0.19,"L1 speakers (linear)"
"fitted.Predictor.017...17",0.17,0.11,-0.04,0.17,0.39,0.17,"L1 speakers (linear)"
"fitted.Predictor.018...18",0.16,0.09,-0.01,0.16,0.33,0.16,"L1 speakers (linear)"
"fitted.Predictor.019...19",0.17,0.09,-0.02,0.17,0.35,0.17,"L1 speakers (linear)"
"fitted.Predictor.020...20",0.18,0.12,-0.06,0.18,0.42,0.18,"L1 speakers (linear)"
"fitted.Predictor.021...21",0.16,0.08,0,0.16,0.32,0.16,"L1 speakers (linear)"
"fitted.Predictor.022...22",0.16,0.09,-0.01,0.16,0.33,0.16,"L1 speakers (linear)"
"fitted.Predictor.023...23",0.17,0.09,-0.01,0.17,0.35,0.17,"L1 speakers (linear)"
"fitted.Predictor.024...24",0.18,0.12,-0.05,0.18,0.4,0.18,"L1 speakers (linear)"
"fitted.Predictor.025...25",0.16,0.09,-0.01,0.16,0.34,0.16,"L1 speakers (linear)"
"fitted.Predictor.026...26",0.15,0.08,0,0.15,0.3,0.15,"L1 speakers (linear)"
"fitted.Predictor.027...27",0.15,0.08,0,0.15,0.31,0.15,"L1 speakers (linear)"
"fitted.Predictor.028...28",0.17,0.1,-0.03,0.17,0.37,0.17,"L1 speakers (linear)"
"fitted.Predictor.029...29",0.16,0.08,0,0.16,0.32,0.16,"L1 speakers (linear)"
"fitted.Predictor.030...30",0.19,0.17,-0.13,0.19,0.52,0.19,"L1 speakers (linear)"
"fitted.Predictor.031...31",0.16,0.09,-0.01,0.16,0.33,0.16,"L1 speakers (linear)"
"fitted.Predictor.032...32",0.14,0.09,-0.03,0.14,0.31,0.14,"L1 speakers (linear)"
"fitted.Predictor.033...33",0.17,0.11,-0.04,0.17,0.39,0.17,"L1 speakers (linear)"
"fitted.Predictor.034...34",0.16,0.08,0,0.16,0.31,0.16,"L1 speakers (linear)"
"fitted.Predictor.035...35",0.17,0.1,-0.03,0.17,0.36,0.17,"L1 speakers (linear)"
"fitted.Predictor.036...36",0.17,0.1,-0.02,0.17,0.35,0.17,"L1 speakers (linear)"
"fitted.Predictor.037...37",0.17,0.11,-0.04,0.17,0.38,0.17,"L1 speakers (linear)"
"fitted.Predictor.038...38",0.17,0.1,-0.03,0.17,0.38,0.17,"L1 speakers (linear)"
"fitted.Predictor.039...39",0.14,0.08,-0.01,0.14,0.3,0.14,"L1 speakers (linear)"
"fitted.Predictor.040...40",0.14,0.08,-0.01,0.14,0.3,0.14,"L1 speakers (linear)"
"fitted.Predictor.041...41",0.19,0.14,-0.1,0.19,0.47,0.19,"L1 speakers (linear)"
"fitted.Predictor.042...42",0.15,0.08,0,0.15,0.31,0.15,"L1 speakers (linear)"
"fitted.Predictor.043...43",0.16,0.09,-0.01,0.16,0.34,0.16,"L1 speakers (linear)"
"fitted.Predictor.044...44",0.16,0.09,-0.01,0.16,0.34,0.16,"L1 speakers (linear)"
"fitted.Predictor.045...45",0.17,0.11,-0.04,0.17,0.39,0.17,"L1 speakers (linear)"
"fitted.Predictor.046...46",0.13,0.1,-0.06,0.13,0.32,0.13,"L1 speakers (linear)"
"fitted.Predictor.047...47",0.12,0.13,-0.13,0.12,0.37,0.12,"L1 speakers (linear)"
"fitted.Predictor.048...48",0.16,0.08,0,0.16,0.31,0.16,"L1 speakers (linear)"
"fitted.Predictor.049...49",0.19,0.16,-0.12,0.19,0.5,0.19,"L1 speakers (linear)"
"fitted.Predictor.050...50",0.11,0.14,-0.17,0.11,0.39,0.11,"L1 speakers (linear)"
"fitted.Predictor.051...51",0.11,0.16,-0.2,0.11,0.41,0.11,"L1 speakers (linear)"
"fitted.Predictor.052...52",0.11,0.15,-0.18,0.11,0.4,0.11,"L1 speakers (linear)"
"fitted.Predictor.053...53",0.11,0.16,-0.2,0.11,0.42,0.11,"L1 speakers (linear)"
"fitted.Predictor.054...54",0.14,0.09,-0.04,0.14,0.31,0.14,"L1 speakers (linear)"
"fitted.Predictor.055...55",0.13,0.11,-0.09,0.13,0.34,0.13,"L1 speakers (linear)"
"fitted.Predictor.056...56",0.19,0.16,-0.13,0.19,0.51,0.19,"L1 speakers (linear)"
"fitted.Predictor.057...57",0.16,0.08,0,0.16,0.32,0.16,"L1 speakers (linear)"
"fitted.Predictor.058...58",0.18,0.13,-0.08,0.18,0.45,0.18,"L1 speakers (linear)"
"fitted.Predictor.059...59",0.21,0.21,-0.2,0.21,0.62,0.21,"L1 speakers (linear)"
"fitted.Predictor.060...60",0.21,0.23,-0.23,0.21,0.66,0.21,"L1 speakers (linear)"
"fitted.Predictor.061...61",0.19,0.14,-0.1,0.19,0.47,0.19,"L1 speakers (linear)"
"fitted.Predictor.062...62",0.11,0.14,-0.17,0.11,0.39,0.11,"L1 speakers (linear)"
"fitted.Predictor.063...63",0.13,0.11,-0.08,0.13,0.34,0.13,"L1 speakers (linear)"
"fitted.Predictor.064...64",0.13,0.09,-0.05,0.13,0.32,0.13,"L1 speakers (linear)"
"fitted.Predictor.065...65",0.17,0.09,-0.02,0.17,0.35,0.17,"L1 speakers (linear)"
"fitted.Predictor.066...66",0.11,0.16,-0.2,0.11,0.42,0.11,"L1 speakers (linear)"
"fitted.Predictor.067...67",0.11,0.14,-0.16,0.11,0.39,0.11,"L1 speakers (linear)"
"fitted.Predictor.068...68",0.14,0.08,-0.02,0.14,0.3,0.14,"L1 speakers (linear)"
"fitted.Predictor.069...69",0.11,0.15,-0.18,0.11,0.41,0.11,"L1 speakers (linear)"
"fitted.Predictor.070...70",0.19,0.14,-0.09,0.19,0.46,0.19,"L1 speakers (linear)"
"fitted.Predictor.071...71",0.13,0.11,-0.08,0.13,0.33,0.13,"L1 speakers (linear)"
"fitted.Predictor.072...72",0.16,0.08,0,0.16,0.32,0.16,"L1 speakers (linear)"
"fitted.Predictor.073...73",0.15,0.08,0,0.15,0.3,0.15,"L1 speakers (linear)"
"fitted.Predictor.074...74",0.12,0.11,-0.1,0.12,0.35,0.12,"L1 speakers (linear)"
"fitted.Predictor.075...75",0.14,0.08,-0.01,0.14,0.3,0.14,"L1 speakers (linear)"
"fitted.Predictor.076...76",0.13,0.1,-0.06,0.13,0.32,0.13,"L1 speakers (linear)"
"fitted.Predictor.077...77",0.12,0.14,-0.15,0.12,0.38,0.12,"L1 speakers (linear)"
"fitted.Predictor.078...78",0.12,0.12,-0.12,0.12,0.36,0.12,"L1 speakers (linear)"
"fitted.Predictor.079...79",0.13,0.1,-0.06,0.13,0.32,0.13,"L1 speakers (linear)"
"fitted.Predictor.080...80",0.14,0.09,-0.04,0.14,0.31,0.14,"L1 speakers (linear)"
"fitted.Predictor.081...81",0.13,0.1,-0.05,0.13,0.32,0.13,"L1 speakers (linear)"
"fitted.Predictor.082...82",0.17,0.1,-0.03,0.17,0.37,0.17,"L1 speakers (linear)"
"fitted.Predictor.083...83",0.16,0.08,0,0.16,0.31,0.16,"L1 speakers (linear)"
"fitted.Predictor.084...84",0.16,0.09,-0.01,0.16,0.34,0.16,"L1 speakers (linear)"
"fitted.Predictor.085...85",0.15,0.08,-0.01,0.15,0.3,0.15,"L1 speakers (linear)"
"fitted.Predictor.086...86",0.13,0.1,-0.05,0.13,0.32,0.13,"L1 speakers (linear)"
"fitted.Predictor.087...87",0.16,0.08,0,0.16,0.31,0.16,"L1 speakers (linear)"
"fitted.Predictor.088...88",0.15,0.08,0,0.15,0.3,0.15,"L1 speakers (linear)"
"fitted.Predictor.089...89",0.18,0.12,-0.06,0.18,0.42,0.18,"L1 speakers (linear)"
"fitted.Predictor.090...90",0.13,0.11,-0.09,0.13,0.34,0.13,"L1 speakers (linear)"
"fitted.Predictor.091...91",0.16,0.08,0,0.16,0.32,0.16,"L1 speakers (linear)"
"fitted.Predictor.092...92",0.14,0.09,-0.03,0.14,0.31,0.14,"L1 speakers (linear)"
"fitted.Predictor.093...93",0.13,0.1,-0.07,0.13,0.33,0.13,"L1 speakers (linear)"
"fitted.Predictor.094...94",0.14,0.08,-0.03,0.14,0.31,0.14,"L1 speakers (linear)"
"fitted.Predictor.095...95",0.12,0.13,-0.13,0.12,0.37,0.12,"L1 speakers (linear)"
"fitted.Predictor.096...96",0.15,0.08,0,0.15,0.3,0.15,"L1 speakers (linear)"
"fitted.Predictor.097...97",0.13,0.11,-0.09,0.13,0.34,0.13,"L1 speakers (linear)"
"fitted.Predictor.098...98",0.13,0.11,-0.09,0.13,0.34,0.13,"L1 speakers (linear)"
"fitted.Predictor.099...99",0.13,0.1,-0.07,0.13,0.33,0.13,"L1 speakers (linear)"
"fitted.Predictor.100...100",0.13,0.11,-0.08,0.13,0.34,0.13,"L1 speakers (linear)"
"fitted.Predictor.101...101",0.13,0.11,-0.09,0.13,0.34,0.13,"L1 speakers (linear)"
"fitted.Predictor.102...102",0.13,0.1,-0.06,0.13,0.32,0.13,"L1 speakers (linear)"
"fitted.Predictor.103...103",0.12,0.12,-0.1,0.12,0.35,0.12,"L1 speakers (linear)"
"fitted.Predictor.104...104",0.13,0.09,-0.05,0.13,0.32,0.13,"L1 speakers (linear)"
"fitted.Predictor.105...105",0.13,0.1,-0.07,0.13,0.33,0.13,"L1 speakers (linear)"
"fitted.Predictor.106...106",0.13,0.09,-0.05,0.13,0.32,0.13,"L1 speakers (linear)"
"fitted.Predictor.107...107",0.13,0.1,-0.06,0.13,0.32,0.13,"L1 speakers (linear)"
"fitted.Predictor.108...108",0.15,0.08,0,0.15,0.3,0.15,"L1 speakers (linear)"
"fitted.Predictor.109...109",0.17,0.1,-0.03,0.17,0.36,0.17,"L1 speakers (linear)"
"fitted.Predictor.110...110",0.15,0.08,0,0.15,0.3,0.15,"L1 speakers (linear)"
"fitted.Predictor.111...111",0.15,0.08,0,0.15,0.3,0.15,"L1 speakers (linear)"
"fitted.Predictor.112...112",0.16,0.08,0,0.16,0.32,0.16,"L1 speakers (linear)"
"fitted.Predictor.113...113",0.14,0.09,-0.04,0.14,0.31,0.14,"L1 speakers (linear)"
"fitted.Predictor.114...114",0.16,0.09,-0.01,0.16,0.33,0.16,"L1 speakers (linear)"
"fitted.Predictor.115...115",0.13,0.1,-0.06,0.13,0.32,0.13,"L1 speakers (linear)"
"fitted.Predictor.116...116",0.15,0.08,0,0.15,0.3,0.15,"L1 speakers (linear)"
"fitted.Predictor.117...117",0.17,0.09,-0.01,0.17,0.35,0.17,"L1 speakers (linear)"
"fitted.Predictor.118...118",0.15,0.08,0,0.15,0.3,0.15,"L1 speakers (linear)"
"fitted.Predictor.119...119",0.12,0.12,-0.1,0.12,0.35,0.12,"L1 speakers (linear)"
"fitted.Predictor.001...120",0.15,0.08,0,0.15,0.31,0.15,"L1 speakers (nonlinear)"
"fitted.Predictor.002...121",0.17,0.09,-0.01,0.17,0.35,0.17,"L1 speakers (nonlinear)"
"fitted.Predictor.003...122",0.17,0.09,-0.01,0.17,0.35,0.17,"L1 speakers (nonlinear)"
"fitted.Predictor.004...123",0.15,0.08,0,0.15,0.31,0.15,"L1 speakers (nonlinear)"
"fitted.Predictor.005...124",0.2,0.14,-0.08,0.2,0.48,0.2,"L1 speakers (nonlinear)"
"fitted.Predictor.006...125",0.14,0.08,-0.01,0.14,0.3,0.14,"L1 speakers (nonlinear)"
"fitted.Predictor.007...126",0.19,0.12,-0.05,0.19,0.42,0.19,"L1 speakers (nonlinear)"
"fitted.Predictor.008...127",0.17,0.1,-0.02,0.17,0.37,0.17,"L1 speakers (nonlinear)"
"fitted.Predictor.009...128",0.2,0.14,-0.08,0.2,0.48,0.2,"L1 speakers (nonlinear)"
"fitted.Predictor.010...129",0.14,0.09,-0.03,0.14,0.3,0.14,"L1 speakers (nonlinear)"
"fitted.Predictor.011...130",0.12,0.11,-0.09,0.12,0.33,0.12,"L1 speakers (nonlinear)"
"fitted.Predictor.012...131",0.17,0.09,-0.01,0.17,0.34,0.17,"L1 speakers (nonlinear)"
"fitted.Predictor.013...132",0.14,0.09,-0.03,0.14,0.3,0.14,"L1 speakers (nonlinear)"
"fitted.Predictor.014...133",0.1,0.14,-0.18,0.1,0.38,0.1,"L1 speakers (nonlinear)"
"fitted.Predictor.015...134",0.15,0.08,0,0.15,0.3,0.15,"L1 speakers (nonlinear)"
"fitted.Predictor.016...135",0.2,0.14,-0.08,0.2,0.48,0.2,"L1 speakers (nonlinear)"
"fitted.Predictor.017...136",0.18,0.11,-0.04,0.18,0.4,0.18,"L1 speakers (nonlinear)"
"fitted.Predictor.018...137",0.17,0.09,-0.01,0.17,0.34,0.17,"L1 speakers (nonlinear)"
"fitted.Predictor.019...138",0.17,0.09,-0.01,0.17,0.35,0.17,"L1 speakers (nonlinear)"
"fitted.Predictor.020...139",0.19,0.12,-0.05,0.19,0.42,0.19,"L1 speakers (nonlinear)"
"fitted.Predictor.021...140",0.16,0.08,0,0.16,0.32,0.16,"L1 speakers (nonlinear)"
"fitted.Predictor.022...141",0.17,0.09,-0.01,0.17,0.34,0.17,"L1 speakers (nonlinear)"
"fitted.Predictor.023...142",0.17,0.09,-0.01,0.17,0.35,0.17,"L1 speakers (nonlinear)"
"fitted.Predictor.024...143",0.19,0.12,-0.05,0.19,0.42,0.19,"L1 speakers (nonlinear)"
"fitted.Predictor.025...144",0.17,0.09,-0.01,0.17,0.35,0.17,"L1 speakers (nonlinear)"
"fitted.Predictor.026...145",0.15,0.08,0,0.15,0.3,0.15,"L1 speakers (nonlinear)"
"fitted.Predictor.027...146",0.15,0.08,0,0.15,0.31,0.15,"L1 speakers (nonlinear)"
"fitted.Predictor.028...147",0.17,0.1,-0.02,0.17,0.37,0.17,"L1 speakers (nonlinear)"
"fitted.Predictor.029...148",0.17,0.09,-0.01,0.17,0.34,0.17,"L1 speakers (nonlinear)"
"fitted.Predictor.030...149",0.21,0.17,-0.12,0.21,0.53,0.21,"L1 speakers (nonlinear)"
"fitted.Predictor.031...150",0.17,0.09,-0.01,0.17,0.34,0.17,"L1 speakers (nonlinear)"
"fitted.Predictor.032...151",0.14,0.09,-0.03,0.14,0.3,0.14,"L1 speakers (nonlinear)"
"fitted.Predictor.033...152",0.18,0.11,-0.04,0.18,0.4,0.18,"L1 speakers (nonlinear)"
"fitted.Predictor.034...153",0.16,0.08,0,0.16,0.32,0.16,"L1 speakers (nonlinear)"
"fitted.Predictor.035...154",0.17,0.1,-0.02,0.17,0.37,0.17,"L1 speakers (nonlinear)"
"fitted.Predictor.036...155",0.17,0.09,-0.01,0.17,0.35,0.17,"L1 speakers (nonlinear)"
"fitted.Predictor.037...156",0.18,0.11,-0.04,0.18,0.4,0.18,"L1 speakers (nonlinear)"
"fitted.Predictor.038...157",0.17,0.1,-0.02,0.17,0.37,0.17,"L1 speakers (nonlinear)"
"fitted.Predictor.039...158",0.14,0.08,-0.01,0.14,0.3,0.14,"L1 speakers (nonlinear)"
"fitted.Predictor.040...159",0.14,0.08,-0.01,0.14,0.3,0.14,"L1 speakers (nonlinear)"
"fitted.Predictor.041...160",0.2,0.14,-0.08,0.2,0.48,0.2,"L1 speakers (nonlinear)"
"fitted.Predictor.042...161",0.15,0.08,0,0.15,0.31,0.15,"L1 speakers (nonlinear)"
"fitted.Predictor.043...162",0.17,0.09,-0.01,0.17,0.35,0.17,"L1 speakers (nonlinear)"
"fitted.Predictor.044...163",0.17,0.09,-0.01,0.17,0.34,0.17,"L1 speakers (nonlinear)"
"fitted.Predictor.045...164",0.18,0.11,-0.04,0.18,0.4,0.18,"L1 speakers (nonlinear)"
"fitted.Predictor.046...165",0.13,0.1,-0.07,0.13,0.32,0.13,"L1 speakers (nonlinear)"
"fitted.Predictor.047...166",0.11,0.13,-0.14,0.11,0.36,0.11,"L1 speakers (nonlinear)"
"fitted.Predictor.048...167",0.16,0.08,0,0.16,0.32,0.16,"L1 speakers (nonlinear)"
"fitted.Predictor.049...168",0.2,0.16,-0.11,0.2,0.52,0.2,"L1 speakers (nonlinear)"
"fitted.Predictor.050...169",0.1,0.14,-0.18,0.1,0.38,0.1,"L1 speakers (nonlinear)"
"fitted.Predictor.051...170",0.1,0.16,-0.21,0.1,0.4,0.1,"L1 speakers (nonlinear)"
"fitted.Predictor.052...171",0.1,0.16,-0.21,0.1,0.4,0.1,"L1 speakers (nonlinear)"
"fitted.Predictor.053...172",0.1,0.16,-0.21,0.1,0.4,0.1,"L1 speakers (nonlinear)"
"fitted.Predictor.054...173",0.13,0.09,-0.05,0.13,0.31,0.13,"L1 speakers (nonlinear)"
"fitted.Predictor.055...174",0.12,0.11,-0.09,0.12,0.33,0.12,"L1 speakers (nonlinear)"
"fitted.Predictor.056...175",0.21,0.17,-0.12,0.21,0.53,0.21,"L1 speakers (nonlinear)"
"fitted.Predictor.057...176",0.16,0.08,0,0.16,0.32,0.16,"L1 speakers (nonlinear)"
"fitted.Predictor.058...177",0.19,0.13,-0.07,0.19,0.46,0.19,"L1 speakers (nonlinear)"
"fitted.Predictor.059...178",0.23,0.21,-0.19,0.23,0.64,0.23,"L1 speakers (nonlinear)"
"fitted.Predictor.060...179",0.23,0.23,-0.22,0.23,0.68,0.23,"L1 speakers (nonlinear)"
"fitted.Predictor.061...180",0.2,0.14,-0.08,0.2,0.48,0.2,"L1 speakers (nonlinear)"
"fitted.Predictor.062...181",0.1,0.14,-0.18,0.1,0.38,0.1,"L1 speakers (nonlinear)"
"fitted.Predictor.063...182",0.12,0.11,-0.09,0.12,0.33,0.12,"L1 speakers (nonlinear)"
"fitted.Predictor.064...183",0.13,0.09,-0.05,0.13,0.31,0.13,"L1 speakers (nonlinear)"
"fitted.Predictor.065...184",0.17,0.09,-0.01,0.17,0.35,0.17,"L1 speakers (nonlinear)"
"fitted.Predictor.066...185",0.1,0.16,-0.21,0.1,0.4,0.1,"L1 speakers (nonlinear)"
"fitted.Predictor.067...186",0.1,0.14,-0.18,0.1,0.38,0.1,"L1 speakers (nonlinear)"
"fitted.Predictor.068...187",0.14,0.09,-0.03,0.14,0.3,0.14,"L1 speakers (nonlinear)"
"fitted.Predictor.069...188",0.1,0.16,-0.21,0.1,0.4,0.1,"L1 speakers (nonlinear)"
"fitted.Predictor.070...189",0.2,0.14,-0.08,0.2,0.48,0.2,"L1 speakers (nonlinear)"
"fitted.Predictor.071...190",0.12,0.11,-0.09,0.12,0.33,0.12,"L1 speakers (nonlinear)"
"fitted.Predictor.072...191",0.17,0.09,-0.01,0.17,0.34,0.17,"L1 speakers (nonlinear)"
"fitted.Predictor.073...192",0.15,0.08,0,0.15,0.3,0.15,"L1 speakers (nonlinear)"
"fitted.Predictor.074...193",0.12,0.11,-0.09,0.12,0.33,0.12,"L1 speakers (nonlinear)"
"fitted.Predictor.075...194",0.14,0.08,-0.01,0.14,0.3,0.14,"L1 speakers (nonlinear)"
"fitted.Predictor.076...195",0.13,0.1,-0.07,0.13,0.32,0.13,"L1 speakers (nonlinear)"
"fitted.Predictor.077...196",0.1,0.14,-0.18,0.1,0.38,0.1,"L1 speakers (nonlinear)"
"fitted.Predictor.078...197",0.12,0.12,-0.11,0.12,0.34,0.12,"L1 speakers (nonlinear)"
"fitted.Predictor.079...198",0.13,0.1,-0.07,0.13,0.32,0.13,"L1 speakers (nonlinear)"
"fitted.Predictor.080...199",0.13,0.09,-0.05,0.13,0.31,0.13,"L1 speakers (nonlinear)"
"fitted.Predictor.081...200",0.13,0.1,-0.07,0.13,0.32,0.13,"L1 speakers (nonlinear)"
"fitted.Predictor.082...201",0.17,0.1,-0.02,0.17,0.37,0.17,"L1 speakers (nonlinear)"
"fitted.Predictor.083...202",0.16,0.08,0,0.16,0.32,0.16,"L1 speakers (nonlinear)"
"fitted.Predictor.084...203",0.17,0.09,-0.01,0.17,0.35,0.17,"L1 speakers (nonlinear)"
"fitted.Predictor.085...204",0.14,0.08,-0.01,0.14,0.3,0.14,"L1 speakers (nonlinear)"
"fitted.Predictor.086...205",0.13,0.1,-0.07,0.13,0.32,0.13,"L1 speakers (nonlinear)"
"fitted.Predictor.087...206",0.16,0.08,0,0.16,0.32,0.16,"L1 speakers (nonlinear)"
"fitted.Predictor.088...207",0.15,0.08,0,0.15,0.3,0.15,"L1 speakers (nonlinear)"
"fitted.Predictor.089...208",0.19,0.12,-0.05,0.19,0.42,0.19,"L1 speakers (nonlinear)"
"fitted.Predictor.090...209",0.12,0.11,-0.09,0.12,0.33,0.12,"L1 speakers (nonlinear)"
"fitted.Predictor.091...210",0.16,0.08,0,0.16,0.32,0.16,"L1 speakers (nonlinear)"
"fitted.Predictor.092...211",0.14,0.09,-0.03,0.14,0.3,0.14,"L1 speakers (nonlinear)"
"fitted.Predictor.093...212",0.13,0.1,-0.07,0.13,0.32,0.13,"L1 speakers (nonlinear)"
"fitted.Predictor.094...213",0.14,0.09,-0.03,0.14,0.3,0.14,"L1 speakers (nonlinear)"
"fitted.Predictor.095...214",0.11,0.13,-0.14,0.11,0.36,0.11,"L1 speakers (nonlinear)"
"fitted.Predictor.096...215",0.15,0.08,0,0.15,0.3,0.15,"L1 speakers (nonlinear)"
"fitted.Predictor.097...216",0.12,0.11,-0.09,0.12,0.33,0.12,"L1 speakers (nonlinear)"
"fitted.Predictor.098...217",0.12,0.11,-0.09,0.12,0.33,0.12,"L1 speakers (nonlinear)"
"fitted.Predictor.099...218",0.13,0.1,-0.07,0.13,0.32,0.13,"L1 speakers (nonlinear)"
"fitted.Predictor.100...219",0.12,0.11,-0.09,0.12,0.33,0.12,"L1 speakers (nonlinear)"
"fitted.Predictor.101...220",0.12,0.11,-0.09,0.12,0.33,0.12,"L1 speakers (nonlinear)"
"fitted.Predictor.102...221",0.13,0.1,-0.07,0.13,0.32,0.13,"L1 speakers (nonlinear)"
"fitted.Predictor.103...222",0.12,0.12,-0.11,0.12,0.34,0.12,"L1 speakers (nonlinear)"
"fitted.Predictor.104...223",0.13,0.1,-0.07,0.13,0.32,0.13,"L1 speakers (nonlinear)"
"fitted.Predictor.105...224",0.12,0.11,-0.09,0.12,0.33,0.12,"L1 speakers (nonlinear)"
"fitted.Predictor.106...225",0.13,0.09,-0.05,0.13,0.31,0.13,"L1 speakers (nonlinear)"
"fitted.Predictor.107...226",0.13,0.1,-0.07,0.13,0.32,0.13,"L1 speakers (nonlinear)"
"fitted.Predictor.108...227",0.15,0.08,0,0.15,0.3,0.15,"L1 speakers (nonlinear)"
"fitted.Predictor.109...228",0.17,0.1,-0.02,0.17,0.37,0.17,"L1 speakers (nonlinear)"
"fitted.Predictor.110...229",0.15,0.08,0,0.15,0.3,0.15,"L1 speakers (nonlinear)"
"fitted.Predictor.111...230",0.15,0.08,0,0.15,0.3,0.15,"L1 speakers (nonlinear)"
"fitted.Predictor.112...231",0.16,0.08,0,0.16,0.32,0.16,"L1 speakers (nonlinear)"
"fitted.Predictor.113...232",0.13,0.09,-0.05,0.13,0.31,0.13,"L1 speakers (nonlinear)"
"fitted.Predictor.114...233",0.17,0.09,-0.01,0.17,0.34,0.17,"L1 speakers (nonlinear)"
"fitted.Predictor.115...234",0.13,0.1,-0.07,0.13,0.32,0.13,"L1 speakers (nonlinear)"
"fitted.Predictor.116...235",0.15,0.08,0,0.15,0.31,0.15,"L1 speakers (nonlinear)"
"fitted.Predictor.117...236",0.17,0.09,-0.01,0.17,0.35,0.17,"L1 speakers (nonlinear)"
"fitted.Predictor.118...237",0.15,0.08,0,0.15,0.3,0.15,"L1 speakers (nonlinear)"
"fitted.Predictor.119...238",0.12,0.12,-0.11,0.12,0.34,0.12,"L1 speakers (nonlinear)"
"fitted.Predictor.001...239",0.11,0.09,-0.06,0.11,0.28,0.11,"L2 proportion (linear)"
"fitted.Predictor.002...240",0.37,0.24,-0.1,0.37,0.85,0.37,"L2 proportion (linear)"
"fitted.Predictor.003...241",0.28,0.15,-0.02,0.28,0.58,0.28,"L2 proportion (linear)"
"fitted.Predictor.004...242",0.13,0.08,-0.03,0.13,0.29,0.13,"L2 proportion (linear)"
"fitted.Predictor.005...243",0.24,0.12,0,0.24,0.48,0.24,"L2 proportion (linear)"
"fitted.Predictor.006...244",0.24,0.12,0,0.24,0.49,0.24,"L2 proportion (linear)"
"fitted.Predictor.007...245",0.23,0.11,0.01,0.23,0.44,0.23,"L2 proportion (linear)"
"fitted.Predictor.008...246",0.12,0.08,-0.05,0.12,0.28,0.12,"L2 proportion (linear)"
"fitted.Predictor.009...247",0.09,0.1,-0.09,0.09,0.28,0.09,"L2 proportion (linear)"
"fitted.Predictor.010...248",0.24,0.12,0.01,0.24,0.47,0.24,"L2 proportion (linear)"
"fitted.Predictor.011...249",0.12,0.08,-0.04,0.12,0.28,0.12,"L2 proportion (linear)"
"fitted.Predictor.012...250",0.1,0.09,-0.08,0.1,0.28,0.1,"L2 proportion (linear)"
"fitted.Predictor.013...251",0.19,0.09,0.02,0.19,0.37,0.19,"L2 proportion (linear)"
"fitted.Predictor.014...252",0.16,0.08,0.01,0.16,0.31,0.16,"L2 proportion (linear)"
"fitted.Predictor.015...253",0.16,0.08,0.01,0.16,0.31,0.16,"L2 proportion (linear)"
"fitted.Predictor.016...254",0.09,0.1,-0.1,0.09,0.28,0.09,"L2 proportion (linear)"
"fitted.Predictor.017...255",0.15,0.08,0,0.15,0.3,0.15,"L2 proportion (linear)"
"fitted.Predictor.018...256",0.11,0.09,-0.07,0.11,0.28,0.11,"L2 proportion (linear)"
"fitted.Predictor.019...257",0.16,0.08,0.01,0.16,0.31,0.16,"L2 proportion (linear)"
"fitted.Predictor.020...258",0.09,0.1,-0.1,0.09,0.28,0.09,"L2 proportion (linear)"
"fitted.Predictor.021...259",0.1,0.09,-0.09,0.1,0.28,0.1,"L2 proportion (linear)"
"fitted.Predictor.022...260",0.11,0.09,-0.07,0.11,0.28,0.11,"L2 proportion (linear)"
"fitted.Predictor.023...261",0.1,0.09,-0.07,0.1,0.28,0.1,"L2 proportion (linear)"
"fitted.Predictor.024...262",0.18,0.08,0.02,0.18,0.34,0.18,"L2 proportion (linear)"
"fitted.Predictor.025...263",0.11,0.09,-0.06,0.11,0.28,0.11,"L2 proportion (linear)"
"fitted.Predictor.026...264",0.14,0.08,-0.01,0.14,0.29,0.14,"L2 proportion (linear)"
"fitted.Predictor.027...265",0.11,0.09,-0.06,0.11,0.28,0.11,"L2 proportion (linear)"
"fitted.Predictor.028...266",0.1,0.09,-0.08,0.1,0.28,0.1,"L2 proportion (linear)"
"fitted.Predictor.029...267",0.1,0.09,-0.09,0.1,0.28,0.1,"L2 proportion (linear)"
"fitted.Predictor.030...268",0.17,0.08,0.01,0.17,0.32,0.17,"L2 proportion (linear)"
"fitted.Predictor.031...269",0.09,0.1,-0.1,0.09,0.28,0.09,"L2 proportion (linear)"
"fitted.Predictor.032...270",0.1,0.09,-0.09,0.1,0.28,0.1,"L2 proportion (linear)"
"fitted.Predictor.033...271",0.18,0.08,0.02,0.18,0.34,0.18,"L2 proportion (linear)"
"fitted.Predictor.034...272",0.09,0.1,-0.1,0.09,0.28,0.09,"L2 proportion (linear)"
"fitted.Predictor.035...273",0.09,0.1,-0.09,0.09,0.28,0.09,"L2 proportion (linear)"
"fitted.Predictor.036...274",0.1,0.09,-0.08,0.1,0.28,0.1,"L2 proportion (linear)"
"fitted.Predictor.037...275",0.13,0.08,-0.03,0.13,0.28,0.13,"L2 proportion (linear)"
"fitted.Predictor.038...276",0.12,0.08,-0.03,0.12,0.28,0.12,"L2 proportion (linear)"
"fitted.Predictor.039...277",0.1,0.09,-0.07,0.1,0.28,0.1,"L2 proportion (linear)"
"fitted.Predictor.040...278",0.11,0.08,-0.05,0.11,0.28,0.11,"L2 proportion (linear)"
"fitted.Predictor.041...279",0.12,0.08,-0.03,0.12,0.28,0.12,"L2 proportion (linear)"
"fitted.Predictor.042...280",0.13,0.08,-0.02,0.13,0.29,0.13,"L2 proportion (linear)"
"fitted.Predictor.043...281",0.16,0.08,0.01,0.16,0.31,0.16,"L2 proportion (linear)"
"fitted.Predictor.044...282",0.1,0.09,-0.08,0.1,0.28,0.1,"L2 proportion (linear)"
"fitted.Predictor.045...283",0.09,0.1,-0.11,0.09,0.28,0.09,"L2 proportion (linear)"
"fitted.Predictor.046...284",0.1,0.09,-0.09,0.1,0.28,0.1,"L2 proportion (linear)"
"fitted.Predictor.047...285",0.1,0.09,-0.07,0.1,0.28,0.1,"L2 proportion (linear)"
"fitted.Predictor.048...286",0.09,0.1,-0.1,0.09,0.28,0.09,"L2 proportion (linear)"
"fitted.Predictor.049...287",0.1,0.09,-0.07,0.1,0.28,0.1,"L2 proportion (linear)"
"fitted.Predictor.050...288",0.09,0.1,-0.1,0.09,0.28,0.09,"L2 proportion (linear)"
"fitted.Predictor.051...289",0.12,0.08,-0.05,0.12,0.28,0.12,"L2 proportion (linear)"
"fitted.Predictor.052...290",0.17,0.08,0.01,0.17,0.32,0.17,"L2 proportion (linear)"
"fitted.Predictor.053...291",0.11,0.09,-0.07,0.11,0.28,0.11,"L2 proportion (linear)"
"fitted.Predictor.054...292",0.14,0.08,-0.02,0.14,0.29,0.14,"L2 proportion (linear)"
"fitted.Predictor.055...293",0.12,0.08,-0.04,0.12,0.28,0.12,"L2 proportion (linear)"
"fitted.Predictor.056...294",0.2,0.09,0.02,0.2,0.38,0.2,"L2 proportion (linear)"
"fitted.Predictor.057...295",0.19,0.09,0.02,0.19,0.35,0.19,"L2 proportion (linear)"
"fitted.Predictor.058...296",0.29,0.16,-0.03,0.29,0.6,0.29,"L2 proportion (linear)"
"fitted.Predictor.059...297",0.08,0.1,-0.12,0.08,0.28,0.08,"L2 proportion (linear)"
"fitted.Predictor.060...298",0.08,0.1,-0.12,0.08,0.28,0.08,"L2 proportion (linear)"
"fitted.Predictor.061...299",0.28,0.15,-0.02,0.28,0.58,0.28,"L2 proportion (linear)"
"fitted.Predictor.062...300",0.13,0.08,-0.03,0.13,0.28,0.13,"L2 proportion (linear)"
"fitted.Predictor.063...301",0.1,0.09,-0.08,0.1,0.28,0.1,"L2 proportion (linear)"
"fitted.Predictor.064...302",0.11,0.09,-0.05,0.11,0.28,0.11,"L2 proportion (linear)"
"fitted.Predictor.065...303",0.09,0.1,-0.09,0.09,0.28,0.09,"L2 proportion (linear)"
"fitted.Predictor.066...304",0.14,0.08,-0.02,0.14,0.29,0.14,"L2 proportion (linear)"
"fitted.Predictor.067...305",0.12,0.08,-0.05,0.12,0.28,0.12,"L2 proportion (linear)"
"fitted.Predictor.068...306",0.11,0.09,-0.06,0.11,0.28,0.11,"L2 proportion (linear)"
"fitted.Predictor.069...307",0.17,0.08,0.01,0.17,0.32,0.17,"L2 proportion (linear)"
"fitted.Predictor.070...308",0.1,0.09,-0.09,0.1,0.28,0.1,"L2 proportion (linear)"
"fitted.Predictor.071...309",0.27,0.14,-0.01,0.27,0.55,0.27,"L2 proportion (linear)"
"fitted.Predictor.072...310",0.4,0.27,-0.12,0.4,0.92,0.4,"L2 proportion (linear)"
"fitted.Predictor.073...311",0.36,0.23,-0.09,0.36,0.82,0.36,"L2 proportion (linear)"
"fitted.Predictor.074...312",0.15,0.08,0,0.15,0.3,0.15,"L2 proportion (linear)"
"fitted.Predictor.075...313",0.37,0.24,-0.1,0.37,0.85,0.37,"L2 proportion (linear)"
"fitted.Predictor.076...314",0.2,0.09,0.02,0.2,0.38,0.2,"L2 proportion (linear)"
"fitted.Predictor.077...315",0.14,0.08,-0.01,0.14,0.29,0.14,"L2 proportion (linear)"
"fitted.Predictor.078...316",0.15,0.08,0,0.15,0.3,0.15,"L2 proportion (linear)"
"fitted.Predictor.079...317",0.11,0.09,-0.06,0.11,0.28,0.11,"L2 proportion (linear)"
"fitted.Predictor.080...318",0.1,0.09,-0.08,0.1,0.28,0.1,"L2 proportion (linear)"
"fitted.Predictor.081...319",0.09,0.1,-0.11,0.09,0.28,0.09,"L2 proportion (linear)"
"fitted.Predictor.082...320",0.18,0.08,0.02,0.18,0.34,0.18,"L2 proportion (linear)"
"fitted.Predictor.083...321",0.09,0.1,-0.11,0.09,0.28,0.09,"L2 proportion (linear)"
"fitted.Predictor.084...322",0.1,0.09,-0.07,0.1,0.28,0.1,"L2 proportion (linear)"
"fitted.Predictor.085...323",0.11,0.08,-0.05,0.11,0.28,0.11,"L2 proportion (linear)"
"fitted.Predictor.086...324",0.11,0.09,-0.06,0.11,0.28,0.11,"L2 proportion (linear)"
"fitted.Predictor.087...325",0.1,0.09,-0.07,0.1,0.28,0.1,"L2 proportion (linear)"
"fitted.Predictor.088...326",0.1,0.09,-0.08,0.1,0.28,0.1,"L2 proportion (linear)"
"fitted.Predictor.089...327",0.29,0.17,-0.03,0.29,0.62,0.29,"L2 proportion (linear)"
"fitted.Predictor.090...328",0.21,0.1,0.02,0.21,0.4,0.21,"L2 proportion (linear)"
"fitted.Predictor.091...329",0.11,0.09,-0.07,0.11,0.28,0.11,"L2 proportion (linear)"
"fitted.Predictor.092...330",0.24,0.12,0.01,0.24,0.47,0.24,"L2 proportion (linear)"
"fitted.Predictor.093...331",0.28,0.16,-0.02,0.28,0.59,0.28,"L2 proportion (linear)"
"fitted.Predictor.094...332",0.1,0.09,-0.08,0.1,0.28,0.1,"L2 proportion (linear)"
"fitted.Predictor.095...333",0.33,0.2,-0.06,0.33,0.72,0.33,"L2 proportion (linear)"
"fitted.Predictor.096...334",0.12,0.08,-0.04,0.12,0.28,0.12,"L2 proportion (linear)"
"fitted.Predictor.097...335",0.12,0.08,-0.04,0.12,0.28,0.12,"L2 proportion (linear)"
"fitted.Predictor.098...336",0.24,0.12,0,0.24,0.48,0.24,"L2 proportion (linear)"
"fitted.Predictor.099...337",0.13,0.08,-0.02,0.13,0.29,0.13,"L2 proportion (linear)"
"fitted.Predictor.100...338",0.3,0.17,-0.03,0.3,0.63,0.3,"L2 proportion (linear)"
"fitted.Predictor.101...339",0.27,0.14,-0.01,0.27,0.55,0.27,"L2 proportion (linear)"
"fitted.Predictor.102...340",0.27,0.15,-0.02,0.27,0.57,0.27,"L2 proportion (linear)"
"fitted.Predictor.103...341",0.15,0.08,0,0.15,0.3,0.15,"L2 proportion (linear)"
"fitted.Predictor.104...342",0.12,0.08,-0.05,0.12,0.28,0.12,"L2 proportion (linear)"
"fitted.Predictor.105...343",0.13,0.08,-0.03,0.13,0.28,0.13,"L2 proportion (linear)"
"fitted.Predictor.106...344",0.12,0.08,-0.03,0.12,0.28,0.12,"L2 proportion (linear)"
"fitted.Predictor.107...345",0.35,0.21,-0.07,0.35,0.77,0.35,"L2 proportion (linear)"
"fitted.Predictor.108...346",0.09,0.1,-0.11,0.09,0.28,0.09,"L2 proportion (linear)"
"fitted.Predictor.109...347",0.09,0.1,-0.1,0.09,0.28,0.09,"L2 proportion (linear)"
"fitted.Predictor.110...348",0.1,0.09,-0.09,0.1,0.28,0.1,"L2 proportion (linear)"
"fitted.Predictor.111...349",0.09,0.1,-0.1,0.09,0.28,0.09,"L2 proportion (linear)"
"fitted.Predictor.112...350",0.1,0.09,-0.07,0.1,0.28,0.1,"L2 proportion (linear)"
"fitted.Predictor.113...351",0.1,0.09,-0.09,0.1,0.28,0.1,"L2 proportion (linear)"
"fitted.Predictor.114...352",0.14,0.08,-0.01,0.14,0.29,0.14,"L2 proportion (linear)"
"fitted.Predictor.115...353",0.1,0.09,-0.09,0.1,0.28,0.1,"L2 proportion (linear)"
"fitted.Predictor.116...354",0.11,0.09,-0.07,0.11,0.28,0.11,"L2 proportion (linear)"
"fitted.Predictor.117...355",0.1,0.09,-0.08,0.1,0.28,0.1,"L2 proportion (linear)"
"fitted.Predictor.118...356",0.09,0.1,-0.11,0.09,0.28,0.09,"L2 proportion (linear)"
"fitted.Predictor.119...357",0.1,0.09,-0.07,0.1,0.28,0.1,"L2 proportion (linear)"
"fitted.Predictor.001...358",0.12,0.08,-0.05,0.12,0.28,0.12,"L2 proportion (nonlinear)"
"fitted.Predictor.002...359",0.35,0.24,-0.12,0.35,0.82,0.35,"L2 proportion (nonlinear)"
"fitted.Predictor.003...360",0.27,0.15,-0.03,0.27,0.57,0.27,"L2 proportion (nonlinear)"
"fitted.Predictor.004...361",0.13,0.08,-0.03,0.13,0.29,0.13,"L2 proportion (nonlinear)"
"fitted.Predictor.005...362",0.24,0.12,0,0.24,0.47,0.24,"L2 proportion (nonlinear)"
"fitted.Predictor.006...363",0.24,0.12,0,0.24,0.47,0.24,"L2 proportion (nonlinear)"
"fitted.Predictor.007...364",0.22,0.11,0.01,0.22,0.44,0.22,"L2 proportion (nonlinear)"
"fitted.Predictor.008...365",0.12,0.08,-0.05,0.12,0.28,0.12,"L2 proportion (nonlinear)"
"fitted.Predictor.009...366",0.09,0.1,-0.1,0.09,0.29,0.09,"L2 proportion (nonlinear)"
"fitted.Predictor.010...367",0.24,0.12,0,0.24,0.47,0.24,"L2 proportion (nonlinear)"
"fitted.Predictor.011...368",0.12,0.08,-0.05,0.12,0.28,0.12,"L2 proportion (nonlinear)"
"fitted.Predictor.012...369",0.11,0.09,-0.07,0.11,0.28,0.11,"L2 proportion (nonlinear)"
"fitted.Predictor.013...370",0.19,0.09,0.02,0.19,0.36,0.19,"L2 proportion (nonlinear)"
"fitted.Predictor.014...371",0.16,0.08,0.01,0.16,0.32,0.16,"L2 proportion (nonlinear)"
"fitted.Predictor.015...372",0.15,0.08,0,0.15,0.3,0.15,"L2 proportion (nonlinear)"
"fitted.Predictor.016...373",0.09,0.1,-0.1,0.09,0.29,0.09,"L2 proportion (nonlinear)"
"fitted.Predictor.017...374",0.15,0.08,0,0.15,0.3,0.15,"L2 proportion (nonlinear)"
"fitted.Predictor.018...375",0.11,0.09,-0.07,0.11,0.28,0.11,"L2 proportion (nonlinear)"
"fitted.Predictor.019...376",0.15,0.08,0,0.15,0.3,0.15,"L2 proportion (nonlinear)"
"fitted.Predictor.020...377",0.09,0.1,-0.1,0.09,0.29,0.09,"L2 proportion (nonlinear)"
"fitted.Predictor.021...378",0.09,0.1,-0.1,0.09,0.29,0.09,"L2 proportion (nonlinear)"
"fitted.Predictor.022...379",0.11,0.09,-0.07,0.11,0.28,0.11,"L2 proportion (nonlinear)"
"fitted.Predictor.023...380",0.11,0.09,-0.07,0.11,0.28,0.11,"L2 proportion (nonlinear)"
"fitted.Predictor.024...381",0.18,0.08,0.01,0.18,0.34,0.18,"L2 proportion (nonlinear)"
"fitted.Predictor.025...382",0.11,0.09,-0.07,0.11,0.28,0.11,"L2 proportion (nonlinear)"
"fitted.Predictor.026...383",0.14,0.08,-0.01,0.14,0.29,0.14,"L2 proportion (nonlinear)"
"fitted.Predictor.027...384",0.11,0.09,-0.07,0.11,0.28,0.11,"L2 proportion (nonlinear)"
"fitted.Predictor.028...385",0.11,0.09,-0.07,0.11,0.28,0.11,"L2 proportion (nonlinear)"
"fitted.Predictor.029...386",0.11,0.09,-0.07,0.11,0.28,0.11,"L2 proportion (nonlinear)"
"fitted.Predictor.030...387",0.16,0.08,0.01,0.16,0.32,0.16,"L2 proportion (nonlinear)"
"fitted.Predictor.031...388",0.09,0.1,-0.1,0.09,0.29,0.09,"L2 proportion (nonlinear)"
"fitted.Predictor.032...389",0.09,0.1,-0.1,0.09,0.29,0.09,"L2 proportion (nonlinear)"
"fitted.Predictor.033...390",0.18,0.08,0.01,0.18,0.34,0.18,"L2 proportion (nonlinear)"
"fitted.Predictor.034...391",0.09,0.1,-0.1,0.09,0.29,0.09,"L2 proportion (nonlinear)"
"fitted.Predictor.035...392",0.09,0.1,-0.1,0.09,0.29,0.09,"L2 proportion (nonlinear)"
"fitted.Predictor.036...393",0.11,0.09,-0.07,0.11,0.28,0.11,"L2 proportion (nonlinear)"
"fitted.Predictor.037...394",0.13,0.08,-0.03,0.13,0.29,0.13,"L2 proportion (nonlinear)"
"fitted.Predictor.038...395",0.13,0.08,-0.03,0.13,0.29,0.13,"L2 proportion (nonlinear)"
"fitted.Predictor.039...396",0.11,0.09,-0.07,0.11,0.28,0.11,"L2 proportion (nonlinear)"
"fitted.Predictor.040...397",0.12,0.08,-0.05,0.12,0.28,0.12,"L2 proportion (nonlinear)"
"fitted.Predictor.041...398",0.13,0.08,-0.03,0.13,0.29,0.13,"L2 proportion (nonlinear)"
"fitted.Predictor.042...399",0.13,0.08,-0.03,0.13,0.29,0.13,"L2 proportion (nonlinear)"
"fitted.Predictor.043...400",0.15,0.08,0,0.15,0.3,0.15,"L2 proportion (nonlinear)"
"fitted.Predictor.044...401",0.11,0.09,-0.07,0.11,0.28,0.11,"L2 proportion (nonlinear)"
"fitted.Predictor.045...402",0.09,0.1,-0.1,0.09,0.29,0.09,"L2 proportion (nonlinear)"
"fitted.Predictor.046...403",0.09,0.1,-0.1,0.09,0.29,0.09,"L2 proportion (nonlinear)"
"fitted.Predictor.047...404",0.11,0.09,-0.07,0.11,0.28,0.11,"L2 proportion (nonlinear)"
"fitted.Predictor.048...405",0.09,0.1,-0.1,0.09,0.29,0.09,"L2 proportion (nonlinear)"
"fitted.Predictor.049...406",0.11,0.09,-0.07,0.11,0.28,0.11,"L2 proportion (nonlinear)"
"fitted.Predictor.050...407",0.09,0.1,-0.1,0.09,0.29,0.09,"L2 proportion (nonlinear)"
"fitted.Predictor.051...408",0.12,0.08,-0.05,0.12,0.28,0.12,"L2 proportion (nonlinear)"
"fitted.Predictor.052...409",0.16,0.08,0.01,0.16,0.32,0.16,"L2 proportion (nonlinear)"
"fitted.Predictor.053...410",0.11,0.09,-0.07,0.11,0.28,0.11,"L2 proportion (nonlinear)"
"fitted.Predictor.054...411",0.14,0.08,-0.01,0.14,0.29,0.14,"L2 proportion (nonlinear)"
"fitted.Predictor.055...412",0.13,0.08,-0.03,0.13,0.29,0.13,"L2 proportion (nonlinear)"
"fitted.Predictor.056...413",0.2,0.09,0.01,0.2,0.38,0.2,"L2 proportion (nonlinear)"
"fitted.Predictor.057...414",0.19,0.09,0.02,0.19,0.36,0.19,"L2 proportion (nonlinear)"
"fitted.Predictor.058...415",0.28,0.17,-0.04,0.28,0.61,0.28,"L2 proportion (nonlinear)"
"fitted.Predictor.059...416",0.09,0.1,-0.1,0.09,0.29,0.09,"L2 proportion (nonlinear)"
"fitted.Predictor.060...417",0.09,0.1,-0.1,0.09,0.29,0.09,"L2 proportion (nonlinear)"
"fitted.Predictor.061...418",0.27,0.15,-0.03,0.27,0.57,0.27,"L2 proportion (nonlinear)"
"fitted.Predictor.062...419",0.13,0.08,-0.03,0.13,0.29,0.13,"L2 proportion (nonlinear)"
"fitted.Predictor.063...420",0.11,0.09,-0.07,0.11,0.28,0.11,"L2 proportion (nonlinear)"
"fitted.Predictor.064...421",0.12,0.08,-0.05,0.12,0.28,0.12,"L2 proportion (nonlinear)"
"fitted.Predictor.065...422",0.09,0.1,-0.1,0.09,0.29,0.09,"L2 proportion (nonlinear)"
"fitted.Predictor.066...423",0.14,0.08,-0.01,0.14,0.29,0.14,"L2 proportion (nonlinear)"
"fitted.Predictor.067...424",0.12,0.08,-0.05,0.12,0.28,0.12,"L2 proportion (nonlinear)"
"fitted.Predictor.068...425",0.12,0.08,-0.05,0.12,0.28,0.12,"L2 proportion (nonlinear)"
"fitted.Predictor.069...426",0.16,0.08,0.01,0.16,0.32,0.16,"L2 proportion (nonlinear)"
"fitted.Predictor.070...427",0.11,0.09,-0.07,0.11,0.28,0.11,"L2 proportion (nonlinear)"
"fitted.Predictor.071...428",0.26,0.14,-0.02,0.26,0.54,0.26,"L2 proportion (nonlinear)"
"fitted.Predictor.072...429",0.38,0.27,-0.15,0.38,0.9,0.38,"L2 proportion (nonlinear)"
"fitted.Predictor.073...430",0.35,0.24,-0.12,0.35,0.82,0.35,"L2 proportion (nonlinear)"
"fitted.Predictor.074...431",0.15,0.08,0,0.15,0.3,0.15,"L2 proportion (nonlinear)"
"fitted.Predictor.075...432",0.36,0.24,-0.12,0.36,0.83,0.36,"L2 proportion (nonlinear)"
"fitted.Predictor.076...433",0.2,0.09,0.01,0.2,0.38,0.2,"L2 proportion (nonlinear)"
"fitted.Predictor.077...434",0.14,0.08,-0.01,0.14,0.29,0.14,"L2 proportion (nonlinear)"
"fitted.Predictor.078...435",0.15,0.08,0,0.15,0.3,0.15,"L2 proportion (nonlinear)"
"fitted.Predictor.079...436",0.12,0.08,-0.05,0.12,0.28,0.12,"L2 proportion (nonlinear)"
"fitted.Predictor.080...437",0.11,0.09,-0.07,0.11,0.28,0.11,"L2 proportion (nonlinear)"
"fitted.Predictor.081...438",0.09,0.1,-0.1,0.09,0.29,0.09,"L2 proportion (nonlinear)"
"fitted.Predictor.082...439",0.18,0.08,0.01,0.18,0.34,0.18,"L2 proportion (nonlinear)"
"fitted.Predictor.083...440",0.09,0.1,-0.1,0.09,0.29,0.09,"L2 proportion (nonlinear)"
"fitted.Predictor.084...441",0.11,0.09,-0.07,0.11,0.28,0.11,"L2 proportion (nonlinear)"
"fitted.Predictor.085...442",0.12,0.08,-0.05,0.12,0.28,0.12,"L2 proportion (nonlinear)"
"fitted.Predictor.086...443",0.11,0.09,-0.07,0.11,0.28,0.11,"L2 proportion (nonlinear)"
"fitted.Predictor.087...444",0.11,0.09,-0.07,0.11,0.28,0.11,"L2 proportion (nonlinear)"
"fitted.Predictor.088...445",0.11,0.09,-0.07,0.11,0.28,0.11,"L2 proportion (nonlinear)"
"fitted.Predictor.089...446",0.28,0.17,-0.04,0.28,0.61,0.28,"L2 proportion (nonlinear)"
"fitted.Predictor.090...447",0.21,0.1,0.01,0.21,0.4,0.21,"L2 proportion (nonlinear)"
"fitted.Predictor.091...448",0.11,0.09,-0.07,0.11,0.28,0.11,"L2 proportion (nonlinear)"
"fitted.Predictor.092...449",0.24,0.12,0,0.24,0.47,0.24,"L2 proportion (nonlinear)"
"fitted.Predictor.093...450",0.27,0.15,-0.03,0.27,0.57,0.27,"L2 proportion (nonlinear)"
"fitted.Predictor.094...451",0.11,0.09,-0.07,0.11,0.28,0.11,"L2 proportion (nonlinear)"
"fitted.Predictor.095...452",0.32,0.2,-0.08,0.32,0.71,0.32,"L2 proportion (nonlinear)"
"fitted.Predictor.096...453",0.13,0.08,-0.03,0.13,0.29,0.13,"L2 proportion (nonlinear)"
"fitted.Predictor.097...454",0.12,0.08,-0.05,0.12,0.28,0.12,"L2 proportion (nonlinear)"
"fitted.Predictor.098...455",0.24,0.12,0,0.24,0.47,0.24,"L2 proportion (nonlinear)"
"fitted.Predictor.099...456",0.13,0.08,-0.03,0.13,0.29,0.13,"L2 proportion (nonlinear)"
"fitted.Predictor.100...457",0.28,0.17,-0.04,0.28,0.61,0.28,"L2 proportion (nonlinear)"
"fitted.Predictor.101...458",0.26,0.14,-0.02,0.26,0.54,0.26,"L2 proportion (nonlinear)"
"fitted.Predictor.102...459",0.27,0.15,-0.03,0.27,0.57,0.27,"L2 proportion (nonlinear)"
"fitted.Predictor.103...460",0.15,0.08,0,0.15,0.3,0.15,"L2 proportion (nonlinear)"
"fitted.Predictor.104...461",0.12,0.08,-0.05,0.12,0.28,0.12,"L2 proportion (nonlinear)"
"fitted.Predictor.105...462",0.13,0.08,-0.03,0.13,0.29,0.13,"L2 proportion (nonlinear)"
"fitted.Predictor.106...463",0.13,0.08,-0.03,0.13,0.29,0.13,"L2 proportion (nonlinear)"
"fitted.Predictor.107...464",0.33,0.21,-0.09,0.33,0.75,0.33,"L2 proportion (nonlinear)"
"fitted.Predictor.108...465",0.09,0.1,-0.1,0.09,0.29,0.09,"L2 proportion (nonlinear)"
"fitted.Predictor.109...466",0.09,0.1,-0.1,0.09,0.29,0.09,"L2 proportion (nonlinear)"
"fitted.Predictor.110...467",0.11,0.09,-0.07,0.11,0.28,0.11,"L2 proportion (nonlinear)"
"fitted.Predictor.111...468",0.09,0.1,-0.1,0.09,0.29,0.09,"L2 proportion (nonlinear)"
"fitted.Predictor.112...469",0.11,0.09,-0.07,0.11,0.28,0.11,"L2 proportion (nonlinear)"
"fitted.Predictor.113...470",0.09,0.1,-0.1,0.09,0.29,0.09,"L2 proportion (nonlinear)"
"fitted.Predictor.114...471",0.14,0.08,-0.01,0.14,0.29,0.14,"L2 proportion (nonlinear)"
"fitted.Predictor.115...472",0.09,0.1,-0.1,0.09,0.29,0.09,"L2 proportion (nonlinear)"
"fitted.Predictor.116...473",0.11,0.09,-0.07,0.11,0.28,0.11,"L2 proportion (nonlinear)"
"fitted.Predictor.117...474",0.11,0.09,-0.07,0.11,0.28,0.11,"L2 proportion (nonlinear)"
"fitted.Predictor.118...475",0.09,0.1,-0.1,0.09,0.29,0.09,"L2 proportion (nonlinear)"
"fitted.Predictor.119...476",0.11,0.09,-0.07,0.11,0.28,0.11,"L2 proportion (nonlinear)"
"fitted.Predictor.001...477",0.12,0.09,-0.05,0.12,0.29,0.12,"L1 speakers (nonlinear)+L2 proportion (nonlinear)"
"fitted.Predictor.002...478",0.38,0.25,-0.11,0.38,0.86,0.38,"L1 speakers (nonlinear)+L2 proportion (nonlinear)"
"fitted.Predictor.003...479",0.3,0.17,-0.03,0.3,0.62,0.3,"L1 speakers (nonlinear)+L2 proportion (nonlinear)"
"fitted.Predictor.004...480",0.13,0.08,-0.03,0.13,0.29,0.13,"L1 speakers (nonlinear)+L2 proportion (nonlinear)"
"fitted.Predictor.005...481",0.29,0.17,-0.05,0.29,0.63,0.29,"L1 speakers (nonlinear)+L2 proportion (nonlinear)"
"fitted.Predictor.006...482",0.23,0.12,-0.01,0.23,0.47,0.23,"L1 speakers (nonlinear)+L2 proportion (nonlinear)"
"fitted.Predictor.007...483",0.26,0.15,-0.02,0.26,0.55,0.26,"L1 speakers (nonlinear)+L2 proportion (nonlinear)"
"fitted.Predictor.008...484",0.14,0.1,-0.06,0.14,0.35,0.14,"L1 speakers (nonlinear)+L2 proportion (nonlinear)"
"fitted.Predictor.009...485",0.15,0.15,-0.15,0.15,0.45,0.15,"L1 speakers (nonlinear)+L2 proportion (nonlinear)"
"fitted.Predictor.010...486",0.22,0.13,-0.03,0.22,0.47,0.22,"L1 speakers (nonlinear)+L2 proportion (nonlinear)"
"fitted.Predictor.011...487",0.08,0.12,-0.14,0.08,0.31,0.08,"L1 speakers (nonlinear)+L2 proportion (nonlinear)"
"fitted.Predictor.012...488",0.12,0.1,-0.07,0.12,0.32,0.12,"L1 speakers (nonlinear)+L2 proportion (nonlinear)"
"fitted.Predictor.013...489",0.17,0.09,-0.01,0.17,0.36,0.17,"L1 speakers (nonlinear)+L2 proportion (nonlinear)"
"fitted.Predictor.014...490",0.11,0.14,-0.17,0.11,0.39,0.11,"L1 speakers (nonlinear)+L2 proportion (nonlinear)"
"fitted.Predictor.015...491",0.15,0.08,0,0.15,0.3,0.15,"L1 speakers (nonlinear)+L2 proportion (nonlinear)"
"fitted.Predictor.016...492",0.15,0.15,-0.15,0.15,0.45,0.15,"L1 speakers (nonlinear)+L2 proportion (nonlinear)"
"fitted.Predictor.017...493",0.19,0.11,-0.03,0.19,0.4,0.19,"L1 speakers (nonlinear)+L2 proportion (nonlinear)"
"fitted.Predictor.018...494",0.12,0.1,-0.07,0.12,0.32,0.12,"L1 speakers (nonlinear)+L2 proportion (nonlinear)"
"fitted.Predictor.019...495",0.18,0.09,-0.01,0.18,0.36,0.18,"L1 speakers (nonlinear)+L2 proportion (nonlinear)"
"fitted.Predictor.020...496",0.13,0.13,-0.13,0.13,0.39,0.13,"L1 speakers (nonlinear)+L2 proportion (nonlinear)"
"fitted.Predictor.021...497",0.1,0.1,-0.09,0.1,0.3,0.1,"L1 speakers (nonlinear)+L2 proportion (nonlinear)"
"fitted.Predictor.022...498",0.12,0.1,-0.07,0.12,0.32,0.12,"L1 speakers (nonlinear)+L2 proportion (nonlinear)"
"fitted.Predictor.023...499",0.13,0.1,-0.07,0.13,0.33,0.13,"L1 speakers (nonlinear)+L2 proportion (nonlinear)"
"fitted.Predictor.024...500",0.22,0.13,-0.03,0.22,0.46,0.22,"L1 speakers (nonlinear)+L2 proportion (nonlinear)"
"fitted.Predictor.025...501",0.13,0.1,-0.07,0.13,0.33,0.13,"L1 speakers (nonlinear)+L2 proportion (nonlinear)"
"fitted.Predictor.026...502",0.14,0.08,-0.01,0.14,0.29,0.14,"L1 speakers (nonlinear)+L2 proportion (nonlinear)"
"fitted.Predictor.027...503",0.11,0.09,-0.07,0.11,0.29,0.11,"L1 speakers (nonlinear)+L2 proportion (nonlinear)"
"fitted.Predictor.028...504",0.13,0.11,-0.08,0.13,0.35,0.13,"L1 speakers (nonlinear)+L2 proportion (nonlinear)"
"fitted.Predictor.029...505",0.12,0.1,-0.07,0.12,0.32,0.12,"L1 speakers (nonlinear)+L2 proportion (nonlinear)"
"fitted.Predictor.030...506",0.23,0.17,-0.1,0.23,0.56,0.23,"L1 speakers (nonlinear)+L2 proportion (nonlinear)"
"fitted.Predictor.031...507",0.11,0.11,-0.1,0.11,0.32,0.11,"L1 speakers (nonlinear)+L2 proportion (nonlinear)"
"fitted.Predictor.032...508",0.08,0.11,-0.13,0.08,0.29,0.08,"L1 speakers (nonlinear)+L2 proportion (nonlinear)"
"fitted.Predictor.033...509",0.21,0.12,-0.01,0.21,0.44,0.21,"L1 speakers (nonlinear)+L2 proportion (nonlinear)"
"fitted.Predictor.034...510",0.1,0.1,-0.09,0.1,0.3,0.1,"L1 speakers (nonlinear)+L2 proportion (nonlinear)"
"fitted.Predictor.035...511",0.12,0.12,-0.11,0.12,0.35,0.12,"L1 speakers (nonlinear)+L2 proportion (nonlinear)"
"fitted.Predictor.036...512",0.13,0.1,-0.07,0.13,0.33,0.13,"L1 speakers (nonlinear)+L2 proportion (nonlinear)"
"fitted.Predictor.037...513",0.16,0.11,-0.06,0.16,0.38,0.16,"L1 speakers (nonlinear)+L2 proportion (nonlinear)"
"fitted.Predictor.038...514",0.15,0.1,-0.05,0.15,0.36,0.15,"L1 speakers (nonlinear)+L2 proportion (nonlinear)"
"fitted.Predictor.039...515",0.1,0.09,-0.08,0.1,0.28,0.1,"L1 speakers (nonlinear)+L2 proportion (nonlinear)"
"fitted.Predictor.040...516",0.11,0.09,-0.06,0.11,0.28,0.11,"L1 speakers (nonlinear)+L2 proportion (nonlinear)"
"fitted.Predictor.041...517",0.18,0.14,-0.1,0.18,0.46,0.18,"L1 speakers (nonlinear)+L2 proportion (nonlinear)"
"fitted.Predictor.042...518",0.13,0.08,-0.03,0.13,0.29,0.13,"L1 speakers (nonlinear)+L2 proportion (nonlinear)"
"fitted.Predictor.043...519",0.18,0.09,-0.01,0.18,0.36,0.18,"L1 speakers (nonlinear)+L2 proportion (nonlinear)"
"fitted.Predictor.044...520",0.12,0.1,-0.07,0.12,0.32,0.12,"L1 speakers (nonlinear)+L2 proportion (nonlinear)"
"fitted.Predictor.045...521",0.13,0.12,-0.12,0.13,0.37,0.13,"L1 speakers (nonlinear)+L2 proportion (nonlinear)"
"fitted.Predictor.046...522",0.07,0.12,-0.16,0.07,0.3,0.07,"L1 speakers (nonlinear)+L2 proportion (nonlinear)"
"fitted.Predictor.047...523",0.06,0.14,-0.21,0.06,0.33,0.06,"L1 speakers (nonlinear)+L2 proportion (nonlinear)"
"fitted.Predictor.048...524",0.1,0.1,-0.09,0.1,0.3,0.1,"L1 speakers (nonlinear)+L2 proportion (nonlinear)"
"fitted.Predictor.049...525",0.17,0.16,-0.15,0.17,0.49,0.17,"L1 speakers (nonlinear)+L2 proportion (nonlinear)"
"fitted.Predictor.050...526",0.04,0.16,-0.27,0.04,0.35,0.04,"L1 speakers (nonlinear)+L2 proportion (nonlinear)"
"fitted.Predictor.051...527",0.06,0.16,-0.26,0.06,0.38,0.06,"L1 speakers (nonlinear)+L2 proportion (nonlinear)"
"fitted.Predictor.052...528",0.1,0.16,-0.2,0.1,0.41,0.1,"L1 speakers (nonlinear)+L2 proportion (nonlinear)"
"fitted.Predictor.053...529",0.05,0.17,-0.28,0.05,0.37,0.05,"L1 speakers (nonlinear)+L2 proportion (nonlinear)"
"fitted.Predictor.054...530",0.12,0.09,-0.06,0.12,0.3,0.12,"L1 speakers (nonlinear)+L2 proportion (nonlinear)"
"fitted.Predictor.055...531",0.09,0.11,-0.13,0.09,0.31,0.09,"L1 speakers (nonlinear)+L2 proportion (nonlinear)"
"fitted.Predictor.056...532",0.26,0.18,-0.08,0.26,0.61,0.26,"L1 speakers (nonlinear)+L2 proportion (nonlinear)"
"fitted.Predictor.057...533",0.2,0.09,0.02,0.2,0.38,0.2,"L1 speakers (nonlinear)+L2 proportion (nonlinear)"
"fitted.Predictor.058...534",0.33,0.2,-0.07,0.33,0.73,0.33,"L1 speakers (nonlinear)+L2 proportion (nonlinear)"
"fitted.Predictor.059...535",0.18,0.22,-0.25,0.18,0.6,0.18,"L1 speakers (nonlinear)+L2 proportion (nonlinear)"
"fitted.Predictor.060...536",0.19,0.23,-0.27,0.19,0.65,0.19,"L1 speakers (nonlinear)+L2 proportion (nonlinear)"
"fitted.Predictor.061...537",0.33,0.2,-0.07,0.33,0.72,0.33,"L1 speakers (nonlinear)+L2 proportion (nonlinear)"
"fitted.Predictor.062...538",0.07,0.15,-0.21,0.07,0.36,0.07,"L1 speakers (nonlinear)+L2 proportion (nonlinear)"
"fitted.Predictor.063...539",0.07,0.12,-0.16,0.07,0.31,0.07,"L1 speakers (nonlinear)+L2 proportion (nonlinear)"
"fitted.Predictor.064...540",0.1,0.1,-0.1,0.1,0.29,0.1,"L1 speakers (nonlinear)+L2 proportion (nonlinear)"
"fitted.Predictor.065...541",0.12,0.11,-0.1,0.12,0.33,0.12,"L1 speakers (nonlinear)+L2 proportion (nonlinear)"
"fitted.Predictor.066...542",0.08,0.16,-0.23,0.08,0.39,0.08,"L1 speakers (nonlinear)+L2 proportion (nonlinear)"
"fitted.Predictor.067...543",0.06,0.15,-0.23,0.06,0.35,0.06,"L1 speakers (nonlinear)+L2 proportion (nonlinear)"
"fitted.Predictor.068...544",0.1,0.09,-0.08,0.1,0.28,0.1,"L1 speakers (nonlinear)+L2 proportion (nonlinear)"
"fitted.Predictor.069...545",0.1,0.16,-0.2,0.1,0.41,0.1,"L1 speakers (nonlinear)+L2 proportion (nonlinear)"
"fitted.Predictor.070...546",0.16,0.15,-0.13,0.16,0.45,0.16,"L1 speakers (nonlinear)+L2 proportion (nonlinear)"
"fitted.Predictor.071...547",0.23,0.16,-0.09,0.23,0.54,0.23,"L1 speakers (nonlinear)+L2 proportion (nonlinear)"
"fitted.Predictor.072...548",0.4,0.27,-0.14,0.4,0.94,0.4,"L1 speakers (nonlinear)+L2 proportion (nonlinear)"
"fitted.Predictor.073...549",0.35,0.24,-0.11,0.35,0.82,0.35,"L1 speakers (nonlinear)+L2 proportion (nonlinear)"
"fitted.Predictor.074...550",0.12,0.11,-0.09,0.12,0.33,0.12,"L1 speakers (nonlinear)+L2 proportion (nonlinear)"
"fitted.Predictor.075...551",0.35,0.24,-0.13,0.35,0.83,0.35,"L1 speakers (nonlinear)+L2 proportion (nonlinear)"
"fitted.Predictor.076...552",0.17,0.11,-0.04,0.17,0.39,0.17,"L1 speakers (nonlinear)+L2 proportion (nonlinear)"
"fitted.Predictor.077...553",0.09,0.14,-0.19,0.09,0.37,0.09,"L1 speakers (nonlinear)+L2 proportion (nonlinear)"
"fitted.Predictor.078...554",0.11,0.12,-0.11,0.11,0.34,0.11,"L1 speakers (nonlinear)+L2 proportion (nonlinear)"
"fitted.Predictor.079...555",0.09,0.11,-0.12,0.09,0.3,0.09,"L1 speakers (nonlinear)+L2 proportion (nonlinear)"
"fitted.Predictor.080...556",0.09,0.1,-0.12,0.09,0.29,0.09,"L1 speakers (nonlinear)+L2 proportion (nonlinear)"
"fitted.Predictor.081...557",0.07,0.12,-0.16,0.07,0.3,0.07,"L1 speakers (nonlinear)+L2 proportion (nonlinear)"
"fitted.Predictor.082...558",0.21,0.11,0,0.21,0.42,0.21,"L1 speakers (nonlinear)+L2 proportion (nonlinear)"
"fitted.Predictor.083...559",0.1,0.1,-0.09,0.1,0.3,0.1,"L1 speakers (nonlinear)+L2 proportion (nonlinear)"
"fitted.Predictor.084...560",0.13,0.1,-0.07,0.13,0.33,0.13,"L1 speakers (nonlinear)+L2 proportion (nonlinear)"
"fitted.Predictor.085...561",0.11,0.09,-0.06,0.11,0.28,0.11,"L1 speakers (nonlinear)+L2 proportion (nonlinear)"
"fitted.Predictor.086...562",0.08,0.11,-0.14,0.08,0.3,0.08,"L1 speakers (nonlinear)+L2 proportion (nonlinear)"
"fitted.Predictor.087...563",0.12,0.09,-0.07,0.12,0.3,0.12,"L1 speakers (nonlinear)+L2 proportion (nonlinear)"
"fitted.Predictor.088...564",0.11,0.09,-0.07,0.11,0.28,0.11,"L1 speakers (nonlinear)+L2 proportion (nonlinear)"
"fitted.Predictor.089...565",0.33,0.19,-0.05,0.33,0.71,0.33,"L1 speakers (nonlinear)+L2 proportion (nonlinear)"
"fitted.Predictor.090...566",0.17,0.12,-0.07,0.17,0.42,0.17,"L1 speakers (nonlinear)+L2 proportion (nonlinear)"
"fitted.Predictor.091...567",0.12,0.09,-0.07,0.12,0.3,0.12,"L1 speakers (nonlinear)+L2 proportion (nonlinear)"
"fitted.Predictor.092...568",0.22,0.13,-0.03,0.22,0.47,0.22,"L1 speakers (nonlinear)+L2 proportion (nonlinear)"
"fitted.Predictor.093...569",0.25,0.16,-0.07,0.25,0.57,0.25,"L1 speakers (nonlinear)+L2 proportion (nonlinear)"
"fitted.Predictor.094...570",0.09,0.1,-0.1,0.09,0.28,0.09,"L1 speakers (nonlinear)+L2 proportion (nonlinear)"
"fitted.Predictor.095...571",0.27,0.22,-0.16,0.27,0.71,0.27,"L1 speakers (nonlinear)+L2 proportion (nonlinear)"
"fitted.Predictor.096...572",0.13,0.08,-0.03,0.13,0.29,0.13,"L1 speakers (nonlinear)+L2 proportion (nonlinear)"
"fitted.Predictor.097...573",0.08,0.12,-0.14,0.08,0.31,0.08,"L1 speakers (nonlinear)+L2 proportion (nonlinear)"
"fitted.Predictor.098...574",0.2,0.14,-0.07,0.2,0.48,0.2,"L1 speakers (nonlinear)+L2 proportion (nonlinear)"
"fitted.Predictor.099...575",0.1,0.1,-0.1,0.1,0.3,0.1,"L1 speakers (nonlinear)+L2 proportion (nonlinear)"
"fitted.Predictor.100...576",0.25,0.18,-0.1,0.25,0.61,0.25,"L1 speakers (nonlinear)+L2 proportion (nonlinear)"
"fitted.Predictor.101...577",0.23,0.16,-0.09,0.23,0.54,0.23,"L1 speakers (nonlinear)+L2 proportion (nonlinear)"
"fitted.Predictor.102...578",0.25,0.16,-0.07,0.25,0.57,0.25,"L1 speakers (nonlinear)+L2 proportion (nonlinear)"
"fitted.Predictor.103...579",0.11,0.12,-0.11,0.11,0.34,0.11,"L1 speakers (nonlinear)+L2 proportion (nonlinear)"
"fitted.Predictor.104...580",0.09,0.11,-0.12,0.09,0.3,0.09,"L1 speakers (nonlinear)+L2 proportion (nonlinear)"
"fitted.Predictor.105...581",0.09,0.11,-0.13,0.09,0.31,0.09,"L1 speakers (nonlinear)+L2 proportion (nonlinear)"
"fitted.Predictor.106...582",0.11,0.09,-0.08,0.11,0.29,0.11,"L1 speakers (nonlinear)+L2 proportion (nonlinear)"
"fitted.Predictor.107...583",0.31,0.22,-0.13,0.31,0.74,0.31,"L1 speakers (nonlinear)+L2 proportion (nonlinear)"
"fitted.Predictor.108...584",0.09,0.1,-0.1,0.09,0.29,0.09,"L1 speakers (nonlinear)+L2 proportion (nonlinear)"
"fitted.Predictor.109...585",0.12,0.12,-0.11,0.12,0.35,0.12,"L1 speakers (nonlinear)+L2 proportion (nonlinear)"
"fitted.Predictor.110...586",0.11,0.09,-0.07,0.11,0.28,0.11,"L1 speakers (nonlinear)+L2 proportion (nonlinear)"
"fitted.Predictor.111...587",0.09,0.1,-0.1,0.09,0.29,0.09,"L1 speakers (nonlinear)+L2 proportion (nonlinear)"
"fitted.Predictor.112...588",0.12,0.09,-0.07,0.12,0.3,0.12,"L1 speakers (nonlinear)+L2 proportion (nonlinear)"
"fitted.Predictor.113...589",0.07,0.11,-0.14,0.07,0.29,0.07,"L1 speakers (nonlinear)+L2 proportion (nonlinear)"
"fitted.Predictor.114...590",0.16,0.09,-0.01,0.16,0.33,0.16,"L1 speakers (nonlinear)+L2 proportion (nonlinear)"
"fitted.Predictor.115...591",0.07,0.12,-0.16,0.07,0.3,0.07,"L1 speakers (nonlinear)+L2 proportion (nonlinear)"
"fitted.Predictor.116...592",0.11,0.09,-0.07,0.11,0.29,0.11,"L1 speakers (nonlinear)+L2 proportion (nonlinear)"
"fitted.Predictor.117...593",0.13,0.1,-0.07,0.13,0.33,0.13,"L1 speakers (nonlinear)+L2 proportion (nonlinear)"
"fitted.Predictor.118...594",0.09,0.1,-0.1,0.09,0.29,0.09,"L1 speakers (nonlinear)+L2 proportion (nonlinear)"
"fitted.Predictor.119...595",0.07,0.13,-0.18,0.07,0.32,0.07,"L1 speakers (nonlinear)+L2 proportion (nonlinear)"
"fitted.Predictor.001...596",0.12,0.09,-0.05,0.12,0.29,0.12,"L1 speakers (linear)+L2 proportion (linear)"
"fitted.Predictor.002...597",0.4,0.25,-0.1,0.4,0.89,0.4,"L1 speakers (linear)+L2 proportion (linear)"
"fitted.Predictor.003...598",0.3,0.17,-0.02,0.3,0.63,0.3,"L1 speakers (linear)+L2 proportion (linear)"
"fitted.Predictor.004...599",0.13,0.08,-0.03,0.13,0.29,0.13,"L1 speakers (linear)+L2 proportion (linear)"
"fitted.Predictor.005...600",0.29,0.18,-0.06,0.29,0.64,0.29,"L1 speakers (linear)+L2 proportion (linear)"
"fitted.Predictor.006...601",0.24,0.12,0,0.24,0.48,0.24,"L1 speakers (linear)+L2 proportion (linear)"
"fitted.Predictor.007...602",0.26,0.14,-0.02,0.26,0.54,0.26,"L1 speakers (linear)+L2 proportion (linear)"
"fitted.Predictor.008...603",0.14,0.1,-0.06,0.14,0.34,0.14,"L1 speakers (linear)+L2 proportion (linear)"
"fitted.Predictor.009...604",0.14,0.15,-0.16,0.14,0.43,0.14,"L1 speakers (linear)+L2 proportion (linear)"
"fitted.Predictor.010...605",0.23,0.12,-0.01,0.23,0.47,0.23,"L1 speakers (linear)+L2 proportion (linear)"
"fitted.Predictor.011...606",0.09,0.11,-0.12,0.09,0.31,0.09,"L1 speakers (linear)+L2 proportion (linear)"
"fitted.Predictor.012...607",0.11,0.1,-0.08,0.11,0.31,0.11,"L1 speakers (linear)+L2 proportion (linear)"
"fitted.Predictor.013...608",0.19,0.09,0,0.19,0.37,0.19,"L1 speakers (linear)+L2 proportion (linear)"
"fitted.Predictor.014...609",0.12,0.14,-0.16,0.12,0.39,0.12,"L1 speakers (linear)+L2 proportion (linear)"
"fitted.Predictor.015...610",0.16,0.08,0.01,0.16,0.31,0.16,"L1 speakers (linear)+L2 proportion (linear)"
"fitted.Predictor.016...611",0.13,0.15,-0.16,0.13,0.43,0.13,"L1 speakers (linear)+L2 proportion (linear)"
"fitted.Predictor.017...612",0.18,0.11,-0.03,0.18,0.4,0.18,"L1 speakers (linear)+L2 proportion (linear)"
"fitted.Predictor.018...613",0.12,0.1,-0.07,0.12,0.31,0.12,"L1 speakers (linear)+L2 proportion (linear)"
"fitted.Predictor.019...614",0.18,0.09,-0.01,0.18,0.36,0.18,"L1 speakers (linear)+L2 proportion (linear)"
"fitted.Predictor.020...615",0.13,0.13,-0.14,0.13,0.39,0.13,"L1 speakers (linear)+L2 proportion (linear)"
"fitted.Predictor.021...616",0.11,0.1,-0.09,0.11,0.3,0.11,"L1 speakers (linear)+L2 proportion (linear)"
"fitted.Predictor.022...617",0.12,0.1,-0.07,0.12,0.31,0.12,"L1 speakers (linear)+L2 proportion (linear)"
"fitted.Predictor.023...618",0.12,0.1,-0.08,0.12,0.32,0.12,"L1 speakers (linear)+L2 proportion (linear)"
"fitted.Predictor.024...619",0.21,0.12,-0.03,0.21,0.44,0.21,"L1 speakers (linear)+L2 proportion (linear)"
"fitted.Predictor.025...620",0.12,0.1,-0.07,0.12,0.32,0.12,"L1 speakers (linear)+L2 proportion (linear)"
"fitted.Predictor.026...621",0.14,0.08,-0.01,0.14,0.29,0.14,"L1 speakers (linear)+L2 proportion (linear)"
"fitted.Predictor.027...622",0.11,0.09,-0.06,0.11,0.29,0.11,"L1 speakers (linear)+L2 proportion (linear)"
"fitted.Predictor.028...623",0.12,0.11,-0.1,0.12,0.34,0.12,"L1 speakers (linear)+L2 proportion (linear)"
"fitted.Predictor.029...624",0.11,0.1,-0.09,0.11,0.3,0.11,"L1 speakers (linear)+L2 proportion (linear)"
"fitted.Predictor.030...625",0.22,0.17,-0.11,0.22,0.55,0.22,"L1 speakers (linear)+L2 proportion (linear)"
"fitted.Predictor.031...626",0.1,0.1,-0.1,0.1,0.31,0.1,"L1 speakers (linear)+L2 proportion (linear)"
"fitted.Predictor.032...627",0.08,0.1,-0.12,0.08,0.28,0.08,"L1 speakers (linear)+L2 proportion (linear)"
"fitted.Predictor.033...628",0.21,0.12,-0.02,0.21,0.44,0.21,"L1 speakers (linear)+L2 proportion (linear)"
"fitted.Predictor.034...629",0.1,0.1,-0.1,0.1,0.29,0.1,"L1 speakers (linear)+L2 proportion (linear)"
"fitted.Predictor.035...630",0.12,0.11,-0.11,0.12,0.34,0.12,"L1 speakers (linear)+L2 proportion (linear)"
"fitted.Predictor.036...631",0.12,0.11,-0.09,0.12,0.33,0.12,"L1 speakers (linear)+L2 proportion (linear)"
"fitted.Predictor.037...632",0.15,0.11,-0.06,0.15,0.37,0.15,"L1 speakers (linear)+L2 proportion (linear)"
"fitted.Predictor.038...633",0.15,0.11,-0.06,0.15,0.36,0.15,"L1 speakers (linear)+L2 proportion (linear)"
"fitted.Predictor.039...634",0.1,0.09,-0.08,0.1,0.28,0.1,"L1 speakers (linear)+L2 proportion (linear)"
"fitted.Predictor.040...635",0.11,0.09,-0.07,0.11,0.28,0.11,"L1 speakers (linear)+L2 proportion (linear)"
"fitted.Predictor.041...636",0.17,0.15,-0.12,0.17,0.46,0.17,"L1 speakers (linear)+L2 proportion (linear)"
"fitted.Predictor.042...637",0.14,0.08,-0.02,0.14,0.29,0.14,"L1 speakers (linear)+L2 proportion (linear)"
"fitted.Predictor.043...638",0.18,0.09,0,0.18,0.35,0.18,"L1 speakers (linear)+L2 proportion (linear)"
"fitted.Predictor.044...639",0.12,0.1,-0.08,0.12,0.31,0.12,"L1 speakers (linear)+L2 proportion (linear)"
"fitted.Predictor.045...640",0.12,0.12,-0.13,0.12,0.36,0.12,"L1 speakers (linear)+L2 proportion (linear)"
"fitted.Predictor.046...641",0.07,0.11,-0.15,0.07,0.3,0.07,"L1 speakers (linear)+L2 proportion (linear)"
"fitted.Predictor.047...642",0.07,0.14,-0.21,0.07,0.34,0.07,"L1 speakers (linear)+L2 proportion (linear)"
"fitted.Predictor.048...643",0.1,0.1,-0.1,0.1,0.29,0.1,"L1 speakers (linear)+L2 proportion (linear)"
"fitted.Predictor.049...644",0.15,0.16,-0.17,0.15,0.47,0.15,"L1 speakers (linear)+L2 proportion (linear)"
"fitted.Predictor.050...645",0.05,0.16,-0.27,0.05,0.36,0.05,"L1 speakers (linear)+L2 proportion (linear)"
"fitted.Predictor.051...646",0.07,0.16,-0.25,0.07,0.38,0.07,"L1 speakers (linear)+L2 proportion (linear)"
"fitted.Predictor.052...647",0.12,0.15,-0.17,0.12,0.41,0.12,"L1 speakers (linear)+L2 proportion (linear)"
"fitted.Predictor.053...648",0.06,0.17,-0.27,0.06,0.38,0.06,"L1 speakers (linear)+L2 proportion (linear)"
"fitted.Predictor.054...649",0.12,0.09,-0.06,0.12,0.3,0.12,"L1 speakers (linear)+L2 proportion (linear)"
"fitted.Predictor.055...650",0.09,0.11,-0.13,0.09,0.32,0.09,"L1 speakers (linear)+L2 proportion (linear)"
"fitted.Predictor.056...651",0.25,0.17,-0.09,0.25,0.59,0.25,"L1 speakers (linear)+L2 proportion (linear)"
"fitted.Predictor.057...652",0.2,0.09,0.02,0.2,0.37,0.2,"L1 speakers (linear)+L2 proportion (linear)"
"fitted.Predictor.058...653",0.33,0.2,-0.06,0.33,0.72,0.33,"L1 speakers (linear)+L2 proportion (linear)"
"fitted.Predictor.059...654",0.15,0.22,-0.27,0.15,0.58,0.15,"L1 speakers (linear)+L2 proportion (linear)"
"fitted.Predictor.060...655",0.16,0.23,-0.3,0.16,0.62,0.16,"L1 speakers (linear)+L2 proportion (linear)"
"fitted.Predictor.061...656",0.33,0.2,-0.07,0.33,0.72,0.33,"L1 speakers (linear)+L2 proportion (linear)"
"fitted.Predictor.062...657",0.08,0.15,-0.2,0.08,0.37,0.08,"L1 speakers (linear)+L2 proportion (linear)"
"fitted.Predictor.063...658",0.07,0.12,-0.16,0.07,0.31,0.07,"L1 speakers (linear)+L2 proportion (linear)"
"fitted.Predictor.064...659",0.09,0.1,-0.11,0.09,0.29,0.09,"L1 speakers (linear)+L2 proportion (linear)"
"fitted.Predictor.065...660",0.11,0.11,-0.1,0.11,0.32,0.11,"L1 speakers (linear)+L2 proportion (linear)"
"fitted.Predictor.066...661",0.08,0.16,-0.23,0.08,0.4,0.08,"L1 speakers (linear)+L2 proportion (linear)"
"fitted.Predictor.067...662",0.07,0.15,-0.21,0.07,0.36,0.07,"L1 speakers (linear)+L2 proportion (linear)"
"fitted.Predictor.068...663",0.1,0.09,-0.08,0.1,0.28,0.1,"L1 speakers (linear)+L2 proportion (linear)"
"fitted.Predictor.069...664",0.12,0.15,-0.18,0.12,0.41,0.12,"L1 speakers (linear)+L2 proportion (linear)"
"fitted.Predictor.070...665",0.14,0.15,-0.15,0.14,0.43,0.14,"L1 speakers (linear)+L2 proportion (linear)"
"fitted.Predictor.071...666",0.25,0.16,-0.06,0.25,0.55,0.25,"L1 speakers (linear)+L2 proportion (linear)"
"fitted.Predictor.072...667",0.42,0.27,-0.12,0.42,0.95,0.42,"L1 speakers (linear)+L2 proportion (linear)"
"fitted.Predictor.073...668",0.37,0.23,-0.09,0.37,0.83,0.37,"L1 speakers (linear)+L2 proportion (linear)"
"fitted.Predictor.074...669",0.12,0.11,-0.1,0.12,0.34,0.12,"L1 speakers (linear)+L2 proportion (linear)"
"fitted.Predictor.075...670",0.37,0.24,-0.1,0.37,0.85,0.37,"L1 speakers (linear)+L2 proportion (linear)"
"fitted.Predictor.076...671",0.18,0.11,-0.03,0.18,0.39,0.18,"L1 speakers (linear)+L2 proportion (linear)"
"fitted.Predictor.077...672",0.1,0.14,-0.17,0.1,0.37,0.1,"L1 speakers (linear)+L2 proportion (linear)"
"fitted.Predictor.078...673",0.12,0.12,-0.12,0.12,0.35,0.11,"L1 speakers (linear)+L2 proportion (linear)"
"fitted.Predictor.079...674",0.09,0.11,-0.12,0.09,0.3,0.09,"L1 speakers (linear)+L2 proportion (linear)"
"fitted.Predictor.080...675",0.08,0.1,-0.12,0.08,0.29,0.08,"L1 speakers (linear)+L2 proportion (linear)"
"fitted.Predictor.081...676",0.07,0.12,-0.16,0.07,0.29,0.07,"L1 speakers (linear)+L2 proportion (linear)"
"fitted.Predictor.082...677",0.2,0.11,0,0.2,0.41,0.2,"L1 speakers (linear)+L2 proportion (linear)"
"fitted.Predictor.083...678",0.09,0.1,-0.11,0.09,0.29,0.09,"L1 speakers (linear)+L2 proportion (linear)"
"fitted.Predictor.084...679",0.12,0.1,-0.08,0.12,0.31,0.12,"L1 speakers (linear)+L2 proportion (linear)"
"fitted.Predictor.085...680",0.11,0.09,-0.06,0.11,0.28,0.11,"L1 speakers (linear)+L2 proportion (linear)"
"fitted.Predictor.086...681",0.09,0.11,-0.12,0.09,0.29,0.09,"L1 speakers (linear)+L2 proportion (linear)"
"fitted.Predictor.087...682",0.11,0.09,-0.07,0.11,0.29,0.11,"L1 speakers (linear)+L2 proportion (linear)"
"fitted.Predictor.088...683",0.1,0.09,-0.09,0.1,0.28,0.1,"L1 speakers (linear)+L2 proportion (linear)"
"fitted.Predictor.089...684",0.33,0.2,-0.05,0.33,0.72,0.33,"L1 speakers (linear)+L2 proportion (linear)"
"fitted.Predictor.090...685",0.18,0.12,-0.06,0.18,0.43,0.18,"L1 speakers (linear)+L2 proportion (linear)"
"fitted.Predictor.091...686",0.11,0.09,-0.07,0.11,0.29,0.11,"L1 speakers (linear)+L2 proportion (linear)"
"fitted.Predictor.092...687",0.23,0.12,-0.02,0.23,0.47,0.23,"L1 speakers (linear)+L2 proportion (linear)"
"fitted.Predictor.093...688",0.26,0.17,-0.07,0.26,0.59,0.26,"L1 speakers (linear)+L2 proportion (linear)"
"fitted.Predictor.094...689",0.09,0.1,-0.11,0.09,0.28,0.09,"L1 speakers (linear)+L2 proportion (linear)"
"fitted.Predictor.095...690",0.3,0.22,-0.14,0.3,0.73,0.3,"L1 speakers (linear)+L2 proportion (linear)"
"fitted.Predictor.096...691",0.12,0.08,-0.04,0.12,0.28,0.12,"L1 speakers (linear)+L2 proportion (linear)"
"fitted.Predictor.097...692",0.09,0.11,-0.13,0.09,0.32,0.09,"L1 speakers (linear)+L2 proportion (linear)"
"fitted.Predictor.098...693",0.21,0.14,-0.07,0.21,0.49,0.21,"L1 speakers (linear)+L2 proportion (linear)"
"fitted.Predictor.099...694",0.11,0.1,-0.09,0.11,0.31,0.11,"L1 speakers (linear)+L2 proportion (linear)"
"fitted.Predictor.100...695",0.28,0.18,-0.08,0.28,0.63,0.28,"L1 speakers (linear)+L2 proportion (linear)"
"fitted.Predictor.101...696",0.24,0.16,-0.08,0.24,0.56,0.24,"L1 speakers (linear)+L2 proportion (linear)"
"fitted.Predictor.102...697",0.26,0.16,-0.06,0.26,0.57,0.26,"L1 speakers (linear)+L2 proportion (linear)"
"fitted.Predictor.103...698",0.12,0.12,-0.11,0.12,0.34,0.12,"L1 speakers (linear)+L2 proportion (linear)"
"fitted.Predictor.104...699",0.1,0.1,-0.1,0.1,0.3,0.1,"L1 speakers (linear)+L2 proportion (linear)"
"fitted.Predictor.105...700",0.1,0.11,-0.11,0.1,0.31,0.1,"L1 speakers (linear)+L2 proportion (linear)"
"fitted.Predictor.106...701",0.1,0.1,-0.09,0.1,0.3,0.1,"L1 speakers (linear)+L2 proportion (linear)"
"fitted.Predictor.107...702",0.33,0.22,-0.11,0.33,0.76,0.33,"L1 speakers (linear)+L2 proportion (linear)"
"fitted.Predictor.108...703",0.08,0.1,-0.11,0.08,0.28,0.08,"L1 speakers (linear)+L2 proportion (linear)"
"fitted.Predictor.109...704",0.11,0.12,-0.11,0.11,0.34,0.11,"L1 speakers (linear)+L2 proportion (linear)"
"fitted.Predictor.110...705",0.09,0.09,-0.09,0.09,0.28,0.09,"L1 speakers (linear)+L2 proportion (linear)"
"fitted.Predictor.111...706",0.09,0.1,-0.1,0.09,0.28,0.09,"L1 speakers (linear)+L2 proportion (linear)"
"fitted.Predictor.112...707",0.11,0.09,-0.07,0.11,0.3,0.11,"L1 speakers (linear)+L2 proportion (linear)"
"fitted.Predictor.113...708",0.08,0.11,-0.13,0.08,0.29,0.08,"L1 speakers (linear)+L2 proportion (linear)"
"fitted.Predictor.114...709",0.16,0.09,-0.01,0.16,0.33,0.16,"L1 speakers (linear)+L2 proportion (linear)"
"fitted.Predictor.115...710",0.07,0.12,-0.15,0.07,0.3,0.07,"L1 speakers (linear)+L2 proportion (linear)"
"fitted.Predictor.116...711",0.11,0.09,-0.07,0.11,0.28,0.11,"L1 speakers (linear)+L2 proportion (linear)"
"fitted.Predictor.117...712",0.12,0.1,-0.09,0.12,0.32,0.12,"L1 speakers (linear)+L2 proportion (linear)"
"fitted.Predictor.118...713",0.09,0.1,-0.11,0.09,0.28,0.09,"L1 speakers (linear)+L2 proportion (linear)"
"fitted.Predictor.119...714",0.07,0.13,-0.18,0.07,0.32,0.07,"L1 speakers (linear)+L2 proportion (linear)"
"fitted.Predictor.001...715",0.1,0.09,-0.06,0.1,0.27,0.1,"L1_log10:L2 proportion (linear)"
"fitted.Predictor.002...716",0.33,0.17,-0.01,0.33,0.66,0.33,"L1_log10:L2 proportion (linear)"
"fitted.Predictor.003...717",0.25,0.11,0.03,0.25,0.47,0.25,"L1_log10:L2 proportion (linear)"
"fitted.Predictor.004...718",0.13,0.08,-0.03,0.13,0.28,0.13,"L1_log10:L2 proportion (linear)"
"fitted.Predictor.005...719",0.17,0.08,0.02,0.17,0.32,0.17,"L1_log10:L2 proportion (linear)"
"fitted.Predictor.006...720",0.27,0.13,0.02,0.27,0.51,0.27,"L1_log10:L2 proportion (linear)"
"fitted.Predictor.007...721",0.18,0.08,0.02,0.18,0.34,0.18,"L1_log10:L2 proportion (linear)"
"fitted.Predictor.008...722",0.1,0.09,-0.07,0.1,0.27,0.1,"L1_log10:L2 proportion (linear)"
"fitted.Predictor.009...723",0.08,0.1,-0.11,0.08,0.27,0.08,"L1_log10:L2 proportion (linear)"
"fitted.Predictor.010...724",0.27,0.13,0.02,0.27,0.52,0.27,"L1_log10:L2 proportion (linear)"
"fitted.Predictor.011...725",0.13,0.08,-0.03,0.13,0.28,0.13,"L1_log10:L2 proportion (linear)"
"fitted.Predictor.012...726",0.09,0.09,-0.09,0.09,0.27,0.09,"L1_log10:L2 proportion (linear)"
"fitted.Predictor.013...727",0.21,0.09,0.03,0.21,0.39,0.21,"L1_log10:L2 proportion (linear)"
"fitted.Predictor.014...728",0.2,0.09,0.03,0.2,0.37,0.2,"L1_log10:L2 proportion (linear)"
"fitted.Predictor.015...729",0.16,0.08,0.01,0.16,0.31,0.16,"L1_log10:L2 proportion (linear)"
"fitted.Predictor.016...730",0.08,0.1,-0.11,0.08,0.27,0.08,"L1_log10:L2 proportion (linear)"
"fitted.Predictor.017...731",0.13,0.08,-0.03,0.13,0.28,0.13,"L1_log10:L2 proportion (linear)"
"fitted.Predictor.018...732",0.1,0.09,-0.08,0.1,0.27,0.1,"L1_log10:L2 proportion (linear)"
"fitted.Predictor.019...733",0.14,0.08,-0.01,0.14,0.29,0.14,"L1_log10:L2 proportion (linear)"
"fitted.Predictor.020...734",0.08,0.1,-0.11,0.08,0.27,0.08,"L1_log10:L2 proportion (linear)"
"fitted.Predictor.021...735",0.09,0.09,-0.1,0.09,0.27,0.09,"L1_log10:L2 proportion (linear)"
"fitted.Predictor.022...736",0.1,0.09,-0.08,0.1,0.27,0.1,"L1_log10:L2 proportion (linear)"
"fitted.Predictor.023...737",0.09,0.09,-0.09,0.09,0.27,0.09,"L1_log10:L2 proportion (linear)"
"fitted.Predictor.024...738",0.14,0.08,-0.01,0.14,0.29,0.14,"L1_log10:L2 proportion (linear)"
"fitted.Predictor.025...739",0.1,0.09,-0.08,0.1,0.27,0.1,"L1_log10:L2 proportion (linear)"
"fitted.Predictor.026...740",0.14,0.08,-0.01,0.14,0.29,0.14,"L1_log10:L2 proportion (linear)"
"fitted.Predictor.027...741",0.1,0.09,-0.07,0.1,0.27,0.1,"L1_log10:L2 proportion (linear)"
"fitted.Predictor.028...742",0.09,0.09,-0.1,0.09,0.27,0.09,"L1_log10:L2 proportion (linear)"
"fitted.Predictor.029...743",0.09,0.09,-0.09,0.09,0.27,0.09,"L1_log10:L2 proportion (linear)"
"fitted.Predictor.030...744",0.11,0.08,-0.05,0.11,0.28,0.11,"L1_log10:L2 proportion (linear)"
"fitted.Predictor.031...745",0.08,0.1,-0.11,0.08,0.27,0.08,"L1_log10:L2 proportion (linear)"
"fitted.Predictor.032...746",0.09,0.09,-0.09,0.09,0.27,0.09,"L1_log10:L2 proportion (linear)"
"fitted.Predictor.033...747",0.15,0.08,0,0.15,0.3,0.15,"L1_log10:L2 proportion (linear)"
"fitted.Predictor.034...748",0.08,0.1,-0.1,0.08,0.27,0.08,"L1_log10:L2 proportion (linear)"
"fitted.Predictor.035...749",0.08,0.1,-0.1,0.08,0.27,0.08,"L1_log10:L2 proportion (linear)"
"fitted.Predictor.036...750",0.09,0.09,-0.1,0.09,0.27,0.09,"L1_log10:L2 proportion (linear)"
"fitted.Predictor.037...751",0.11,0.08,-0.06,0.11,0.27,0.11,"L1_log10:L2 proportion (linear)"
"fitted.Predictor.038...752",0.11,0.08,-0.06,0.11,0.27,0.11,"L1_log10:L2 proportion (linear)"
"fitted.Predictor.039...753",0.1,0.09,-0.07,0.1,0.27,0.1,"L1_log10:L2 proportion (linear)"
"fitted.Predictor.040...754",0.11,0.08,-0.05,0.11,0.27,0.11,"L1_log10:L2 proportion (linear)"
"fitted.Predictor.041...755",0.1,0.09,-0.07,0.1,0.27,0.1,"L1_log10:L2 proportion (linear)"
"fitted.Predictor.042...756",0.13,0.08,-0.03,0.13,0.28,0.13,"L1_log10:L2 proportion (linear)"
"fitted.Predictor.043...757",0.14,0.08,-0.01,0.14,0.29,0.14,"L1_log10:L2 proportion (linear)"
"fitted.Predictor.044...758",0.09,0.09,-0.09,0.09,0.27,0.09,"L1_log10:L2 proportion (linear)"
"fitted.Predictor.045...759",0.08,0.1,-0.11,0.08,0.27,0.08,"L1_log10:L2 proportion (linear)"
"fitted.Predictor.046...760",0.09,0.09,-0.09,0.09,0.27,0.09,"L1_log10:L2 proportion (linear)"
"fitted.Predictor.047...761",0.11,0.09,-0.06,0.11,0.27,0.11,"L1_log10:L2 proportion (linear)"
"fitted.Predictor.048...762",0.08,0.1,-0.11,0.08,0.27,0.08,"L1_log10:L2 proportion (linear)"
"fitted.Predictor.049...763",0.09,0.09,-0.1,0.09,0.27,0.09,"L1_log10:L2 proportion (linear)"
"fitted.Predictor.050...764",0.09,0.09,-0.1,0.09,0.27,0.09,"L1_log10:L2 proportion (linear)"
"fitted.Predictor.051...765",0.13,0.08,-0.02,0.13,0.28,0.13,"L1_log10:L2 proportion (linear)"
"fitted.Predictor.052...766",0.21,0.09,0.03,0.21,0.39,0.21,"L1_log10:L2 proportion (linear)"
"fitted.Predictor.053...767",0.11,0.08,-0.05,0.11,0.28,0.11,"L1_log10:L2 proportion (linear)"
"fitted.Predictor.054...768",0.14,0.08,-0.01,0.14,0.29,0.14,"L1_log10:L2 proportion (linear)"
"fitted.Predictor.055...769",0.13,0.08,-0.02,0.13,0.28,0.13,"L1_log10:L2 proportion (linear)"
"fitted.Predictor.056...770",0.13,0.08,-0.02,0.13,0.28,0.13,"L1_log10:L2 proportion (linear)"
"fitted.Predictor.057...771",0.18,0.08,0.02,0.18,0.34,0.18,"L1_log10:L2 proportion (linear)"
"fitted.Predictor.058...772",0.2,0.09,0.03,0.2,0.38,0.2,"L1_log10:L2 proportion (linear)"
"fitted.Predictor.059...773",0.08,0.1,-0.12,0.08,0.27,0.08,"L1_log10:L2 proportion (linear)"
"fitted.Predictor.060...774",0.08,0.1,-0.12,0.08,0.27,0.08,"L1_log10:L2 proportion (linear)"
"fitted.Predictor.061...775",0.19,0.08,0.03,0.19,0.35,0.19,"L1_log10:L2 proportion (linear)"
"fitted.Predictor.062...776",0.14,0.08,0,0.14,0.29,0.14,"L1_log10:L2 proportion (linear)"
"fitted.Predictor.063...777",0.1,0.09,-0.08,0.1,0.27,0.1,"L1_log10:L2 proportion (linear)"
"fitted.Predictor.064...778",0.11,0.08,-0.05,0.11,0.28,0.11,"L1_log10:L2 proportion (linear)"
"fitted.Predictor.065...779",0.08,0.1,-0.1,0.08,0.27,0.08,"L1_log10:L2 proportion (linear)"
"fitted.Predictor.066...780",0.16,0.08,0.01,0.16,0.31,0.16,"L1_log10:L2 proportion (linear)"
"fitted.Predictor.067...781",0.13,0.08,-0.02,0.13,0.28,0.13,"L1_log10:L2 proportion (linear)"
"fitted.Predictor.068...782",0.11,0.08,-0.06,0.11,0.27,0.11,"L1_log10:L2 proportion (linear)"
"fitted.Predictor.069...783",0.21,0.09,0.03,0.21,0.39,0.21,"L1_log10:L2 proportion (linear)"
"fitted.Predictor.070...784",0.08,0.1,-0.1,0.08,0.27,0.08,"L1_log10:L2 proportion (linear)"
"fitted.Predictor.071...785",0.34,0.18,-0.01,0.34,0.69,0.34,"L1_log10:L2 proportion (linear)"
"fitted.Predictor.072...786",0.38,0.21,-0.04,0.38,0.81,0.38,"L1_log10:L2 proportion (linear)"
"fitted.Predictor.073...787",0.39,0.22,-0.04,0.39,0.82,0.39,"L1_log10:L2 proportion (linear)"
"fitted.Predictor.074...788",0.17,0.08,0.02,0.17,0.33,0.17,"L1_log10:L2 proportion (linear)"
"fitted.Predictor.075...789",0.42,0.24,-0.06,0.42,0.9,0.42,"L1_log10:L2 proportion (linear)"
"fitted.Predictor.076...790",0.23,0.11,0.03,0.23,0.44,0.23,"L1_log10:L2 proportion (linear)"
"fitted.Predictor.077...791",0.17,0.08,0.02,0.17,0.33,0.17,"L1_log10:L2 proportion (linear)"
"fitted.Predictor.078...792",0.17,0.08,0.02,0.17,0.33,0.17,"L1_log10:L2 proportion (linear)"
"fitted.Predictor.079...793",0.11,0.08,-0.05,0.11,0.28,0.11,"L1_log10:L2 proportion (linear)"
"fitted.Predictor.080...794",0.1,0.09,-0.08,0.1,0.27,0.1,"L1_log10:L2 proportion (linear)"
"fitted.Predictor.081...795",0.08,0.1,-0.11,0.08,0.27,0.08,"L1_log10:L2 proportion (linear)"
"fitted.Predictor.082...796",0.16,0.08,0.01,0.16,0.31,0.16,"L1_log10:L2 proportion (linear)"
"fitted.Predictor.083...797",0.08,0.1,-0.12,0.08,0.27,0.08,"L1_log10:L2 proportion (linear)"
"fitted.Predictor.084...798",0.09,0.09,-0.08,0.09,0.27,0.09,"L1_log10:L2 proportion (linear)"
"fitted.Predictor.085...799",0.11,0.08,-0.05,0.11,0.27,0.11,"L1_log10:L2 proportion (linear)"
"fitted.Predictor.086...800",0.11,0.08,-0.06,0.11,0.27,0.11,"L1_log10:L2 proportion (linear)"
"fitted.Predictor.087...801",0.1,0.09,-0.08,0.1,0.27,0.1,"L1_log10:L2 proportion (linear)"
"fitted.Predictor.088...802",0.09,0.09,-0.08,0.09,0.27,0.09,"L1_log10:L2 proportion (linear)"
"fitted.Predictor.089...803",0.22,0.1,0.03,0.22,0.41,0.22,"L1_log10:L2 proportion (linear)"
"fitted.Predictor.090...804",0.26,0.12,0.02,0.26,0.5,0.26,"L1_log10:L2 proportion (linear)"
"fitted.Predictor.091...805",0.1,0.09,-0.08,0.1,0.27,0.1,"L1_log10:L2 proportion (linear)"
"fitted.Predictor.092...806",0.27,0.13,0.02,0.27,0.53,0.27,"L1_log10:L2 proportion (linear)"
"fitted.Predictor.093...807",0.35,0.19,-0.02,0.35,0.73,0.35,"L1_log10:L2 proportion (linear)"
"fitted.Predictor.094...808",0.1,0.09,-0.08,0.1,0.27,0.1,"L1_log10:L2 proportion (linear)"
"fitted.Predictor.095...809",0.46,0.28,-0.08,0.46,1,0.46,"L1_log10:L2 proportion (linear)"
"fitted.Predictor.096...810",0.12,0.08,-0.04,0.12,0.28,0.12,"L1_log10:L2 proportion (linear)"
"fitted.Predictor.097...811",0.13,0.08,-0.03,0.13,0.28,0.13,"L1_log10:L2 proportion (linear)"
"fitted.Predictor.098...812",0.3,0.15,0,0.3,0.6,0.3,"L1_log10:L2 proportion (linear)"
"fitted.Predictor.099...813",0.14,0.08,-0.01,0.14,0.29,0.14,"L1_log10:L2 proportion (linear)"
"fitted.Predictor.100...814",0.38,0.21,-0.04,0.38,0.8,0.38,"L1_log10:L2 proportion (linear)"
"fitted.Predictor.101...815",0.34,0.18,-0.02,0.34,0.7,0.34,"L1_log10:L2 proportion (linear)"
"fitted.Predictor.102...816",0.34,0.18,-0.01,0.34,0.69,0.34,"L1_log10:L2 proportion (linear)"
"fitted.Predictor.103...817",0.17,0.08,0.02,0.17,0.32,0.17,"L1_log10:L2 proportion (linear)"
"fitted.Predictor.104...818",0.12,0.08,-0.04,0.12,0.28,0.12,"L1_log10:L2 proportion (linear)"
"fitted.Predictor.105...819",0.13,0.08,-0.02,0.13,0.29,0.13,"L1_log10:L2 proportion (linear)"
"fitted.Predictor.106...820",0.13,0.08,-0.02,0.13,0.28,0.13,"L1_log10:L2 proportion (linear)"
"fitted.Predictor.107...821",0.43,0.26,-0.07,0.43,0.94,0.43,"L1_log10:L2 proportion (linear)"
"fitted.Predictor.108...822",0.08,0.1,-0.11,0.08,0.27,0.08,"L1_log10:L2 proportion (linear)"
"fitted.Predictor.109...823",0.08,0.1,-0.11,0.08,0.27,0.08,"L1_log10:L2 proportion (linear)"
"fitted.Predictor.110...824",0.09,0.09,-0.09,0.09,0.27,0.09,"L1_log10:L2 proportion (linear)"
"fitted.Predictor.111...825",0.09,0.09,-0.1,0.09,0.27,0.09,"L1_log10:L2 proportion (linear)"
"fitted.Predictor.112...826",0.09,0.09,-0.08,0.09,0.27,0.09,"L1_log10:L2 proportion (linear)"
"fitted.Predictor.113...827",0.09,0.09,-0.09,0.09,0.27,0.09,"L1_log10:L2 proportion (linear)"
"fitted.Predictor.114...828",0.13,0.08,-0.02,0.13,0.28,0.13,"L1_log10:L2 proportion (linear)"
"fitted.Predictor.115...829",0.09,0.09,-0.09,0.09,0.27,0.09,"L1_log10:L2 proportion (linear)"
"fitted.Predictor.116...830",0.1,0.09,-0.08,0.1,0.27,0.1,"L1_log10:L2 proportion (linear)"
"fitted.Predictor.117...831",0.09,0.09,-0.09,0.09,0.27,0.09,"L1_log10:L2 proportion (linear)"
"fitted.Predictor.118...832",0.08,0.1,-0.11,0.08,0.27,0.08,"L1_log10:L2 proportion (linear)"
"fitted.Predictor.119...833",0.11,0.09,-0.06,0.11,0.27,0.11,"L1_log10:L2 proportion (linear)"
