"","phy_id","mean","sd","0.025quant","0.5quant","0.975quant","mode","kld","model"
"1",1,0,0.1,-0.2,0,0.22,0,0,"Phylogenetic"
"2",2,0,0.03,-0.07,0,0.07,0,0,"Phylogenetic"
"3",3,-0.07,0.13,-0.34,-0.06,0.18,-0.04,0,"Phylogenetic"
"4",4,-0.07,0.13,-0.34,-0.07,0.17,-0.05,0,"Phylogenetic"
"5",5,-0.08,0.13,-0.35,-0.07,0.17,-0.05,0,"Phylogenetic"
"6",6,-0.48,0.2,-0.87,-0.48,-0.08,-0.49,0,"Phylogenetic"
"7",7,-0.48,0.2,-0.88,-0.48,-0.08,-0.5,0,"Phylogenetic"
"8",8,-0.48,0.2,-0.88,-0.49,-0.08,-0.5,0,"Phylogenetic"
"9",9,-0.48,0.2,-0.88,-0.49,-0.08,-0.5,0,"Phylogenetic"
"10",10,-0.48,0.21,-0.89,-0.49,-0.08,-0.5,0,"Phylogenetic"
"11",11,-0.48,0.2,-0.88,-0.49,-0.08,-0.5,0,"Phylogenetic"
"12",12,-0.49,0.21,-0.91,-0.49,-0.07,-0.5,0,"Phylogenetic"
"13",13,-0.48,0.21,-0.89,-0.48,-0.07,-0.49,0,"Phylogenetic"
"14",14,-0.48,0.2,-0.88,-0.48,-0.08,-0.49,0,"Phylogenetic"
"15",15,-0.48,0.2,-0.88,-0.48,-0.08,-0.49,0,"Phylogenetic"
"16",16,-0.48,0.2,-0.88,-0.48,-0.08,-0.49,0,"Phylogenetic"
"17",17,-0.08,0.13,-0.35,-0.07,0.17,-0.05,0,"Phylogenetic"
"18",18,-0.08,0.13,-0.36,-0.08,0.17,-0.05,0,"Phylogenetic"
"19",19,-0.11,0.11,-0.32,-0.1,0.1,-0.1,0,"Phylogenetic"
"20",20,-0.11,0.11,-0.32,-0.1,0.1,-0.1,0,"Phylogenetic"
"21",21,-0.11,0.11,-0.32,-0.1,0.1,-0.1,0,"Phylogenetic"
"22",22,-0.1,0.11,-0.31,-0.1,0.1,-0.09,0,"Phylogenetic"
"23",23,-0.09,0.1,-0.3,-0.09,0.11,-0.09,0,"Phylogenetic"
"24",24,-0.09,0.1,-0.29,-0.09,0.11,-0.08,0,"Phylogenetic"
"25",25,-0.09,0.1,-0.29,-0.09,0.12,-0.08,0,"Phylogenetic"
"26",26,-0.09,0.1,-0.29,-0.09,0.12,-0.08,0,"Phylogenetic"
"27",27,-0.08,0.11,-0.31,-0.08,0.14,-0.08,0,"Phylogenetic"
"28",28,-0.08,0.12,-0.32,-0.08,0.15,-0.08,0,"Phylogenetic"
"29",29,-0.09,0.11,-0.3,-0.09,0.12,-0.08,0,"Phylogenetic"
"30",30,-0.09,0.11,-0.31,-0.09,0.13,-0.08,0,"Phylogenetic"
"31",31,-0.09,0.11,-0.31,-0.09,0.13,-0.08,0,"Phylogenetic"
"32",32,-0.09,0.12,-0.32,-0.09,0.13,-0.08,0,"Phylogenetic"
"33",33,-0.09,0.12,-0.32,-0.09,0.13,-0.08,0,"Phylogenetic"
"34",34,-0.08,0.12,-0.32,-0.08,0.15,-0.08,0,"Phylogenetic"
"35",35,-0.08,0.11,-0.3,-0.08,0.15,-0.07,0,"Phylogenetic"
"36",36,-0.07,0.12,-0.3,-0.08,0.16,-0.07,0,"Phylogenetic"
"37",37,-0.07,0.12,-0.31,-0.07,0.17,-0.07,0,"Phylogenetic"
"38",38,-0.09,0.11,-0.3,-0.09,0.12,-0.08,0,"Phylogenetic"
"39",39,-0.09,0.12,-0.32,-0.09,0.14,-0.08,0,"Phylogenetic"
"40",40,-0.09,0.12,-0.34,-0.09,0.14,-0.08,0,"Phylogenetic"
"41",41,-0.08,0.12,-0.33,-0.08,0.16,-0.08,0,"Phylogenetic"
"42",42,-0.11,0.11,-0.33,-0.11,0.1,-0.1,0,"Phylogenetic"
"43",43,-0.13,0.12,-0.38,-0.13,0.09,-0.12,0,"Phylogenetic"
"44",44,-0.14,0.12,-0.4,-0.13,0.09,-0.12,0,"Phylogenetic"
"45",45,-0.15,0.14,-0.45,-0.14,0.11,-0.12,0,"Phylogenetic"
"46",46,-0.15,0.14,-0.46,-0.14,0.09,-0.13,0,"Phylogenetic"
"47",47,-0.16,0.14,-0.47,-0.15,0.1,-0.13,0,"Phylogenetic"
"48",48,-0.13,0.12,-0.39,-0.12,0.1,-0.11,0,"Phylogenetic"
"49",49,-0.13,0.13,-0.4,-0.12,0.12,-0.11,0,"Phylogenetic"
"50",50,-0.11,0.11,-0.33,-0.11,0.1,-0.1,0,"Phylogenetic"
"51",51,-0.1,0.15,-0.43,-0.09,0.18,-0.06,0,"Phylogenetic"
"52",52,-0.27,0.28,-0.86,-0.24,0.23,-0.19,0,"Phylogenetic"
"53",53,-0.25,0.28,-0.84,-0.23,0.25,-0.18,0,"Phylogenetic"
"54",54,-0.2,0.27,-0.76,-0.18,0.3,-0.13,0,"Phylogenetic"
"55",55,-0.2,0.27,-0.76,-0.18,0.3,-0.13,0,"Phylogenetic"
"56",56,-0.04,0.23,-0.5,-0.04,0.43,-0.03,0,"Phylogenetic"
"57",57,0.01,0.28,-0.53,0.01,0.6,-0.01,0,"Phylogenetic"
"58",58,-0.07,0.14,-0.37,-0.07,0.2,-0.04,0,"Phylogenetic"
"59",59,-0.15,0.27,-0.74,-0.13,0.36,-0.08,0,"Phylogenetic"
"60",60,0.03,0.24,-0.43,0.02,0.52,0,0,"Phylogenetic"
"61",61,0.03,0.24,-0.43,0.02,0.52,0,0,"Phylogenetic"
"62",62,0.03,0.24,-0.44,0.02,0.53,0,0,"Phylogenetic"
"63",63,0.01,0.16,-0.3,0.01,0.34,0.01,0,"Phylogenetic"
"64",64,0.18,0.14,-0.09,0.17,0.47,0.16,0,"Phylogenetic"
"65",65,0.18,0.14,-0.09,0.17,0.46,0.16,0,"Phylogenetic"
"66",66,0.17,0.14,-0.1,0.16,0.45,0.16,0,"Phylogenetic"
"67",67,0.17,0.14,-0.11,0.16,0.46,0.15,0,"Phylogenetic"
"68",68,0.17,0.14,-0.11,0.16,0.46,0.15,0,"Phylogenetic"
"69",69,0.16,0.15,-0.11,0.16,0.46,0.15,0,"Phylogenetic"
"70",70,0.16,0.15,-0.12,0.16,0.46,0.15,0,"Phylogenetic"
"71",71,0.16,0.15,-0.13,0.15,0.46,0.14,0,"Phylogenetic"
"72",72,0.16,0.15,-0.13,0.15,0.46,0.14,0,"Phylogenetic"
"73",73,0.16,0.15,-0.14,0.15,0.47,0.14,0,"Phylogenetic"
"74",74,0.18,0.14,-0.09,0.18,0.47,0.17,0,"Phylogenetic"
"75",75,0.18,0.15,-0.09,0.17,0.48,0.17,0,"Phylogenetic"
"76",76,0.18,0.15,-0.09,0.17,0.48,0.17,0,"Phylogenetic"
"77",77,0.18,0.16,-0.12,0.18,0.52,0.16,0,"Phylogenetic"
"78",78,0.17,0.16,-0.13,0.17,0.5,0.15,0,"Phylogenetic"
"79",79,0.21,0.16,-0.09,0.2,0.55,0.18,0,"Phylogenetic"
"80",80,0.21,0.17,-0.09,0.2,0.56,0.19,0,"Phylogenetic"
"81",81,0.21,0.17,-0.09,0.2,0.57,0.19,0,"Phylogenetic"
"82",82,0.22,0.19,-0.12,0.21,0.61,0.19,0,"Phylogenetic"
"83",83,0.23,0.18,-0.11,0.22,0.6,0.21,0,"Phylogenetic"
"84",84,0.23,0.18,-0.11,0.22,0.6,0.21,0,"Phylogenetic"
"85",85,0.23,0.18,-0.11,0.22,0.6,0.21,0,"Phylogenetic"
"86",86,0.23,0.18,-0.11,0.22,0.6,0.21,0,"Phylogenetic"
"87",87,0.22,0.19,-0.12,0.22,0.61,0.2,0,"Phylogenetic"
"88",88,0.24,0.19,-0.11,0.23,0.63,0.21,0,"Phylogenetic"
"89",89,0.24,0.19,-0.11,0.23,0.64,0.21,0,"Phylogenetic"
"90",90,0.22,0.2,-0.13,0.22,0.63,0.2,0,"Phylogenetic"
"91",91,0.23,0.2,-0.13,0.22,0.64,0.2,0,"Phylogenetic"
"92",92,0,0.04,-0.08,0,0.08,0,0,"Phylogenetic"
"93",93,0,0.07,-0.14,0,0.13,0,0,"Phylogenetic"
"94",94,0,0.1,-0.21,0,0.19,0,0,"Phylogenetic"
"95",95,0.04,0.24,-0.49,0.05,0.49,0.06,0,"Phylogenetic"
"96",96,0.27,0.17,-0.06,0.27,0.6,0.26,0,"Phylogenetic"
"97",97,0.27,0.17,-0.05,0.27,0.6,0.26,0,"Phylogenetic"
"98",98,0.27,0.17,-0.05,0.27,0.6,0.27,0,"Phylogenetic"
"99",99,0.32,0.17,0,0.32,0.66,0.32,0,"Phylogenetic"
"100",100,0.32,0.17,0,0.32,0.66,0.32,0,"Phylogenetic"
"101",101,0.33,0.17,0,0.33,0.68,0.32,0,"Phylogenetic"
"102",102,0.34,0.17,0.01,0.34,0.68,0.34,0,"Phylogenetic"
"103",103,0.35,0.18,0.01,0.35,0.71,0.35,0,"Phylogenetic"
"104",104,0.35,0.18,0.01,0.35,0.72,0.35,0,"Phylogenetic"
"105",105,0.37,0.19,0.01,0.36,0.77,0.35,0,"Phylogenetic"
"106",106,0.36,0.19,0.01,0.35,0.74,0.35,0,"Phylogenetic"
"107",107,0.34,0.17,0.01,0.34,0.69,0.34,0,"Phylogenetic"
"108",108,0.34,0.18,0,0.34,0.7,0.33,0,"Phylogenetic"
"109",109,0.35,0.19,0,0.34,0.73,0.34,0,"Phylogenetic"
"110",110,0.2,0.19,-0.19,0.21,0.56,0.21,0,"Phylogenetic"
"111",111,-0.01,0.13,-0.28,0,0.25,0,0,"Phylogenetic"
"112",112,-0.01,0.18,-0.38,-0.01,0.34,0,0,"Phylogenetic"
"113",113,-0.01,0.22,-0.45,-0.01,0.42,-0.01,0,"Phylogenetic"
"114",114,-0.01,0.23,-0.46,-0.01,0.44,-0.01,0,"Phylogenetic"
"115",115,-0.02,0.22,-0.45,-0.02,0.42,-0.01,0,"Phylogenetic"
"116",116,-0.02,0.22,-0.46,-0.02,0.42,-0.01,0,"Phylogenetic"
"117",117,-0.02,0.22,-0.46,-0.01,0.42,-0.01,0,"Phylogenetic"
"118",118,-0.02,0.22,-0.46,-0.02,0.42,-0.01,0,"Phylogenetic"
"119",119,0.29,0.41,-0.42,0.25,1.2,0.12,0,"Phylogenetic"
"120",120,-0.47,0.22,-0.9,-0.47,-0.06,-0.48,0,"Phylogenetic"
"121",121,-0.49,0.22,-0.93,-0.49,-0.07,-0.49,0,"Phylogenetic"
"122",122,-0.49,0.22,-0.94,-0.49,-0.07,-0.49,0,"Phylogenetic"
"123",123,-0.5,0.23,-0.96,-0.5,-0.07,-0.5,0,"Phylogenetic"
"124",124,-0.49,0.22,-0.93,-0.49,-0.07,-0.5,0,"Phylogenetic"
"125",125,-0.48,0.22,-0.91,-0.48,-0.06,-0.49,0,"Phylogenetic"
"126",126,-0.48,0.22,-0.92,-0.48,-0.07,-0.49,0,"Phylogenetic"
"127",127,-0.47,0.22,-0.91,-0.47,-0.06,-0.48,0,"Phylogenetic"
"128",128,-0.5,0.23,-0.98,-0.5,-0.07,-0.5,0,"Phylogenetic"
"129",129,-0.47,0.22,-0.9,-0.47,-0.06,-0.47,0,"Phylogenetic"
"130",130,-0.47,0.22,-0.91,-0.47,-0.06,-0.48,0,"Phylogenetic"
"131",131,-0.48,0.22,-0.93,-0.48,-0.06,-0.48,0,"Phylogenetic"
"132",132,-0.1,0.15,-0.41,-0.1,0.2,-0.08,0,"Phylogenetic"
"133",133,-0.08,0.15,-0.36,-0.08,0.23,-0.07,0,"Phylogenetic"
"134",134,-0.08,0.12,-0.32,-0.08,0.16,-0.08,0,"Phylogenetic"
"135",135,-0.08,0.12,-0.33,-0.08,0.16,-0.08,0,"Phylogenetic"
"136",136,-0.09,0.12,-0.33,-0.09,0.16,-0.08,0,"Phylogenetic"
"137",137,-0.09,0.12,-0.33,-0.09,0.14,-0.08,0,"Phylogenetic"
"138",138,-0.09,0.12,-0.33,-0.09,0.14,-0.08,0,"Phylogenetic"
"139",139,-0.09,0.12,-0.33,-0.09,0.14,-0.08,0,"Phylogenetic"
"140",140,-0.09,0.12,-0.33,-0.09,0.15,-0.08,0,"Phylogenetic"
"141",141,-0.09,0.12,-0.33,-0.09,0.15,-0.08,0,"Phylogenetic"
"142",142,-0.08,0.12,-0.32,-0.08,0.16,-0.08,0,"Phylogenetic"
"143",143,-0.08,0.12,-0.32,-0.08,0.16,-0.08,0,"Phylogenetic"
"144",144,-0.07,0.12,-0.31,-0.07,0.18,-0.07,0,"Phylogenetic"
"145",145,-0.07,0.12,-0.31,-0.07,0.18,-0.07,0,"Phylogenetic"
"146",146,-0.07,0.12,-0.31,-0.07,0.18,-0.07,0,"Phylogenetic"
"147",147,-0.08,0.12,-0.32,-0.08,0.17,-0.07,0,"Phylogenetic"
"148",148,-0.09,0.12,-0.34,-0.09,0.15,-0.08,0,"Phylogenetic"
"149",149,-0.09,0.12,-0.34,-0.09,0.15,-0.08,0,"Phylogenetic"
"150",150,-0.09,0.12,-0.34,-0.09,0.15,-0.08,0,"Phylogenetic"
"151",151,-0.08,0.12,-0.33,-0.08,0.16,-0.08,0,"Phylogenetic"
"152",152,-0.08,0.12,-0.33,-0.08,0.17,-0.08,0,"Phylogenetic"
"153",153,-0.1,0.13,-0.37,-0.1,0.15,-0.09,0,"Phylogenetic"
"154",154,-0.15,0.14,-0.46,-0.14,0.11,-0.12,0,"Phylogenetic"
"155",155,-0.15,0.14,-0.46,-0.14,0.11,-0.12,0,"Phylogenetic"
"156",156,-0.16,0.15,-0.48,-0.15,0.1,-0.13,0,"Phylogenetic"
"157",157,-0.16,0.15,-0.48,-0.15,0.1,-0.13,0,"Phylogenetic"
"158",158,-0.15,0.15,-0.47,-0.14,0.1,-0.13,0,"Phylogenetic"
"159",159,-0.13,0.14,-0.42,-0.12,0.14,-0.1,0,"Phylogenetic"
"160",160,-0.12,0.14,-0.41,-0.12,0.14,-0.1,0,"Phylogenetic"
"161",161,-0.13,0.14,-0.42,-0.12,0.13,-0.11,0,"Phylogenetic"
"162",162,-0.11,0.15,-0.42,-0.11,0.18,-0.09,0,"Phylogenetic"
"163",163,-0.09,0.15,-0.39,-0.09,0.21,-0.08,0,"Phylogenetic"
"164",164,-0.13,0.15,-0.45,-0.12,0.16,-0.1,0,"Phylogenetic"
"165",165,-0.3,0.3,-0.96,-0.27,0.22,-0.21,0,"Phylogenetic"
"166",166,-0.25,0.28,-0.84,-0.23,0.26,-0.17,0,"Phylogenetic"
"167",167,-0.25,0.28,-0.85,-0.23,0.25,-0.18,0,"Phylogenetic"
"168",168,-0.2,0.27,-0.77,-0.18,0.3,-0.13,0,"Phylogenetic"
"169",169,-0.2,0.27,-0.77,-0.18,0.3,-0.13,0,"Phylogenetic"
"170",170,-0.2,0.27,-0.78,-0.18,0.31,-0.13,0,"Phylogenetic"
"171",171,0.02,0.29,-0.54,0.01,0.62,-0.01,0,"Phylogenetic"
"172",172,0.01,0.29,-0.54,0,0.61,-0.01,0,"Phylogenetic"
"173",173,-0.04,0.31,-0.67,-0.04,0.59,-0.03,0,"Phylogenetic"
"174",174,-0.1,0.31,-0.73,-0.09,0.51,-0.06,0,"Phylogenetic"
"175",175,-0.23,0.33,-0.97,-0.2,0.35,-0.11,0,"Phylogenetic"
"176",176,-0.01,0.27,-0.57,-0.01,0.54,-0.01,0,"Phylogenetic"
"177",177,0.06,0.28,-0.47,0.04,0.65,0.01,0,"Phylogenetic"
"178",178,0.01,0.27,-0.53,0.01,0.57,0,0,"Phylogenetic"
"179",179,0.09,0.29,-0.44,0.07,0.73,0.03,0,"Phylogenetic"
"180",180,0.16,0.16,-0.14,0.16,0.49,0.15,0,"Phylogenetic"
"181",181,0.15,0.16,-0.15,0.15,0.48,0.14,0,"Phylogenetic"
"182",182,0.15,0.16,-0.15,0.15,0.47,0.14,0,"Phylogenetic"
"183",183,0.16,0.16,-0.15,0.15,0.48,0.14,0,"Phylogenetic"
"184",184,0.17,0.16,-0.14,0.16,0.5,0.15,0,"Phylogenetic"
"185",185,0.17,0.16,-0.14,0.16,0.51,0.15,0,"Phylogenetic"
"186",186,0.17,0.16,-0.14,0.16,0.51,0.15,0,"Phylogenetic"
"187",187,0.16,0.17,-0.16,0.15,0.5,0.14,0,"Phylogenetic"
"188",188,0.15,0.17,-0.17,0.15,0.48,0.13,0,"Phylogenetic"
"189",189,0.19,0.17,-0.13,0.18,0.54,0.16,0,"Phylogenetic"
"190",190,0.19,0.17,-0.13,0.18,0.54,0.16,0,"Phylogenetic"
"191",191,0.18,0.17,-0.14,0.17,0.53,0.15,0,"Phylogenetic"
"192",192,0.17,0.17,-0.15,0.16,0.52,0.15,0,"Phylogenetic"
"193",193,0.17,0.17,-0.15,0.16,0.51,0.15,0,"Phylogenetic"
"194",194,0.21,0.17,-0.1,0.2,0.58,0.19,0,"Phylogenetic"
"195",195,0.21,0.17,-0.1,0.2,0.58,0.19,0,"Phylogenetic"
"196",196,0.21,0.17,-0.1,0.2,0.58,0.18,0,"Phylogenetic"
"197",197,0.21,0.17,-0.1,0.2,0.57,0.18,0,"Phylogenetic"
"198",198,0.2,0.19,-0.14,0.19,0.59,0.16,0,"Phylogenetic"
"199",199,0.23,0.19,-0.13,0.22,0.63,0.2,0,"Phylogenetic"
"200",200,0.22,0.19,-0.13,0.22,0.62,0.2,0,"Phylogenetic"
"201",201,0.22,0.19,-0.13,0.21,0.62,0.2,0,"Phylogenetic"
"202",202,0.23,0.19,-0.13,0.22,0.62,0.2,0,"Phylogenetic"
"203",203,0.24,0.2,-0.12,0.23,0.64,0.21,0,"Phylogenetic"
"204",204,0.24,0.2,-0.12,0.23,0.65,0.21,0,"Phylogenetic"
"205",205,0.24,0.2,-0.12,0.23,0.64,0.21,0,"Phylogenetic"
"206",206,0.23,0.2,-0.14,0.22,0.64,0.2,0,"Phylogenetic"
"207",207,0.22,0.2,-0.14,0.21,0.63,0.2,0,"Phylogenetic"
"208",208,0.24,0.22,-0.16,0.22,0.7,0.19,0,"Phylogenetic"
"209",209,0.23,0.22,-0.16,0.22,0.69,0.19,0,"Phylogenetic"
"210",210,0.3,0.19,-0.05,0.3,0.69,0.29,0,"Phylogenetic"
"211",211,0.36,0.2,-0.01,0.35,0.78,0.34,0,"Phylogenetic"
"212",212,0.35,0.2,-0.02,0.34,0.76,0.33,0,"Phylogenetic"
"213",213,0.37,0.2,0.01,0.36,0.78,0.35,0,"Phylogenetic"
"214",214,0.37,0.2,0.01,0.36,0.79,0.35,0,"Phylogenetic"
"215",215,0.36,0.2,0,0.36,0.78,0.35,0,"Phylogenetic"
"216",216,0.36,0.2,0,0.36,0.77,0.35,0,"Phylogenetic"
"217",217,0.36,0.2,0,0.36,0.77,0.35,0,"Phylogenetic"
"218",218,0.35,0.19,0,0.34,0.74,0.34,0,"Phylogenetic"
"219",219,0.35,0.19,0,0.35,0.75,0.34,0,"Phylogenetic"
"220",220,0.33,0.19,-0.02,0.32,0.7,0.32,0,"Phylogenetic"
"221",221,0.35,0.19,-0.01,0.34,0.75,0.33,0,"Phylogenetic"
"222",222,0.16,0.22,-0.32,0.18,0.55,0.18,0,"Phylogenetic"
"223",223,0.16,0.22,-0.33,0.17,0.55,0.18,0,"Phylogenetic"
"224",224,0.25,0.2,-0.15,0.25,0.65,0.24,0,"Phylogenetic"
"225",225,0.3,0.21,-0.08,0.3,0.74,0.28,0,"Phylogenetic"
"226",226,-0.18,0.39,-1.09,-0.13,0.48,-0.02,0,"Phylogenetic"
"227",227,-0.1,0.38,-0.9,-0.09,0.62,-0.04,0,"Phylogenetic"
"228",228,-0.09,0.38,-0.89,-0.08,0.63,-0.03,0,"Phylogenetic"
"229",229,0.04,0.37,-0.7,0.03,0.8,0.02,0,"Phylogenetic"
"230",230,0.07,0.37,-0.66,0.06,0.85,0.03,0,"Phylogenetic"
"231",231,0,0.23,-0.46,0,0.45,0,0,"Phylogenetic"
"232",232,-0.01,0.23,-0.47,-0.01,0.45,-0.01,0,"Phylogenetic"
"233",233,-0.02,0.23,-0.47,-0.01,0.43,-0.01,0,"Phylogenetic"
"234",234,-0.02,0.23,-0.47,-0.01,0.43,-0.01,0,"Phylogenetic"
"235",235,-0.02,0.23,-0.47,-0.02,0.43,-0.01,0,"Phylogenetic"
"236",236,-0.03,0.23,-0.49,-0.02,0.42,-0.02,0,"Phylogenetic"
"237",237,-0.01,0.23,-0.47,-0.01,0.44,-0.01,0,"Phylogenetic"
"238",238,-0.15,0.38,-0.97,-0.12,0.57,-0.06,0,"Phylogenetic"
"239",NA,NA,NA,NA,NA,NA,NA,NA,"Spatial: local"
"240",NA,NA,NA,NA,NA,NA,NA,NA,"Spatial: regional"
"241",NA,NA,NA,NA,NA,NA,NA,NA,"Areal"
"242",1,0.02,0.12,-0.22,0.02,0.28,0.01,0,"Phylogenetic+Spatial: local"
"243",2,0,0.04,-0.08,0,0.08,0,0,"Phylogenetic+Spatial: local"
"244",3,-0.08,0.15,-0.4,-0.07,0.22,-0.06,0,"Phylogenetic+Spatial: local"
"245",4,-0.08,0.15,-0.4,-0.08,0.21,-0.07,0,"Phylogenetic+Spatial: local"
"246",5,-0.09,0.15,-0.41,-0.08,0.21,-0.07,0,"Phylogenetic+Spatial: local"
"247",6,-0.5,0.22,-0.94,-0.5,-0.08,-0.49,0,"Phylogenetic+Spatial: local"
"248",7,-0.5,0.22,-0.95,-0.5,-0.08,-0.49,0,"Phylogenetic+Spatial: local"
"249",8,-0.5,0.22,-0.95,-0.5,-0.08,-0.49,0,"Phylogenetic+Spatial: local"
"250",9,-0.5,0.22,-0.95,-0.5,-0.08,-0.49,0,"Phylogenetic+Spatial: local"
"251",10,-0.5,0.23,-0.96,-0.5,-0.08,-0.49,0,"Phylogenetic+Spatial: local"
"252",11,-0.5,0.22,-0.95,-0.5,-0.08,-0.49,0,"Phylogenetic+Spatial: local"
"253",12,-0.51,0.23,-0.98,-0.51,-0.08,-0.49,0,"Phylogenetic+Spatial: local"
"254",13,-0.5,0.23,-0.96,-0.5,-0.08,-0.49,0,"Phylogenetic+Spatial: local"
"255",14,-0.5,0.22,-0.95,-0.5,-0.08,-0.49,0,"Phylogenetic+Spatial: local"
"256",15,-0.5,0.22,-0.95,-0.5,-0.08,-0.49,0,"Phylogenetic+Spatial: local"
"257",16,-0.5,0.22,-0.95,-0.5,-0.08,-0.49,0,"Phylogenetic+Spatial: local"
"258",17,-0.09,0.15,-0.41,-0.08,0.21,-0.07,0,"Phylogenetic+Spatial: local"
"259",18,-0.09,0.15,-0.42,-0.09,0.21,-0.07,0,"Phylogenetic+Spatial: local"
"260",19,-0.06,0.14,-0.36,-0.06,0.22,-0.06,0,"Phylogenetic+Spatial: local"
"261",20,-0.06,0.14,-0.36,-0.06,0.21,-0.06,0,"Phylogenetic+Spatial: local"
"262",21,-0.06,0.14,-0.36,-0.06,0.21,-0.06,0,"Phylogenetic+Spatial: local"
"263",22,-0.05,0.14,-0.34,-0.05,0.23,-0.05,0,"Phylogenetic+Spatial: local"
"264",23,-0.01,0.14,-0.29,-0.01,0.28,-0.01,0,"Phylogenetic+Spatial: local"
"265",24,0,0.14,-0.28,0,0.29,0,0,"Phylogenetic+Spatial: local"
"266",25,0.01,0.15,-0.27,0.01,0.3,0,0,"Phylogenetic+Spatial: local"
"267",26,0.01,0.15,-0.28,0.01,0.3,0,0,"Phylogenetic+Spatial: local"
"268",27,0,0.16,-0.31,0,0.31,-0.01,0,"Phylogenetic+Spatial: local"
"269",28,-0.01,0.16,-0.32,-0.01,0.31,-0.01,0,"Phylogenetic+Spatial: local"
"270",29,0.02,0.15,-0.28,0.01,0.32,0.01,0,"Phylogenetic+Spatial: local"
"271",30,0.02,0.15,-0.28,0.01,0.33,0.01,0,"Phylogenetic+Spatial: local"
"272",31,0.02,0.15,-0.28,0.01,0.33,0.01,0,"Phylogenetic+Spatial: local"
"273",32,0.02,0.16,-0.28,0.02,0.35,0.01,0,"Phylogenetic+Spatial: local"
"274",33,0.02,0.16,-0.28,0.02,0.35,0.01,0,"Phylogenetic+Spatial: local"
"275",34,0.03,0.16,-0.28,0.02,0.35,0.01,0,"Phylogenetic+Spatial: local"
"276",35,0.02,0.15,-0.28,0.02,0.34,0.01,0,"Phylogenetic+Spatial: local"
"277",36,0.03,0.16,-0.28,0.02,0.35,0.01,0,"Phylogenetic+Spatial: local"
"278",37,0.03,0.16,-0.28,0.02,0.36,0.02,0,"Phylogenetic+Spatial: local"
"279",38,0.01,0.15,-0.27,0.01,0.31,0.01,0,"Phylogenetic+Spatial: local"
"280",39,0.02,0.16,-0.29,0.01,0.33,0.01,0,"Phylogenetic+Spatial: local"
"281",40,0.01,0.16,-0.3,0.01,0.34,0,0,"Phylogenetic+Spatial: local"
"282",41,0.04,0.16,-0.27,0.03,0.37,0.02,0,"Phylogenetic+Spatial: local"
"283",42,-0.07,0.14,-0.36,-0.07,0.21,-0.06,0,"Phylogenetic+Spatial: local"
"284",43,-0.14,0.16,-0.47,-0.13,0.16,-0.11,0,"Phylogenetic+Spatial: local"
"285",44,-0.15,0.16,-0.49,-0.14,0.15,-0.12,0,"Phylogenetic+Spatial: local"
"286",45,-0.16,0.18,-0.54,-0.15,0.16,-0.13,0,"Phylogenetic+Spatial: local"
"287",46,-0.19,0.18,-0.57,-0.18,0.13,-0.15,0,"Phylogenetic+Spatial: local"
"288",47,-0.2,0.18,-0.59,-0.19,0.13,-0.16,0,"Phylogenetic+Spatial: local"
"289",48,-0.14,0.16,-0.48,-0.13,0.17,-0.11,0,"Phylogenetic+Spatial: local"
"290",49,-0.14,0.17,-0.5,-0.13,0.18,-0.11,0,"Phylogenetic+Spatial: local"
"291",50,-0.07,0.15,-0.36,-0.07,0.22,-0.06,0,"Phylogenetic+Spatial: local"
"292",51,-0.11,0.18,-0.49,-0.1,0.23,-0.08,0,"Phylogenetic+Spatial: local"
"293",52,-0.27,0.31,-0.92,-0.25,0.3,-0.21,0,"Phylogenetic+Spatial: local"
"294",53,-0.25,0.31,-0.9,-0.24,0.32,-0.2,0,"Phylogenetic+Spatial: local"
"295",54,-0.2,0.33,-0.89,-0.19,0.41,-0.16,0,"Phylogenetic+Spatial: local"
"296",55,-0.21,0.33,-0.89,-0.19,0.41,-0.16,0,"Phylogenetic+Spatial: local"
"297",56,-0.04,0.27,-0.58,-0.04,0.51,-0.04,0,"Phylogenetic+Spatial: local"
"298",57,0.02,0.33,-0.63,0.01,0.7,-0.01,0,"Phylogenetic+Spatial: local"
"299",58,-0.08,0.17,-0.43,-0.07,0.25,-0.06,0,"Phylogenetic+Spatial: local"
"300",59,-0.17,0.32,-0.85,-0.15,0.45,-0.12,0,"Phylogenetic+Spatial: local"
"301",60,0.05,0.28,-0.5,0.04,0.64,0.02,0,"Phylogenetic+Spatial: local"
"302",61,0.05,0.28,-0.5,0.04,0.64,0.02,0,"Phylogenetic+Spatial: local"
"303",62,0.05,0.29,-0.51,0.04,0.66,0.03,0,"Phylogenetic+Spatial: local"
"304",63,-0.02,0.19,-0.4,-0.02,0.37,-0.02,0,"Phylogenetic+Spatial: local"
"305",64,0.17,0.16,-0.13,0.16,0.48,0.15,0,"Phylogenetic+Spatial: local"
"306",65,0.17,0.15,-0.13,0.16,0.48,0.16,0,"Phylogenetic+Spatial: local"
"307",66,0.16,0.15,-0.14,0.15,0.46,0.15,0,"Phylogenetic+Spatial: local"
"308",67,0.15,0.15,-0.14,0.15,0.46,0.15,0,"Phylogenetic+Spatial: local"
"309",68,0.15,0.15,-0.15,0.15,0.46,0.15,0,"Phylogenetic+Spatial: local"
"310",69,0.15,0.16,-0.15,0.15,0.46,0.14,0,"Phylogenetic+Spatial: local"
"311",70,0.15,0.16,-0.16,0.15,0.46,0.14,0,"Phylogenetic+Spatial: local"
"312",71,0.14,0.16,-0.17,0.14,0.47,0.14,0,"Phylogenetic+Spatial: local"
"313",72,0.14,0.16,-0.17,0.14,0.47,0.14,0,"Phylogenetic+Spatial: local"
"314",73,0.15,0.17,-0.18,0.14,0.49,0.14,0,"Phylogenetic+Spatial: local"
"315",74,0.17,0.16,-0.13,0.17,0.49,0.16,0,"Phylogenetic+Spatial: local"
"316",75,0.17,0.16,-0.13,0.17,0.49,0.16,0,"Phylogenetic+Spatial: local"
"317",76,0.17,0.16,-0.14,0.17,0.5,0.16,0,"Phylogenetic+Spatial: local"
"318",77,0.18,0.18,-0.17,0.17,0.55,0.16,0,"Phylogenetic+Spatial: local"
"319",78,0.16,0.18,-0.18,0.16,0.52,0.15,0,"Phylogenetic+Spatial: local"
"320",79,0.2,0.18,-0.14,0.19,0.57,0.18,0,"Phylogenetic+Spatial: local"
"321",80,0.2,0.18,-0.14,0.19,0.58,0.18,0,"Phylogenetic+Spatial: local"
"322",81,0.2,0.19,-0.14,0.19,0.59,0.18,0,"Phylogenetic+Spatial: local"
"323",82,0.08,0.23,-0.35,0.07,0.55,0.05,0,"Phylogenetic+Spatial: local"
"324",83,0.07,0.22,-0.35,0.06,0.53,0.05,0,"Phylogenetic+Spatial: local"
"325",84,0.07,0.22,-0.35,0.06,0.53,0.05,0,"Phylogenetic+Spatial: local"
"326",85,0.07,0.22,-0.35,0.06,0.52,0.04,0,"Phylogenetic+Spatial: local"
"327",86,0.06,0.22,-0.36,0.06,0.52,0.04,0,"Phylogenetic+Spatial: local"
"328",87,0.06,0.23,-0.37,0.05,0.53,0.03,0,"Phylogenetic+Spatial: local"
"329",88,0.08,0.23,-0.35,0.07,0.55,0.05,0,"Phylogenetic+Spatial: local"
"330",89,0.08,0.23,-0.35,0.07,0.56,0.05,0,"Phylogenetic+Spatial: local"
"331",90,0.07,0.24,-0.37,0.06,0.57,0.05,0,"Phylogenetic+Spatial: local"
"332",91,0.08,0.23,-0.36,0.07,0.57,0.05,0,"Phylogenetic+Spatial: local"
"333",92,0,0.05,-0.1,0,0.09,0,0,"Phylogenetic+Spatial: local"
"334",93,0,0.08,-0.16,0,0.16,0,0,"Phylogenetic+Spatial: local"
"335",94,0,0.11,-0.24,0.01,0.24,0.01,0,"Phylogenetic+Spatial: local"
"336",95,0.04,0.28,-0.57,0.05,0.57,0.08,0,"Phylogenetic+Spatial: local"
"337",96,0.28,0.2,-0.1,0.28,0.67,0.27,0,"Phylogenetic+Spatial: local"
"338",97,0.28,0.19,-0.1,0.28,0.67,0.27,0,"Phylogenetic+Spatial: local"
"339",98,0.28,0.19,-0.09,0.28,0.67,0.28,0,"Phylogenetic+Spatial: local"
"340",99,0.34,0.19,-0.03,0.33,0.72,0.33,0,"Phylogenetic+Spatial: local"
"341",100,0.34,0.19,-0.03,0.33,0.72,0.33,0,"Phylogenetic+Spatial: local"
"342",101,0.35,0.2,-0.03,0.34,0.75,0.33,0,"Phylogenetic+Spatial: local"
"343",102,0.35,0.2,-0.02,0.35,0.74,0.34,0,"Phylogenetic+Spatial: local"
"344",103,0.37,0.2,-0.02,0.36,0.77,0.35,0,"Phylogenetic+Spatial: local"
"345",104,0.37,0.2,-0.02,0.36,0.77,0.36,0,"Phylogenetic+Spatial: local"
"346",105,0.38,0.21,-0.02,0.38,0.82,0.36,0,"Phylogenetic+Spatial: local"
"347",106,0.37,0.21,-0.02,0.37,0.79,0.36,0,"Phylogenetic+Spatial: local"
"348",107,0.36,0.2,-0.02,0.35,0.75,0.34,0,"Phylogenetic+Spatial: local"
"349",108,0.36,0.2,-0.03,0.35,0.76,0.34,0,"Phylogenetic+Spatial: local"
"350",109,0.36,0.21,-0.04,0.36,0.79,0.35,0,"Phylogenetic+Spatial: local"
"351",110,0.21,0.21,-0.22,0.21,0.62,0.22,0,"Phylogenetic+Spatial: local"
"352",111,0.01,0.15,-0.3,0.01,0.31,0.01,0,"Phylogenetic+Spatial: local"
"353",112,0.03,0.21,-0.39,0.03,0.46,0.02,0,"Phylogenetic+Spatial: local"
"354",113,-0.08,0.28,-0.64,-0.08,0.47,-0.08,0,"Phylogenetic+Spatial: local"
"355",114,-0.07,0.29,-0.63,-0.07,0.5,-0.07,0,"Phylogenetic+Spatial: local"
"356",115,-0.09,0.28,-0.65,-0.09,0.46,-0.09,0,"Phylogenetic+Spatial: local"
"357",116,-0.09,0.28,-0.65,-0.09,0.47,-0.08,0,"Phylogenetic+Spatial: local"
"358",117,-0.08,0.29,-0.65,-0.08,0.48,-0.08,0,"Phylogenetic+Spatial: local"
"359",118,-0.1,0.28,-0.67,-0.1,0.46,-0.09,0,"Phylogenetic+Spatial: local"
"360",119,0.67,0.41,-0.06,0.65,1.51,0.59,0,"Phylogenetic+Spatial: local"
"361",120,-0.49,0.24,-0.98,-0.48,-0.05,-0.46,0,"Phylogenetic+Spatial: local"
"362",121,-0.51,0.24,-1,-0.5,-0.06,-0.48,0,"Phylogenetic+Spatial: local"
"363",122,-0.51,0.24,-1.01,-0.5,-0.07,-0.48,0,"Phylogenetic+Spatial: local"
"364",123,-0.52,0.25,-1.03,-0.51,-0.07,-0.49,0,"Phylogenetic+Spatial: local"
"365",124,-0.51,0.24,-1.01,-0.5,-0.07,-0.48,0,"Phylogenetic+Spatial: local"
"366",125,-0.5,0.24,-0.99,-0.49,-0.06,-0.47,0,"Phylogenetic+Spatial: local"
"367",126,-0.5,0.24,-1,-0.5,-0.06,-0.47,0,"Phylogenetic+Spatial: local"
"368",127,-0.49,0.24,-0.98,-0.49,-0.05,-0.46,0,"Phylogenetic+Spatial: local"
"369",128,-0.53,0.25,-1.04,-0.52,-0.07,-0.49,0,"Phylogenetic+Spatial: local"
"370",129,-0.49,0.24,-0.98,-0.48,-0.05,-0.46,0,"Phylogenetic+Spatial: local"
"371",130,-0.49,0.24,-0.99,-0.48,-0.05,-0.46,0,"Phylogenetic+Spatial: local"
"372",131,-0.5,0.24,-1,-0.49,-0.06,-0.47,0,"Phylogenetic+Spatial: local"
"373",132,-0.06,0.19,-0.45,-0.06,0.31,-0.05,0,"Phylogenetic+Spatial: local"
"374",133,-0.02,0.18,-0.39,-0.03,0.35,-0.03,0,"Phylogenetic+Spatial: local"
"375",134,0.01,0.16,-0.31,0,0.34,0,0,"Phylogenetic+Spatial: local"
"376",135,-0.01,0.16,-0.33,-0.01,0.31,-0.01,0,"Phylogenetic+Spatial: local"
"377",136,-0.02,0.16,-0.34,-0.02,0.31,-0.02,0,"Phylogenetic+Spatial: local"
"378",137,0.03,0.16,-0.28,0.03,0.37,0.02,0,"Phylogenetic+Spatial: local"
"379",138,0.02,0.16,-0.29,0.02,0.35,0.01,0,"Phylogenetic+Spatial: local"
"380",139,0.03,0.16,-0.29,0.02,0.36,0.01,0,"Phylogenetic+Spatial: local"
"381",140,0.01,0.16,-0.3,0.01,0.34,0,0,"Phylogenetic+Spatial: local"
"382",141,0.01,0.16,-0.3,0.01,0.34,0,0,"Phylogenetic+Spatial: local"
"383",142,0.03,0.16,-0.29,0.02,0.36,0.01,0,"Phylogenetic+Spatial: local"
"384",143,0.03,0.16,-0.28,0.03,0.37,0.02,0,"Phylogenetic+Spatial: local"
"385",144,0.03,0.17,-0.28,0.03,0.38,0.02,0,"Phylogenetic+Spatial: local"
"386",145,0.03,0.17,-0.28,0.03,0.38,0.02,0,"Phylogenetic+Spatial: local"
"387",146,0.03,0.17,-0.29,0.02,0.37,0.01,0,"Phylogenetic+Spatial: local"
"388",147,0.02,0.17,-0.3,0.02,0.36,0.01,0,"Phylogenetic+Spatial: local"
"389",148,0.01,0.16,-0.31,0.01,0.34,0,0,"Phylogenetic+Spatial: local"
"390",149,0.01,0.16,-0.3,0.01,0.35,0.01,0,"Phylogenetic+Spatial: local"
"391",150,0.02,0.16,-0.3,0.02,0.35,0.01,0,"Phylogenetic+Spatial: local"
"392",151,0.04,0.16,-0.27,0.03,0.37,0.02,0,"Phylogenetic+Spatial: local"
"393",152,0.04,0.16,-0.27,0.03,0.38,0.02,0,"Phylogenetic+Spatial: local"
"394",153,-0.03,0.17,-0.37,-0.03,0.31,-0.03,0,"Phylogenetic+Spatial: local"
"395",154,-0.17,0.18,-0.56,-0.16,0.16,-0.13,0,"Phylogenetic+Spatial: local"
"396",155,-0.16,0.18,-0.55,-0.15,0.17,-0.13,0,"Phylogenetic+Spatial: local"
"397",156,-0.21,0.19,-0.61,-0.2,0.13,-0.16,0,"Phylogenetic+Spatial: local"
"398",157,-0.21,0.19,-0.61,-0.2,0.13,-0.17,0,"Phylogenetic+Spatial: local"
"399",158,-0.19,0.18,-0.58,-0.18,0.14,-0.15,0,"Phylogenetic+Spatial: local"
"400",159,-0.14,0.18,-0.52,-0.13,0.2,-0.11,0,"Phylogenetic+Spatial: local"
"401",160,-0.13,0.18,-0.51,-0.12,0.2,-0.1,0,"Phylogenetic+Spatial: local"
"402",161,-0.14,0.18,-0.52,-0.13,0.2,-0.11,0,"Phylogenetic+Spatial: local"
"403",162,-0.06,0.18,-0.43,-0.06,0.3,-0.05,0,"Phylogenetic+Spatial: local"
"404",163,-0.04,0.19,-0.41,-0.04,0.33,-0.04,0,"Phylogenetic+Spatial: local"
"405",164,-0.09,0.19,-0.49,-0.08,0.27,-0.07,0,"Phylogenetic+Spatial: local"
"406",165,-0.3,0.33,-1,-0.28,0.29,-0.23,0,"Phylogenetic+Spatial: local"
"407",166,-0.25,0.31,-0.89,-0.23,0.34,-0.2,0,"Phylogenetic+Spatial: local"
"408",167,-0.25,0.31,-0.91,-0.24,0.33,-0.2,0,"Phylogenetic+Spatial: local"
"409",168,-0.21,0.33,-0.9,-0.19,0.42,-0.16,0,"Phylogenetic+Spatial: local"
"410",169,-0.21,0.33,-0.9,-0.19,0.42,-0.16,0,"Phylogenetic+Spatial: local"
"411",170,-0.21,0.33,-0.91,-0.19,0.42,-0.16,0,"Phylogenetic+Spatial: local"
"412",171,0.02,0.34,-0.64,0.01,0.72,0,0,"Phylogenetic+Spatial: local"
"413",172,0.02,0.34,-0.64,0.01,0.71,-0.01,0,"Phylogenetic+Spatial: local"
"414",173,-0.04,0.37,-0.79,-0.04,0.71,-0.04,0,"Phylogenetic+Spatial: local"
"415",174,-0.11,0.36,-0.86,-0.11,0.61,-0.09,0,"Phylogenetic+Spatial: local"
"416",175,-0.26,0.38,-1.08,-0.23,0.43,-0.17,0,"Phylogenetic+Spatial: local"
"417",176,0.01,0.33,-0.65,0,0.68,0,0,"Phylogenetic+Spatial: local"
"418",177,0.08,0.33,-0.55,0.07,0.77,0.04,0,"Phylogenetic+Spatial: local"
"419",178,0.04,0.33,-0.6,0.03,0.72,0.02,0,"Phylogenetic+Spatial: local"
"420",179,0.12,0.34,-0.51,0.1,0.84,0.06,0,"Phylogenetic+Spatial: local"
"421",180,0.15,0.17,-0.19,0.15,0.5,0.14,0,"Phylogenetic+Spatial: local"
"422",181,0.14,0.17,-0.19,0.14,0.48,0.13,0,"Phylogenetic+Spatial: local"
"423",182,0.14,0.17,-0.2,0.14,0.48,0.13,0,"Phylogenetic+Spatial: local"
"424",183,0.14,0.17,-0.18,0.14,0.48,0.14,0,"Phylogenetic+Spatial: local"
"425",184,0.16,0.18,-0.19,0.15,0.52,0.14,0,"Phylogenetic+Spatial: local"
"426",185,0.16,0.18,-0.19,0.15,0.52,0.14,0,"Phylogenetic+Spatial: local"
"427",186,0.16,0.18,-0.19,0.15,0.52,0.14,0,"Phylogenetic+Spatial: local"
"428",187,0.15,0.18,-0.21,0.14,0.52,0.14,0,"Phylogenetic+Spatial: local"
"429",188,0.14,0.18,-0.22,0.13,0.51,0.13,0,"Phylogenetic+Spatial: local"
"430",189,0.18,0.19,-0.19,0.17,0.57,0.16,0,"Phylogenetic+Spatial: local"
"431",190,0.18,0.19,-0.19,0.17,0.57,0.16,0,"Phylogenetic+Spatial: local"
"432",191,0.17,0.19,-0.2,0.16,0.56,0.15,0,"Phylogenetic+Spatial: local"
"433",192,0.16,0.19,-0.21,0.15,0.55,0.14,0,"Phylogenetic+Spatial: local"
"434",193,0.16,0.19,-0.21,0.15,0.55,0.14,0,"Phylogenetic+Spatial: local"
"435",194,0.2,0.19,-0.15,0.19,0.6,0.18,0,"Phylogenetic+Spatial: local"
"436",195,0.2,0.19,-0.15,0.2,0.6,0.18,0,"Phylogenetic+Spatial: local"
"437",196,0.2,0.19,-0.15,0.2,0.6,0.18,0,"Phylogenetic+Spatial: local"
"438",197,0.2,0.19,-0.16,0.19,0.59,0.17,0,"Phylogenetic+Spatial: local"
"439",198,0.19,0.21,-0.2,0.18,0.62,0.16,0,"Phylogenetic+Spatial: local"
"440",199,0.07,0.23,-0.38,0.06,0.55,0.04,0,"Phylogenetic+Spatial: local"
"441",200,0.06,0.23,-0.38,0.05,0.53,0.03,0,"Phylogenetic+Spatial: local"
"442",201,0.06,0.23,-0.38,0.05,0.53,0.03,0,"Phylogenetic+Spatial: local"
"443",202,0.06,0.23,-0.38,0.05,0.53,0.03,0,"Phylogenetic+Spatial: local"
"444",203,0.08,0.23,-0.36,0.07,0.57,0.05,0,"Phylogenetic+Spatial: local"
"445",204,0.08,0.23,-0.36,0.07,0.57,0.05,0,"Phylogenetic+Spatial: local"
"446",205,0.08,0.23,-0.36,0.07,0.57,0.05,0,"Phylogenetic+Spatial: local"
"447",206,0.07,0.24,-0.38,0.07,0.57,0.05,0,"Phylogenetic+Spatial: local"
"448",207,0.07,0.24,-0.38,0.06,0.57,0.04,0,"Phylogenetic+Spatial: local"
"449",208,0.1,0.26,-0.39,0.08,0.65,0.05,0,"Phylogenetic+Spatial: local"
"450",209,0.08,0.26,-0.4,0.07,0.63,0.05,0,"Phylogenetic+Spatial: local"
"451",210,0.32,0.22,-0.1,0.32,0.77,0.31,0,"Phylogenetic+Spatial: local"
"452",211,0.37,0.23,-0.05,0.37,0.84,0.35,0,"Phylogenetic+Spatial: local"
"453",212,0.36,0.22,-0.06,0.36,0.82,0.34,0,"Phylogenetic+Spatial: local"
"454",213,0.38,0.22,-0.03,0.38,0.83,0.36,0,"Phylogenetic+Spatial: local"
"455",214,0.39,0.22,-0.03,0.38,0.84,0.36,0,"Phylogenetic+Spatial: local"
"456",215,0.38,0.22,-0.04,0.37,0.83,0.36,0,"Phylogenetic+Spatial: local"
"457",216,0.38,0.22,-0.04,0.37,0.83,0.35,0,"Phylogenetic+Spatial: local"
"458",217,0.38,0.22,-0.04,0.37,0.83,0.35,0,"Phylogenetic+Spatial: local"
"459",218,0.37,0.22,-0.04,0.36,0.81,0.35,0,"Phylogenetic+Spatial: local"
"460",219,0.37,0.22,-0.04,0.36,0.81,0.35,0,"Phylogenetic+Spatial: local"
"461",220,0.34,0.21,-0.06,0.34,0.77,0.33,0,"Phylogenetic+Spatial: local"
"462",221,0.36,0.22,-0.05,0.36,0.81,0.34,0,"Phylogenetic+Spatial: local"
"463",222,0.17,0.24,-0.33,0.18,0.62,0.19,0,"Phylogenetic+Spatial: local"
"464",223,0.17,0.24,-0.34,0.18,0.62,0.19,0,"Phylogenetic+Spatial: local"
"465",224,0.26,0.24,-0.21,0.26,0.73,0.26,0,"Phylogenetic+Spatial: local"
"466",225,0.32,0.24,-0.15,0.31,0.82,0.3,0,"Phylogenetic+Spatial: local"
"467",226,-0.2,0.44,-1.19,-0.16,0.57,-0.07,0,"Phylogenetic+Spatial: local"
"468",227,-0.12,0.44,-1.06,-0.1,0.74,-0.07,0,"Phylogenetic+Spatial: local"
"469",228,-0.07,0.43,-0.97,-0.06,0.77,-0.04,0,"Phylogenetic+Spatial: local"
"470",229,0.35,0.42,-0.4,0.32,1.25,0.25,0,"Phylogenetic+Spatial: local"
"471",230,-0.17,0.4,-1,-0.16,0.58,-0.12,0,"Phylogenetic+Spatial: local"
"472",231,-0.06,0.29,-0.63,-0.07,0.51,-0.07,0,"Phylogenetic+Spatial: local"
"473",232,-0.07,0.29,-0.64,-0.07,0.5,-0.07,0,"Phylogenetic+Spatial: local"
"474",233,-0.07,0.29,-0.65,-0.07,0.51,-0.07,0,"Phylogenetic+Spatial: local"
"475",234,-0.09,0.29,-0.67,-0.09,0.48,-0.09,0,"Phylogenetic+Spatial: local"
"476",235,-0.09,0.29,-0.67,-0.09,0.48,-0.09,0,"Phylogenetic+Spatial: local"
"477",236,-0.13,0.29,-0.72,-0.12,0.44,-0.11,0,"Phylogenetic+Spatial: local"
"478",237,-0.09,0.29,-0.67,-0.09,0.48,-0.09,0,"Phylogenetic+Spatial: local"
"479",238,-0.14,0.45,-1.09,-0.13,0.71,-0.09,0,"Phylogenetic+Spatial: local"
"480",1,0,0.06,-0.12,0,0.13,0,0,"Phylogenetic+Spatial: regional"
"481",2,0,0.02,-0.04,0,0.04,0,0,"Phylogenetic+Spatial: regional"
"482",3,-0.02,0.08,-0.21,-0.01,0.13,0,0,"Phylogenetic+Spatial: regional"
"483",4,-0.02,0.08,-0.21,-0.01,0.13,0,0,"Phylogenetic+Spatial: regional"
"484",5,-0.02,0.08,-0.22,-0.01,0.13,0,0,"Phylogenetic+Spatial: regional"
"485",6,-0.03,0.17,-0.42,-0.01,0.31,0,0,"Phylogenetic+Spatial: regional"
"486",7,-0.03,0.17,-0.42,-0.01,0.31,0,0,"Phylogenetic+Spatial: regional"
"487",8,-0.03,0.17,-0.42,-0.01,0.31,0,0,"Phylogenetic+Spatial: regional"
"488",9,-0.03,0.17,-0.42,-0.01,0.31,0,0,"Phylogenetic+Spatial: regional"
"489",10,-0.03,0.17,-0.42,-0.01,0.31,0,0,"Phylogenetic+Spatial: regional"
"490",11,-0.03,0.17,-0.42,-0.01,0.31,0,0,"Phylogenetic+Spatial: regional"
"491",12,-0.03,0.17,-0.43,-0.01,0.31,0,0,"Phylogenetic+Spatial: regional"
"492",13,-0.03,0.17,-0.42,-0.01,0.31,0,0,"Phylogenetic+Spatial: regional"
"493",14,-0.03,0.17,-0.42,-0.01,0.31,0,0,"Phylogenetic+Spatial: regional"
"494",15,-0.03,0.17,-0.42,-0.01,0.31,0,0,"Phylogenetic+Spatial: regional"
"495",16,-0.03,0.17,-0.42,-0.01,0.31,0,0,"Phylogenetic+Spatial: regional"
"496",17,-0.02,0.08,-0.22,-0.01,0.13,0,0,"Phylogenetic+Spatial: regional"
"497",18,-0.02,0.08,-0.22,-0.01,0.13,0,0,"Phylogenetic+Spatial: regional"
"498",19,-0.02,0.1,-0.25,-0.01,0.18,0,0,"Phylogenetic+Spatial: regional"
"499",20,-0.02,0.1,-0.25,-0.01,0.18,0,0,"Phylogenetic+Spatial: regional"
"500",21,-0.02,0.1,-0.25,-0.01,0.18,0,0,"Phylogenetic+Spatial: regional"
"501",22,-0.02,0.1,-0.25,-0.01,0.19,0,0,"Phylogenetic+Spatial: regional"
"502",23,-0.01,0.1,-0.24,-0.01,0.2,0,0,"Phylogenetic+Spatial: regional"
"503",24,-0.01,0.1,-0.23,-0.01,0.21,0,0,"Phylogenetic+Spatial: regional"
"504",25,-0.01,0.1,-0.23,-0.01,0.21,0,0,"Phylogenetic+Spatial: regional"
"505",26,-0.01,0.1,-0.23,-0.01,0.21,0,0,"Phylogenetic+Spatial: regional"
"506",27,-0.01,0.11,-0.24,-0.01,0.22,0,0,"Phylogenetic+Spatial: regional"
"507",28,-0.01,0.11,-0.24,-0.01,0.22,0,0,"Phylogenetic+Spatial: regional"
"508",29,-0.01,0.11,-0.24,-0.01,0.21,0,0,"Phylogenetic+Spatial: regional"
"509",30,-0.01,0.11,-0.24,-0.01,0.22,0,0,"Phylogenetic+Spatial: regional"
"510",31,-0.01,0.11,-0.24,-0.01,0.22,0,0,"Phylogenetic+Spatial: regional"
"511",32,-0.01,0.11,-0.24,-0.01,0.22,0,0,"Phylogenetic+Spatial: regional"
"512",33,-0.01,0.11,-0.25,-0.01,0.22,0,0,"Phylogenetic+Spatial: regional"
"513",34,-0.01,0.11,-0.24,-0.01,0.22,0,0,"Phylogenetic+Spatial: regional"
"514",35,-0.01,0.11,-0.23,0,0.23,0,0,"Phylogenetic+Spatial: regional"
"515",36,0,0.11,-0.23,0,0.23,0,0,"Phylogenetic+Spatial: regional"
"516",37,0,0.11,-0.23,0,0.24,0,0,"Phylogenetic+Spatial: regional"
"517",38,-0.01,0.11,-0.24,-0.01,0.21,0,0,"Phylogenetic+Spatial: regional"
"518",39,-0.01,0.11,-0.24,-0.01,0.22,0,0,"Phylogenetic+Spatial: regional"
"519",40,-0.01,0.11,-0.25,-0.01,0.22,0,0,"Phylogenetic+Spatial: regional"
"520",41,-0.01,0.11,-0.24,0,0.23,0,0,"Phylogenetic+Spatial: regional"
"521",42,-0.02,0.1,-0.26,-0.01,0.18,0,0,"Phylogenetic+Spatial: regional"
"522",43,-0.04,0.11,-0.3,-0.02,0.16,0,0,"Phylogenetic+Spatial: regional"
"523",44,-0.04,0.11,-0.31,-0.02,0.16,0,0,"Phylogenetic+Spatial: regional"
"524",45,-0.05,0.12,-0.33,-0.03,0.17,0,0,"Phylogenetic+Spatial: regional"
"525",46,-0.05,0.12,-0.34,-0.03,0.16,0,0,"Phylogenetic+Spatial: regional"
"526",47,-0.05,0.12,-0.34,-0.03,0.16,0,0,"Phylogenetic+Spatial: regional"
"527",48,-0.04,0.11,-0.3,-0.02,0.17,0,0,"Phylogenetic+Spatial: regional"
"528",49,-0.04,0.11,-0.31,-0.02,0.17,0,0,"Phylogenetic+Spatial: regional"
"529",50,-0.02,0.1,-0.26,-0.01,0.18,0,0,"Phylogenetic+Spatial: regional"
"530",51,-0.03,0.09,-0.25,-0.01,0.15,0,0,"Phylogenetic+Spatial: regional"
"531",52,-0.05,0.17,-0.45,-0.02,0.27,0,0,"Phylogenetic+Spatial: regional"
"532",53,-0.05,0.17,-0.45,-0.02,0.28,0,0,"Phylogenetic+Spatial: regional"
"533",54,-0.07,0.2,-0.55,-0.03,0.29,-0.01,0,"Phylogenetic+Spatial: regional"
"534",55,-0.07,0.2,-0.56,-0.03,0.29,-0.01,0,"Phylogenetic+Spatial: regional"
"535",56,-0.03,0.14,-0.37,-0.01,0.25,0,0,"Phylogenetic+Spatial: regional"
"536",57,-0.04,0.19,-0.49,-0.02,0.32,0,0,"Phylogenetic+Spatial: regional"
"537",58,-0.02,0.09,-0.23,-0.01,0.15,0,0,"Phylogenetic+Spatial: regional"
"538",59,-0.06,0.18,-0.5,-0.03,0.27,-0.01,0,"Phylogenetic+Spatial: regional"
"539",60,0,0.18,-0.38,0,0.39,0,0,"Phylogenetic+Spatial: regional"
"540",61,0,0.18,-0.38,0,0.39,0,0,"Phylogenetic+Spatial: regional"
"541",62,0,0.18,-0.39,0,0.41,0,0,"Phylogenetic+Spatial: regional"
"542",63,0,0.09,-0.22,0,0.19,0,0,"Phylogenetic+Spatial: regional"
"543",64,0.03,0.12,-0.19,0.02,0.29,0,0,"Phylogenetic+Spatial: regional"
"544",65,0.03,0.12,-0.19,0.02,0.29,0,0,"Phylogenetic+Spatial: regional"
"545",66,0.03,0.12,-0.19,0.02,0.29,0,0,"Phylogenetic+Spatial: regional"
"546",67,0.03,0.12,-0.19,0.02,0.29,0,0,"Phylogenetic+Spatial: regional"
"547",68,0.03,0.12,-0.19,0.02,0.29,0,0,"Phylogenetic+Spatial: regional"
"548",69,0.03,0.12,-0.2,0.02,0.29,0,0,"Phylogenetic+Spatial: regional"
"549",70,0.03,0.12,-0.2,0.02,0.29,0,0,"Phylogenetic+Spatial: regional"
"550",71,0.03,0.12,-0.2,0.02,0.29,0,0,"Phylogenetic+Spatial: regional"
"551",72,0.03,0.12,-0.2,0.02,0.3,0,0,"Phylogenetic+Spatial: regional"
"552",73,0.03,0.12,-0.21,0.02,0.3,0,0,"Phylogenetic+Spatial: regional"
"553",74,0.03,0.12,-0.2,0.02,0.29,0,0,"Phylogenetic+Spatial: regional"
"554",75,0.03,0.12,-0.2,0.02,0.3,0,0,"Phylogenetic+Spatial: regional"
"555",76,0.03,0.12,-0.2,0.02,0.3,0,0,"Phylogenetic+Spatial: regional"
"556",77,0.03,0.13,-0.22,0.02,0.32,0,0,"Phylogenetic+Spatial: regional"
"557",78,0.03,0.12,-0.22,0.02,0.31,0,0,"Phylogenetic+Spatial: regional"
"558",79,0.04,0.13,-0.21,0.02,0.32,0,0,"Phylogenetic+Spatial: regional"
"559",80,0.04,0.13,-0.21,0.02,0.32,0,0,"Phylogenetic+Spatial: regional"
"560",81,0.04,0.13,-0.21,0.02,0.33,0,0,"Phylogenetic+Spatial: regional"
"561",82,0.02,0.14,-0.26,0.01,0.32,0,0,"Phylogenetic+Spatial: regional"
"562",83,0.02,0.14,-0.26,0.01,0.32,0,0,"Phylogenetic+Spatial: regional"
"563",84,0.02,0.14,-0.26,0.01,0.32,0,0,"Phylogenetic+Spatial: regional"
"564",85,0.02,0.14,-0.27,0.01,0.32,0,0,"Phylogenetic+Spatial: regional"
"565",86,0.02,0.14,-0.27,0.01,0.32,0,0,"Phylogenetic+Spatial: regional"
"566",87,0.02,0.14,-0.28,0.01,0.32,0,0,"Phylogenetic+Spatial: regional"
"567",88,0.02,0.14,-0.26,0.01,0.33,0,0,"Phylogenetic+Spatial: regional"
"568",89,0.03,0.14,-0.26,0.01,0.34,0,0,"Phylogenetic+Spatial: regional"
"569",90,0.02,0.14,-0.28,0.01,0.33,0,0,"Phylogenetic+Spatial: regional"
"570",91,0.02,0.14,-0.26,0.01,0.33,0,0,"Phylogenetic+Spatial: regional"
"571",92,0,0.02,-0.05,0,0.04,0,0,"Phylogenetic+Spatial: regional"
"572",93,0,0.04,-0.08,0,0.07,0,0,"Phylogenetic+Spatial: regional"
"573",94,-0.01,0.05,-0.13,0,0.11,0,0,"Phylogenetic+Spatial: regional"
"574",95,0.01,0.16,-0.32,0.01,0.37,0,0,"Phylogenetic+Spatial: regional"
"575",96,0.09,0.2,-0.26,0.05,0.58,0,0,"Phylogenetic+Spatial: regional"
"576",97,0.09,0.2,-0.26,0.05,0.58,0,0,"Phylogenetic+Spatial: regional"
"577",98,0.09,0.2,-0.26,0.05,0.58,0,0,"Phylogenetic+Spatial: regional"
"578",99,0.1,0.21,-0.26,0.05,0.6,0,0,"Phylogenetic+Spatial: regional"
"579",100,0.1,0.21,-0.26,0.05,0.6,0,0,"Phylogenetic+Spatial: regional"
"580",101,0.1,0.21,-0.26,0.05,0.6,0,0,"Phylogenetic+Spatial: regional"
"581",102,0.1,0.21,-0.26,0.05,0.6,0,0,"Phylogenetic+Spatial: regional"
"582",103,0.1,0.21,-0.26,0.05,0.61,0.01,0,"Phylogenetic+Spatial: regional"
"583",104,0.1,0.21,-0.26,0.05,0.61,0.01,0,"Phylogenetic+Spatial: regional"
"584",105,0.1,0.21,-0.26,0.05,0.62,0.01,0,"Phylogenetic+Spatial: regional"
"585",106,0.1,0.21,-0.26,0.05,0.61,0.01,0,"Phylogenetic+Spatial: regional"
"586",107,0.1,0.21,-0.26,0.05,0.6,0,0,"Phylogenetic+Spatial: regional"
"587",108,0.1,0.21,-0.26,0.05,0.6,0,0,"Phylogenetic+Spatial: regional"
"588",109,0.1,0.21,-0.26,0.05,0.61,0,0,"Phylogenetic+Spatial: regional"
"589",110,0.08,0.2,-0.29,0.04,0.55,0,0,"Phylogenetic+Spatial: regional"
"590",111,-0.01,0.07,-0.17,0,0.13,0,0,"Phylogenetic+Spatial: regional"
"591",112,-0.02,0.1,-0.25,-0.01,0.18,0,0,"Phylogenetic+Spatial: regional"
"592",113,-0.12,0.18,-0.55,-0.08,0.18,-0.01,0,"Phylogenetic+Spatial: regional"
"593",114,-0.12,0.19,-0.55,-0.08,0.19,-0.01,0,"Phylogenetic+Spatial: regional"
"594",115,-0.13,0.19,-0.56,-0.09,0.18,-0.01,0,"Phylogenetic+Spatial: regional"
"595",116,-0.13,0.19,-0.56,-0.09,0.18,-0.01,0,"Phylogenetic+Spatial: regional"
"596",117,-0.13,0.19,-0.56,-0.09,0.18,-0.01,0,"Phylogenetic+Spatial: regional"
"597",118,-0.13,0.19,-0.57,-0.09,0.18,-0.01,0,"Phylogenetic+Spatial: regional"
"598",119,0.13,0.25,-0.27,0.07,0.74,0.01,0,"Phylogenetic+Spatial: regional"
"599",120,-0.03,0.17,-0.43,-0.01,0.32,0,0,"Phylogenetic+Spatial: regional"
"600",121,-0.03,0.18,-0.44,-0.01,0.32,0,0,"Phylogenetic+Spatial: regional"
"601",122,-0.04,0.18,-0.44,-0.02,0.31,0,0,"Phylogenetic+Spatial: regional"
"602",123,-0.03,0.18,-0.44,-0.02,0.31,0,0,"Phylogenetic+Spatial: regional"
"603",124,-0.03,0.18,-0.43,-0.01,0.32,0,0,"Phylogenetic+Spatial: regional"
"604",125,-0.03,0.18,-0.43,-0.01,0.32,0,0,"Phylogenetic+Spatial: regional"
"605",126,-0.03,0.18,-0.43,-0.01,0.32,0,0,"Phylogenetic+Spatial: regional"
"606",127,-0.03,0.17,-0.43,-0.01,0.32,0,0,"Phylogenetic+Spatial: regional"
"607",128,-0.04,0.18,-0.44,-0.02,0.31,0,0,"Phylogenetic+Spatial: regional"
"608",129,-0.03,0.17,-0.42,-0.01,0.33,0,0,"Phylogenetic+Spatial: regional"
"609",130,-0.03,0.17,-0.43,-0.01,0.32,0,0,"Phylogenetic+Spatial: regional"
"610",131,-0.03,0.18,-0.43,-0.01,0.32,0,0,"Phylogenetic+Spatial: regional"
"611",132,-0.02,0.12,-0.28,-0.01,0.22,0,0,"Phylogenetic+Spatial: regional"
"612",133,-0.01,0.12,-0.26,-0.01,0.24,0,0,"Phylogenetic+Spatial: regional"
"613",134,-0.01,0.11,-0.24,0,0.23,0,0,"Phylogenetic+Spatial: regional"
"614",135,-0.01,0.11,-0.24,-0.01,0.23,0,0,"Phylogenetic+Spatial: regional"
"615",136,-0.01,0.11,-0.25,-0.01,0.22,0,0,"Phylogenetic+Spatial: regional"
"616",137,-0.01,0.11,-0.25,-0.01,0.22,0,0,"Phylogenetic+Spatial: regional"
"617",138,-0.01,0.11,-0.25,-0.01,0.22,0,0,"Phylogenetic+Spatial: regional"
"618",139,-0.01,0.11,-0.25,-0.01,0.22,0,0,"Phylogenetic+Spatial: regional"
"619",140,-0.01,0.11,-0.25,-0.01,0.22,0,0,"Phylogenetic+Spatial: regional"
"620",141,-0.01,0.11,-0.25,-0.01,0.22,0,0,"Phylogenetic+Spatial: regional"
"621",142,-0.01,0.11,-0.24,0,0.23,0,0,"Phylogenetic+Spatial: regional"
"622",143,-0.01,0.11,-0.24,0,0.23,0,0,"Phylogenetic+Spatial: regional"
"623",144,0,0.11,-0.23,0,0.24,0,0,"Phylogenetic+Spatial: regional"
"624",145,0,0.11,-0.23,0,0.24,0,0,"Phylogenetic+Spatial: regional"
"625",146,0,0.11,-0.23,0,0.24,0,0,"Phylogenetic+Spatial: regional"
"626",147,0,0.11,-0.24,0,0.24,0,0,"Phylogenetic+Spatial: regional"
"627",148,-0.01,0.11,-0.25,-0.01,0.22,0,0,"Phylogenetic+Spatial: regional"
"628",149,-0.01,0.11,-0.25,-0.01,0.22,0,0,"Phylogenetic+Spatial: regional"
"629",150,-0.01,0.11,-0.25,-0.01,0.22,0,0,"Phylogenetic+Spatial: regional"
"630",151,-0.01,0.11,-0.24,0,0.23,0,0,"Phylogenetic+Spatial: regional"
"631",152,-0.01,0.11,-0.24,0,0.23,0,0,"Phylogenetic+Spatial: regional"
"632",153,-0.02,0.11,-0.27,-0.01,0.21,0,0,"Phylogenetic+Spatial: regional"
"633",154,-0.05,0.12,-0.33,-0.03,0.17,0,0,"Phylogenetic+Spatial: regional"
"634",155,-0.05,0.12,-0.33,-0.03,0.17,0,0,"Phylogenetic+Spatial: regional"
"635",156,-0.05,0.12,-0.35,-0.03,0.16,0,0,"Phylogenetic+Spatial: regional"
"636",157,-0.05,0.12,-0.35,-0.03,0.16,0,0,"Phylogenetic+Spatial: regional"
"637",158,-0.05,0.12,-0.34,-0.03,0.16,0,0,"Phylogenetic+Spatial: regional"
"638",159,-0.04,0.12,-0.31,-0.02,0.18,0,0,"Phylogenetic+Spatial: regional"
"639",160,-0.04,0.12,-0.31,-0.02,0.18,0,0,"Phylogenetic+Spatial: regional"
"640",161,-0.04,0.12,-0.32,-0.02,0.18,0,0,"Phylogenetic+Spatial: regional"
"641",162,-0.03,0.12,-0.29,-0.01,0.21,0,0,"Phylogenetic+Spatial: regional"
"642",163,-0.02,0.12,-0.27,-0.01,0.22,0,0,"Phylogenetic+Spatial: regional"
"643",164,-0.03,0.12,-0.3,-0.01,0.21,0,0,"Phylogenetic+Spatial: regional"
"644",165,-0.06,0.18,-0.47,-0.03,0.28,-0.01,0,"Phylogenetic+Spatial: regional"
"645",166,-0.05,0.17,-0.45,-0.02,0.29,0,0,"Phylogenetic+Spatial: regional"
"646",167,-0.05,0.17,-0.45,-0.02,0.28,0,0,"Phylogenetic+Spatial: regional"
"647",168,-0.07,0.2,-0.56,-0.03,0.3,-0.01,0,"Phylogenetic+Spatial: regional"
"648",169,-0.07,0.2,-0.56,-0.03,0.29,-0.01,0,"Phylogenetic+Spatial: regional"
"649",170,-0.07,0.2,-0.56,-0.03,0.29,-0.01,0,"Phylogenetic+Spatial: regional"
"650",171,-0.04,0.19,-0.5,-0.02,0.33,0,0,"Phylogenetic+Spatial: regional"
"651",172,-0.04,0.19,-0.5,-0.02,0.33,0,0,"Phylogenetic+Spatial: regional"
"652",173,-0.03,0.2,-0.48,-0.01,0.37,0,0,"Phylogenetic+Spatial: regional"
"653",174,-0.05,0.2,-0.52,-0.02,0.34,0,0,"Phylogenetic+Spatial: regional"
"654",175,-0.08,0.21,-0.61,-0.04,0.28,0,0,"Phylogenetic+Spatial: regional"
"655",176,-0.01,0.2,-0.45,0,0.42,0,0,"Phylogenetic+Spatial: regional"
"656",177,0.01,0.2,-0.41,0,0.46,0,0,"Phylogenetic+Spatial: regional"
"657",178,0,0.2,-0.42,0,0.44,0,0,"Phylogenetic+Spatial: regional"
"658",179,0.01,0.2,-0.41,0,0.46,0,0,"Phylogenetic+Spatial: regional"
"659",180,0.03,0.12,-0.21,0.02,0.31,0,0,"Phylogenetic+Spatial: regional"
"660",181,0.03,0.12,-0.21,0.02,0.3,0,0,"Phylogenetic+Spatial: regional"
"661",182,0.03,0.12,-0.21,0.02,0.3,0,0,"Phylogenetic+Spatial: regional"
"662",183,0.03,0.12,-0.21,0.02,0.3,0,0,"Phylogenetic+Spatial: regional"
"663",184,0.04,0.12,-0.21,0.02,0.31,0,0,"Phylogenetic+Spatial: regional"
"664",185,0.04,0.12,-0.21,0.02,0.31,0,0,"Phylogenetic+Spatial: regional"
"665",186,0.04,0.12,-0.21,0.02,0.31,0,0,"Phylogenetic+Spatial: regional"
"666",187,0.03,0.13,-0.22,0.02,0.31,0,0,"Phylogenetic+Spatial: regional"
"667",188,0.03,0.13,-0.22,0.02,0.31,0,0,"Phylogenetic+Spatial: regional"
"668",189,0.03,0.13,-0.22,0.02,0.32,0,0,"Phylogenetic+Spatial: regional"
"669",190,0.03,0.13,-0.22,0.02,0.32,0,0,"Phylogenetic+Spatial: regional"
"670",191,0.03,0.13,-0.22,0.02,0.32,0,0,"Phylogenetic+Spatial: regional"
"671",192,0.03,0.13,-0.23,0.02,0.31,0,0,"Phylogenetic+Spatial: regional"
"672",193,0.03,0.13,-0.23,0.02,0.31,0,0,"Phylogenetic+Spatial: regional"
"673",194,0.04,0.13,-0.22,0.02,0.33,0,0,"Phylogenetic+Spatial: regional"
"674",195,0.04,0.13,-0.21,0.02,0.33,0,0,"Phylogenetic+Spatial: regional"
"675",196,0.04,0.13,-0.21,0.02,0.33,0,0,"Phylogenetic+Spatial: regional"
"676",197,0.04,0.13,-0.22,0.02,0.33,0,0,"Phylogenetic+Spatial: regional"
"677",198,0.04,0.13,-0.22,0.02,0.33,0,0,"Phylogenetic+Spatial: regional"
"678",199,0.02,0.14,-0.28,0.01,0.33,0,0,"Phylogenetic+Spatial: regional"
"679",200,0.02,0.14,-0.28,0.01,0.32,0,0,"Phylogenetic+Spatial: regional"
"680",201,0.02,0.14,-0.28,0.01,0.32,0,0,"Phylogenetic+Spatial: regional"
"681",202,0.02,0.14,-0.28,0.01,0.33,0,0,"Phylogenetic+Spatial: regional"
"682",203,0.03,0.14,-0.27,0.01,0.34,0,0,"Phylogenetic+Spatial: regional"
"683",204,0.03,0.14,-0.27,0.02,0.34,0,0,"Phylogenetic+Spatial: regional"
"684",205,0.03,0.14,-0.27,0.01,0.34,0,0,"Phylogenetic+Spatial: regional"
"685",206,0.02,0.14,-0.28,0.01,0.34,0,0,"Phylogenetic+Spatial: regional"
"686",207,0.02,0.14,-0.28,0.01,0.33,0,0,"Phylogenetic+Spatial: regional"
"687",208,0.03,0.15,-0.28,0.01,0.35,0,0,"Phylogenetic+Spatial: regional"
"688",209,0.03,0.15,-0.28,0.01,0.35,0,0,"Phylogenetic+Spatial: regional"
"689",210,0.1,0.21,-0.27,0.05,0.61,0,0,"Phylogenetic+Spatial: regional"
"690",211,0.11,0.22,-0.26,0.06,0.64,0.01,0,"Phylogenetic+Spatial: regional"
"691",212,0.1,0.21,-0.27,0.05,0.62,0,0,"Phylogenetic+Spatial: regional"
"692",213,0.1,0.21,-0.26,0.05,0.62,0.01,0,"Phylogenetic+Spatial: regional"
"693",214,0.1,0.21,-0.26,0.06,0.62,0.01,0,"Phylogenetic+Spatial: regional"
"694",215,0.1,0.21,-0.26,0.05,0.62,0.01,0,"Phylogenetic+Spatial: regional"
"695",216,0.1,0.21,-0.26,0.06,0.62,0.01,0,"Phylogenetic+Spatial: regional"
"696",217,0.1,0.21,-0.26,0.05,0.62,0.01,0,"Phylogenetic+Spatial: regional"
"697",218,0.1,0.21,-0.27,0.05,0.62,0,0,"Phylogenetic+Spatial: regional"
"698",219,0.1,0.21,-0.27,0.05,0.62,0,0,"Phylogenetic+Spatial: regional"
"699",220,0.09,0.21,-0.28,0.05,0.6,0,0,"Phylogenetic+Spatial: regional"
"700",221,0.1,0.21,-0.27,0.05,0.62,0,0,"Phylogenetic+Spatial: regional"
"701",222,0.07,0.21,-0.31,0.04,0.55,0.01,0,"Phylogenetic+Spatial: regional"
"702",223,0.07,0.2,-0.32,0.03,0.54,0.01,0,"Phylogenetic+Spatial: regional"
"703",224,0.1,0.22,-0.27,0.05,0.62,0,0,"Phylogenetic+Spatial: regional"
"704",225,0.1,0.22,-0.27,0.05,0.63,0,0,"Phylogenetic+Spatial: regional"
"705",226,-0.05,0.24,-0.61,-0.02,0.4,0,0,"Phylogenetic+Spatial: regional"
"706",227,-0.08,0.24,-0.65,-0.04,0.35,-0.01,0,"Phylogenetic+Spatial: regional"
"707",228,-0.09,0.24,-0.66,-0.04,0.34,-0.01,0,"Phylogenetic+Spatial: regional"
"708",229,-0.01,0.22,-0.49,0,0.45,0,0,"Phylogenetic+Spatial: regional"
"709",230,0,0.22,-0.47,0,0.48,0,0,"Phylogenetic+Spatial: regional"
"710",231,-0.12,0.19,-0.55,-0.08,0.19,-0.01,0,"Phylogenetic+Spatial: regional"
"711",232,-0.12,0.19,-0.56,-0.08,0.19,-0.01,0,"Phylogenetic+Spatial: regional"
"712",233,-0.13,0.19,-0.57,-0.09,0.18,-0.01,0,"Phylogenetic+Spatial: regional"
"713",234,-0.13,0.19,-0.57,-0.09,0.18,-0.01,0,"Phylogenetic+Spatial: regional"
"714",235,-0.13,0.19,-0.57,-0.09,0.18,-0.01,0,"Phylogenetic+Spatial: regional"
"715",236,-0.13,0.19,-0.58,-0.09,0.18,-0.01,0,"Phylogenetic+Spatial: regional"
"716",237,-0.13,0.19,-0.57,-0.09,0.18,-0.01,0,"Phylogenetic+Spatial: regional"
"717",238,0.1,0.26,-0.34,0.05,0.74,0,0,"Phylogenetic+Spatial: regional"
"718",1,0,0.05,-0.11,0,0.12,0,0,"Phylogenetic+Areal"
"719",2,0,0.02,-0.04,0,0.04,0,0,"Phylogenetic+Areal"
"720",3,-0.02,0.07,-0.19,-0.01,0.13,0,0,"Phylogenetic+Areal"
"721",4,-0.02,0.08,-0.2,-0.01,0.12,0,0,"Phylogenetic+Areal"
"722",5,-0.02,0.08,-0.2,-0.01,0.12,0,0,"Phylogenetic+Areal"
"723",6,-0.14,0.18,-0.58,-0.1,0.12,-0.01,0,"Phylogenetic+Areal"
"724",7,-0.14,0.18,-0.58,-0.1,0.12,-0.01,0,"Phylogenetic+Areal"
"725",8,-0.14,0.18,-0.58,-0.1,0.12,-0.01,0,"Phylogenetic+Areal"
"726",9,-0.14,0.18,-0.58,-0.1,0.12,-0.01,0,"Phylogenetic+Areal"
"727",10,-0.14,0.18,-0.58,-0.1,0.12,-0.01,0,"Phylogenetic+Areal"
"728",11,-0.14,0.18,-0.58,-0.1,0.12,-0.01,0,"Phylogenetic+Areal"
"729",12,-0.15,0.19,-0.59,-0.1,0.12,-0.01,0,"Phylogenetic+Areal"
"730",13,-0.14,0.18,-0.58,-0.1,0.12,-0.01,0,"Phylogenetic+Areal"
"731",14,-0.14,0.18,-0.58,-0.1,0.12,-0.01,0,"Phylogenetic+Areal"
"732",15,-0.14,0.18,-0.58,-0.1,0.12,-0.01,0,"Phylogenetic+Areal"
"733",16,-0.14,0.18,-0.58,-0.1,0.12,-0.01,0,"Phylogenetic+Areal"
"734",17,-0.02,0.08,-0.2,-0.01,0.12,0,0,"Phylogenetic+Areal"
"735",18,-0.02,0.08,-0.2,-0.01,0.12,0,0,"Phylogenetic+Areal"
"736",19,0.02,0.09,-0.16,0.01,0.22,0,0,"Phylogenetic+Areal"
"737",20,0.02,0.09,-0.16,0.01,0.22,0,0,"Phylogenetic+Areal"
"738",21,0.02,0.09,-0.16,0.01,0.22,0,0,"Phylogenetic+Areal"
"739",22,0.02,0.09,-0.16,0.01,0.22,0,0,"Phylogenetic+Areal"
"740",23,0.02,0.09,-0.16,0.01,0.23,0,0,"Phylogenetic+Areal"
"741",24,0.02,0.09,-0.16,0.01,0.23,0,0,"Phylogenetic+Areal"
"742",25,0.02,0.09,-0.16,0.01,0.23,0,0,"Phylogenetic+Areal"
"743",26,0.02,0.09,-0.16,0.01,0.23,0,0,"Phylogenetic+Areal"
"744",27,0.02,0.1,-0.17,0.01,0.24,0,0,"Phylogenetic+Areal"
"745",28,0.02,0.1,-0.17,0.01,0.24,0,0,"Phylogenetic+Areal"
"746",29,0.02,0.1,-0.16,0.01,0.24,0,0,"Phylogenetic+Areal"
"747",30,0.02,0.1,-0.16,0.01,0.24,0,0,"Phylogenetic+Areal"
"748",31,0.02,0.1,-0.17,0.01,0.24,0,0,"Phylogenetic+Areal"
"749",32,0.02,0.1,-0.17,0.01,0.24,0,0,"Phylogenetic+Areal"
"750",33,0.02,0.1,-0.17,0.01,0.24,0,0,"Phylogenetic+Areal"
"751",34,0.02,0.1,-0.17,0.01,0.24,0,0,"Phylogenetic+Areal"
"752",35,0.03,0.1,-0.16,0.01,0.24,0,0,"Phylogenetic+Areal"
"753",36,0.03,0.1,-0.16,0.01,0.25,0,0,"Phylogenetic+Areal"
"754",37,0.03,0.1,-0.16,0.01,0.25,0,0,"Phylogenetic+Areal"
"755",38,0.02,0.09,-0.16,0.01,0.23,0,0,"Phylogenetic+Areal"
"756",39,0.02,0.1,-0.17,0.01,0.24,0,0,"Phylogenetic+Areal"
"757",40,0.02,0.1,-0.17,0.01,0.24,0,0,"Phylogenetic+Areal"
"758",41,0.02,0.1,-0.17,0.01,0.25,0,0,"Phylogenetic+Areal"
"759",42,0.02,0.09,-0.17,0.01,0.22,0,0,"Phylogenetic+Areal"
"760",43,0.01,0.09,-0.19,0,0.21,0,0,"Phylogenetic+Areal"
"761",44,0,0.1,-0.2,0,0.21,0,0,"Phylogenetic+Areal"
"762",45,0,0.1,-0.21,0,0.21,0,0,"Phylogenetic+Areal"
"763",46,0,0.1,-0.22,0,0.21,0,0,"Phylogenetic+Areal"
"764",47,0,0.1,-0.22,0,0.21,0,0,"Phylogenetic+Areal"
"765",48,0.01,0.1,-0.19,0,0.21,0,0,"Phylogenetic+Areal"
"766",49,0.01,0.1,-0.2,0,0.22,0,0,"Phylogenetic+Areal"
"767",50,0.02,0.09,-0.17,0.01,0.22,0,0,"Phylogenetic+Areal"
"768",51,-0.03,0.09,-0.24,-0.01,0.13,0,0,"Phylogenetic+Areal"
"769",52,-0.08,0.17,-0.48,-0.04,0.23,0,0,"Phylogenetic+Areal"
"770",53,-0.07,0.17,-0.48,-0.04,0.24,0,0,"Phylogenetic+Areal"
"771",54,-0.07,0.17,-0.46,-0.04,0.25,0,0,"Phylogenetic+Areal"
"772",55,-0.07,0.17,-0.47,-0.04,0.25,0,0,"Phylogenetic+Areal"
"773",56,-0.03,0.14,-0.34,-0.01,0.24,0,0,"Phylogenetic+Areal"
"774",57,-0.03,0.18,-0.43,-0.01,0.33,0,0,"Phylogenetic+Areal"
"775",58,-0.02,0.08,-0.21,-0.01,0.14,0,0,"Phylogenetic+Areal"
"776",59,-0.05,0.17,-0.45,-0.02,0.26,0,0,"Phylogenetic+Areal"
"777",60,0.01,0.16,-0.32,0.01,0.37,0,0,"Phylogenetic+Areal"
"778",61,0.01,0.16,-0.32,0.01,0.37,0,0,"Phylogenetic+Areal"
"779",62,0.01,0.16,-0.32,0.01,0.38,0,0,"Phylogenetic+Areal"
"780",63,0.01,0.09,-0.18,0,0.2,0,0,"Phylogenetic+Areal"
"781",64,0.07,0.12,-0.13,0.05,0.35,0.01,0,"Phylogenetic+Areal"
"782",65,0.07,0.12,-0.13,0.05,0.35,0.01,0,"Phylogenetic+Areal"
"783",66,0.07,0.12,-0.13,0.05,0.35,0.01,0,"Phylogenetic+Areal"
"784",67,0.07,0.12,-0.13,0.05,0.35,0.01,0,"Phylogenetic+Areal"
"785",68,0.07,0.12,-0.13,0.05,0.35,0.01,0,"Phylogenetic+Areal"
"786",69,0.07,0.12,-0.13,0.05,0.35,0.01,0,"Phylogenetic+Areal"
"787",70,0.07,0.12,-0.13,0.05,0.35,0.01,0,"Phylogenetic+Areal"
"788",71,0.07,0.12,-0.13,0.05,0.36,0.01,0,"Phylogenetic+Areal"
"789",72,0.07,0.12,-0.14,0.05,0.36,0.01,0,"Phylogenetic+Areal"
"790",73,0.07,0.12,-0.14,0.05,0.35,0.01,0,"Phylogenetic+Areal"
"791",74,0.07,0.12,-0.13,0.05,0.35,0.01,0,"Phylogenetic+Areal"
"792",75,0.07,0.12,-0.13,0.05,0.35,0.01,0,"Phylogenetic+Areal"
"793",76,0.07,0.12,-0.13,0.05,0.35,0.01,0,"Phylogenetic+Areal"
"794",77,0.07,0.13,-0.15,0.05,0.37,0.01,0,"Phylogenetic+Areal"
"795",78,0.07,0.13,-0.15,0.04,0.36,0.01,0,"Phylogenetic+Areal"
"796",79,0.08,0.13,-0.13,0.05,0.38,0.01,0,"Phylogenetic+Areal"
"797",80,0.08,0.13,-0.13,0.05,0.38,0.01,0,"Phylogenetic+Areal"
"798",81,0.08,0.13,-0.14,0.05,0.39,0.01,0,"Phylogenetic+Areal"
"799",82,0.06,0.14,-0.2,0.03,0.38,0,0,"Phylogenetic+Areal"
"800",83,0.06,0.14,-0.2,0.04,0.39,0,0,"Phylogenetic+Areal"
"801",84,0.06,0.14,-0.2,0.04,0.39,0,0,"Phylogenetic+Areal"
"802",85,0.06,0.14,-0.2,0.04,0.39,0,0,"Phylogenetic+Areal"
"803",86,0.06,0.14,-0.21,0.03,0.39,0,0,"Phylogenetic+Areal"
"804",87,0.06,0.15,-0.21,0.03,0.4,0,0,"Phylogenetic+Areal"
"805",88,0.06,0.15,-0.2,0.04,0.4,0,0,"Phylogenetic+Areal"
"806",89,0.06,0.15,-0.2,0.04,0.41,0,0,"Phylogenetic+Areal"
"807",90,0.06,0.15,-0.21,0.03,0.4,0,0,"Phylogenetic+Areal"
"808",91,0.06,0.14,-0.2,0.03,0.39,0,0,"Phylogenetic+Areal"
"809",92,0,0.02,-0.04,0,0.04,0,0,"Phylogenetic+Areal"
"810",93,0,0.03,-0.08,0,0.07,0,0,"Phylogenetic+Areal"
"811",94,0,0.05,-0.12,0,0.11,0,0,"Phylogenetic+Areal"
"812",95,-0.01,0.15,-0.35,-0.01,0.3,0,0,"Phylogenetic+Areal"
"813",96,0.01,0.17,-0.35,0,0.39,0,0,"Phylogenetic+Areal"
"814",97,0.01,0.17,-0.36,0,0.38,0,0,"Phylogenetic+Areal"
"815",98,0.01,0.17,-0.36,0,0.38,0,0,"Phylogenetic+Areal"
"816",99,0.01,0.18,-0.36,0.01,0.39,0,0,"Phylogenetic+Areal"
"817",100,0.01,0.18,-0.36,0.01,0.39,0,0,"Phylogenetic+Areal"
"818",101,0.01,0.18,-0.36,0.01,0.4,0,0,"Phylogenetic+Areal"
"819",102,0.01,0.18,-0.36,0.01,0.4,0,0,"Phylogenetic+Areal"
"820",103,0.01,0.18,-0.36,0.01,0.4,0,0,"Phylogenetic+Areal"
"821",104,0.01,0.18,-0.36,0.01,0.4,0,0,"Phylogenetic+Areal"
"822",105,0.02,0.18,-0.36,0.01,0.41,0,0,"Phylogenetic+Areal"
"823",106,0.01,0.18,-0.36,0.01,0.41,0,0,"Phylogenetic+Areal"
"824",107,0.01,0.18,-0.36,0.01,0.4,0,0,"Phylogenetic+Areal"
"825",108,0.01,0.18,-0.37,0,0.4,0,0,"Phylogenetic+Areal"
"826",109,0.01,0.18,-0.37,0,0.4,0,0,"Phylogenetic+Areal"
"827",110,-0.01,0.18,-0.39,0,0.36,0,0,"Phylogenetic+Areal"
"828",111,0,0.07,-0.15,0,0.14,0,0,"Phylogenetic+Areal"
"829",112,-0.01,0.09,-0.22,0,0.19,0,0,"Phylogenetic+Areal"
"830",113,-0.09,0.18,-0.49,-0.05,0.24,-0.01,0,"Phylogenetic+Areal"
"831",114,-0.08,0.18,-0.5,-0.05,0.25,-0.01,0,"Phylogenetic+Areal"
"832",115,-0.09,0.18,-0.5,-0.05,0.24,-0.01,0,"Phylogenetic+Areal"
"833",116,-0.09,0.18,-0.5,-0.05,0.24,-0.01,0,"Phylogenetic+Areal"
"834",117,-0.09,0.18,-0.5,-0.05,0.24,-0.01,0,"Phylogenetic+Areal"
"835",118,-0.09,0.18,-0.5,-0.05,0.24,-0.01,0,"Phylogenetic+Areal"
"836",119,0.1,0.24,-0.31,0.05,0.69,0,0,"Phylogenetic+Areal"
"837",120,-0.14,0.19,-0.59,-0.09,0.13,-0.01,0,"Phylogenetic+Areal"
"838",121,-0.14,0.19,-0.6,-0.1,0.13,-0.01,0,"Phylogenetic+Areal"
"839",122,-0.15,0.19,-0.6,-0.1,0.13,-0.01,0,"Phylogenetic+Areal"
"840",123,-0.15,0.19,-0.61,-0.1,0.12,-0.01,0,"Phylogenetic+Areal"
"841",124,-0.15,0.19,-0.6,-0.1,0.13,-0.01,0,"Phylogenetic+Areal"
"842",125,-0.14,0.19,-0.59,-0.09,0.13,-0.01,0,"Phylogenetic+Areal"
"843",126,-0.14,0.19,-0.59,-0.1,0.13,-0.01,0,"Phylogenetic+Areal"
"844",127,-0.14,0.19,-0.59,-0.09,0.13,-0.01,0,"Phylogenetic+Areal"
"845",128,-0.15,0.19,-0.61,-0.1,0.12,-0.01,0,"Phylogenetic+Areal"
"846",129,-0.14,0.18,-0.58,-0.09,0.14,-0.01,0,"Phylogenetic+Areal"
"847",130,-0.14,0.19,-0.59,-0.09,0.13,-0.01,0,"Phylogenetic+Areal"
"848",131,-0.14,0.19,-0.59,-0.09,0.13,-0.01,0,"Phylogenetic+Areal"
"849",132,0.02,0.11,-0.19,0.01,0.26,0,0,"Phylogenetic+Areal"
"850",133,0.03,0.11,-0.18,0.01,0.28,0,0,"Phylogenetic+Areal"
"851",134,0.02,0.1,-0.17,0.01,0.25,0,0,"Phylogenetic+Areal"
"852",135,0.02,0.1,-0.17,0.01,0.25,0,0,"Phylogenetic+Areal"
"853",136,0.02,0.1,-0.17,0.01,0.25,0,0,"Phylogenetic+Areal"
"854",137,0.02,0.1,-0.17,0.01,0.24,0,0,"Phylogenetic+Areal"
"855",138,0.02,0.1,-0.17,0.01,0.24,0,0,"Phylogenetic+Areal"
"856",139,0.02,0.1,-0.17,0.01,0.24,0,0,"Phylogenetic+Areal"
"857",140,0.02,0.1,-0.17,0.01,0.24,0,0,"Phylogenetic+Areal"
"858",141,0.02,0.1,-0.17,0.01,0.24,0,0,"Phylogenetic+Areal"
"859",142,0.02,0.1,-0.17,0.01,0.25,0,0,"Phylogenetic+Areal"
"860",143,0.02,0.1,-0.17,0.01,0.25,0,0,"Phylogenetic+Areal"
"861",144,0.03,0.1,-0.16,0.01,0.26,0,0,"Phylogenetic+Areal"
"862",145,0.03,0.1,-0.17,0.01,0.26,0,0,"Phylogenetic+Areal"
"863",146,0.03,0.1,-0.17,0.01,0.26,0,0,"Phylogenetic+Areal"
"864",147,0.03,0.1,-0.17,0.01,0.25,0,0,"Phylogenetic+Areal"
"865",148,0.02,0.1,-0.18,0.01,0.24,0,0,"Phylogenetic+Areal"
"866",149,0.02,0.1,-0.18,0.01,0.24,0,0,"Phylogenetic+Areal"
"867",150,0.02,0.1,-0.18,0.01,0.25,0,0,"Phylogenetic+Areal"
"868",151,0.02,0.1,-0.17,0.01,0.25,0,0,"Phylogenetic+Areal"
"869",152,0.02,0.1,-0.17,0.01,0.25,0,0,"Phylogenetic+Areal"
"870",153,0.02,0.1,-0.18,0.01,0.24,0,0,"Phylogenetic+Areal"
"871",154,0,0.1,-0.22,0,0.21,0,0,"Phylogenetic+Areal"
"872",155,0,0.1,-0.22,0,0.21,0,0,"Phylogenetic+Areal"
"873",156,0,0.1,-0.23,0,0.21,0,0,"Phylogenetic+Areal"
"874",157,0,0.1,-0.22,0,0.21,0,0,"Phylogenetic+Areal"
"875",158,0,0.1,-0.22,0,0.21,0,0,"Phylogenetic+Areal"
"876",159,0.01,0.1,-0.21,0,0.23,0,0,"Phylogenetic+Areal"
"877",160,0.01,0.1,-0.2,0,0.23,0,0,"Phylogenetic+Areal"
"878",161,0.01,0.1,-0.21,0,0.23,0,0,"Phylogenetic+Areal"
"879",162,0.02,0.11,-0.2,0.01,0.25,0,0,"Phylogenetic+Areal"
"880",163,0.02,0.11,-0.19,0.01,0.26,0,0,"Phylogenetic+Areal"
"881",164,0.01,0.11,-0.2,0.01,0.24,0,0,"Phylogenetic+Areal"
"882",165,-0.09,0.18,-0.52,-0.05,0.23,0,0,"Phylogenetic+Areal"
"883",166,-0.07,0.18,-0.48,-0.04,0.25,0,0,"Phylogenetic+Areal"
"884",167,-0.07,0.18,-0.49,-0.04,0.24,0,0,"Phylogenetic+Areal"
"885",168,-0.07,0.17,-0.47,-0.04,0.25,0,0,"Phylogenetic+Areal"
"886",169,-0.07,0.17,-0.47,-0.04,0.25,0,0,"Phylogenetic+Areal"
"887",170,-0.07,0.17,-0.47,-0.04,0.25,0,0,"Phylogenetic+Areal"
"888",171,-0.03,0.18,-0.43,-0.01,0.34,0,0,"Phylogenetic+Areal"
"889",172,-0.03,0.18,-0.43,-0.01,0.34,0,0,"Phylogenetic+Areal"
"890",173,-0.04,0.19,-0.47,-0.02,0.34,0,0,"Phylogenetic+Areal"
"891",174,-0.04,0.19,-0.48,-0.02,0.33,0,0,"Phylogenetic+Areal"
"892",175,-0.07,0.2,-0.55,-0.03,0.28,-0.01,0,"Phylogenetic+Areal"
"893",176,0,0.18,-0.38,0,0.4,0,0,"Phylogenetic+Areal"
"894",177,0.02,0.18,-0.35,0.01,0.43,0,0,"Phylogenetic+Areal"
"895",178,0.01,0.18,-0.36,0.01,0.42,0,0,"Phylogenetic+Areal"
"896",179,0.03,0.18,-0.34,0.01,0.44,0,0,"Phylogenetic+Areal"
"897",180,0.08,0.13,-0.14,0.05,0.37,0.01,0,"Phylogenetic+Areal"
"898",181,0.07,0.13,-0.14,0.05,0.36,0.01,0,"Phylogenetic+Areal"
"899",182,0.07,0.13,-0.14,0.05,0.36,0.01,0,"Phylogenetic+Areal"
"900",183,0.07,0.13,-0.14,0.05,0.36,0.01,0,"Phylogenetic+Areal"
"901",184,0.08,0.13,-0.14,0.05,0.37,0.01,0,"Phylogenetic+Areal"
"902",185,0.08,0.13,-0.14,0.05,0.37,0.01,0,"Phylogenetic+Areal"
"903",186,0.08,0.13,-0.14,0.05,0.37,0.01,0,"Phylogenetic+Areal"
"904",187,0.07,0.13,-0.15,0.04,0.36,0.01,0,"Phylogenetic+Areal"
"905",188,0.07,0.13,-0.15,0.04,0.36,0.01,0,"Phylogenetic+Areal"
"906",189,0.07,0.13,-0.15,0.05,0.38,0.01,0,"Phylogenetic+Areal"
"907",190,0.07,0.13,-0.15,0.05,0.38,0.01,0,"Phylogenetic+Areal"
"908",191,0.07,0.13,-0.16,0.04,0.37,0.01,0,"Phylogenetic+Areal"
"909",192,0.07,0.13,-0.16,0.04,0.37,0.01,0,"Phylogenetic+Areal"
"910",193,0.07,0.13,-0.16,0.04,0.37,0.01,0,"Phylogenetic+Areal"
"911",194,0.08,0.13,-0.14,0.05,0.39,0.01,0,"Phylogenetic+Areal"
"912",195,0.08,0.13,-0.14,0.05,0.39,0.01,0,"Phylogenetic+Areal"
"913",196,0.08,0.13,-0.14,0.05,0.39,0.01,0,"Phylogenetic+Areal"
"914",197,0.08,0.13,-0.14,0.05,0.39,0.01,0,"Phylogenetic+Areal"
"915",198,0.08,0.14,-0.15,0.05,0.4,0.01,0,"Phylogenetic+Areal"
"916",199,0.06,0.15,-0.21,0.03,0.4,0,0,"Phylogenetic+Areal"
"917",200,0.06,0.15,-0.21,0.03,0.4,0,0,"Phylogenetic+Areal"
"918",201,0.06,0.15,-0.21,0.03,0.4,0,0,"Phylogenetic+Areal"
"919",202,0.06,0.15,-0.21,0.03,0.4,0,0,"Phylogenetic+Areal"
"920",203,0.06,0.15,-0.21,0.04,0.41,0,0,"Phylogenetic+Areal"
"921",204,0.06,0.15,-0.21,0.04,0.41,0,0,"Phylogenetic+Areal"
"922",205,0.06,0.15,-0.21,0.04,0.41,0,0,"Phylogenetic+Areal"
"923",206,0.06,0.15,-0.22,0.03,0.4,0,0,"Phylogenetic+Areal"
"924",207,0.06,0.15,-0.22,0.03,0.4,0,0,"Phylogenetic+Areal"
"925",208,0.06,0.15,-0.22,0.04,0.42,0,0,"Phylogenetic+Areal"
"926",209,0.06,0.15,-0.22,0.03,0.42,0,0,"Phylogenetic+Areal"
"927",210,0.01,0.18,-0.37,0.01,0.41,0,0,"Phylogenetic+Areal"
"928",211,0.02,0.18,-0.36,0.01,0.42,0,0,"Phylogenetic+Areal"
"929",212,0.02,0.18,-0.36,0.01,0.42,0,0,"Phylogenetic+Areal"
"930",213,0.02,0.18,-0.36,0.01,0.42,0,0,"Phylogenetic+Areal"
"931",214,0.02,0.18,-0.36,0.01,0.42,0,0,"Phylogenetic+Areal"
"932",215,0.01,0.18,-0.36,0.01,0.41,0,0,"Phylogenetic+Areal"
"933",216,0.01,0.18,-0.37,0.01,0.41,0,0,"Phylogenetic+Areal"
"934",217,0.01,0.18,-0.37,0.01,0.41,0,0,"Phylogenetic+Areal"
"935",218,0.01,0.18,-0.37,0,0.4,0,0,"Phylogenetic+Areal"
"936",219,0.01,0.18,-0.37,0,0.4,0,0,"Phylogenetic+Areal"
"937",220,0,0.18,-0.39,0,0.39,0,0,"Phylogenetic+Areal"
"938",221,0.01,0.18,-0.37,0,0.41,0,0,"Phylogenetic+Areal"
"939",222,-0.02,0.18,-0.42,-0.01,0.36,0,0,"Phylogenetic+Areal"
"940",223,-0.02,0.18,-0.42,-0.01,0.36,0,0,"Phylogenetic+Areal"
"941",224,0.01,0.18,-0.37,0.01,0.41,0,0,"Phylogenetic+Areal"
"942",225,0.03,0.19,-0.34,0.01,0.45,0,0,"Phylogenetic+Areal"
"943",226,-0.05,0.22,-0.57,-0.02,0.37,0,0,"Phylogenetic+Areal"
"944",227,0.03,0.22,-0.43,0.01,0.53,0,0,"Phylogenetic+Areal"
"945",228,-0.07,0.23,-0.6,-0.03,0.37,0,0,"Phylogenetic+Areal"
"946",229,-0.01,0.22,-0.49,0,0.46,0,0,"Phylogenetic+Areal"
"947",230,0.01,0.22,-0.46,0,0.49,0,0,"Phylogenetic+Areal"
"948",231,-0.08,0.18,-0.5,-0.05,0.25,-0.01,0,"Phylogenetic+Areal"
"949",232,-0.08,0.18,-0.5,-0.05,0.25,-0.01,0,"Phylogenetic+Areal"
"950",233,-0.09,0.18,-0.5,-0.05,0.25,-0.01,0,"Phylogenetic+Areal"
"951",234,-0.09,0.18,-0.5,-0.05,0.25,-0.01,0,"Phylogenetic+Areal"
"952",235,-0.09,0.18,-0.51,-0.05,0.25,-0.01,0,"Phylogenetic+Areal"
"953",236,-0.09,0.18,-0.51,-0.06,0.24,-0.01,0,"Phylogenetic+Areal"
"954",237,-0.09,0.18,-0.5,-0.05,0.25,-0.01,0,"Phylogenetic+Areal"
"955",238,0.01,0.22,-0.45,0.01,0.51,0,0,"Phylogenetic+Areal"
