"","sp_id","mean","sd","0.025quant","0.5quant","0.975quant","mode","kld","model"
"1",1,0.22,0.34,-0.47,0.23,0.86,0.25,0,"Phylogenetic+Spatial: local+L1 speakers (linear)"
"2",2,0.55,0.33,-0.12,0.55,1.2,0.56,0,"Phylogenetic+Spatial: local+L1 speakers (linear)"
"3",3,-0.25,0.33,-0.9,-0.25,0.4,-0.25,0,"Phylogenetic+Spatial: local+L1 speakers (linear)"
"4",4,-0.56,0.33,-1.21,-0.57,0.09,-0.57,0,"Phylogenetic+Spatial: local+L1 speakers (linear)"
"5",5,-1.04,0.35,-1.72,-1.05,-0.35,-1.06,0,"Phylogenetic+Spatial: local+L1 speakers (linear)"
"6",6,-0.08,0.33,-0.73,-0.08,0.57,-0.08,0,"Phylogenetic+Spatial: local+L1 speakers (linear)"
"7",7,0.16,0.33,-0.51,0.16,0.81,0.16,0,"Phylogenetic+Spatial: local+L1 speakers (linear)"
"8",8,-0.13,0.33,-0.78,-0.13,0.52,-0.13,0,"Phylogenetic+Spatial: local+L1 speakers (linear)"
"9",9,0.44,0.34,-0.24,0.45,1.11,0.45,0,"Phylogenetic+Spatial: local+L1 speakers (linear)"
"10",10,-1.32,0.34,-1.98,-1.33,-0.62,-1.34,0,"Phylogenetic+Spatial: local+L1 speakers (linear)"
"11",11,0.45,0.34,-0.23,0.45,1.12,0.46,0,"Phylogenetic+Spatial: local+L1 speakers (linear)"
"12",12,0.28,0.33,-0.38,0.29,0.93,0.29,0,"Phylogenetic+Spatial: local+L1 speakers (linear)"
"13",13,-0.22,0.33,-0.87,-0.22,0.44,-0.22,0,"Phylogenetic+Spatial: local+L1 speakers (linear)"
"14",14,0.08,0.32,-0.56,0.08,0.72,0.08,0,"Phylogenetic+Spatial: local+L1 speakers (linear)"
"15",15,0.88,0.31,0.25,0.89,1.47,0.9,0,"Phylogenetic+Spatial: local+L1 speakers (linear)"
"16",16,0.45,0.22,0.02,0.45,0.87,0.45,0,"Phylogenetic+Spatial: local+L1 speakers (linear)"
"17",17,0.43,0.21,0.01,0.43,0.85,0.44,0,"Phylogenetic+Spatial: local+L1 speakers (linear)"
"18",18,-0.41,0.26,-0.9,-0.42,0.11,-0.43,0,"Phylogenetic+Spatial: local+L1 speakers (linear)"
"19",19,-0.23,0.2,-0.61,-0.23,0.16,-0.23,0,"Phylogenetic+Spatial: local+L1 speakers (linear)"
"20",20,-0.59,0.23,-1.04,-0.59,-0.13,-0.6,0,"Phylogenetic+Spatial: local+L1 speakers (linear)"
"21",21,-0.46,0.22,-0.88,-0.46,-0.02,-0.46,0,"Phylogenetic+Spatial: local+L1 speakers (linear)"
"22",22,-0.07,0.24,-0.52,-0.07,0.4,-0.07,0,"Phylogenetic+Spatial: local+L1 speakers (linear)"
"23",23,-0.13,0.21,-0.54,-0.13,0.29,-0.13,0,"Phylogenetic+Spatial: local+L1 speakers (linear)"
"24",24,0.16,0.22,-0.28,0.17,0.6,0.17,0,"Phylogenetic+Spatial: local+L1 speakers (linear)"
"25",25,0.16,0.22,-0.27,0.17,0.59,0.17,0,"Phylogenetic+Spatial: local+L1 speakers (linear)"
"26",26,0.43,0.21,0.01,0.43,0.84,0.44,0,"Phylogenetic+Spatial: local+L1 speakers (linear)"
"27",27,0.22,0.21,-0.2,0.22,0.63,0.22,0,"Phylogenetic+Spatial: local+L1 speakers (linear)"
"28",28,0.28,0.21,-0.14,0.28,0.69,0.28,0,"Phylogenetic+Spatial: local+L1 speakers (linear)"
"29",29,0.19,0.22,-0.24,0.19,0.63,0.2,0,"Phylogenetic+Spatial: local+L1 speakers (linear)"
"30",30,-0.33,0.26,-0.84,-0.33,0.19,-0.33,0,"Phylogenetic+Spatial: local+L1 speakers (linear)"
"31",31,-0.26,0.28,-0.81,-0.26,0.28,-0.26,0,"Phylogenetic+Spatial: local+L1 speakers (linear)"
"32",32,-0.25,0.23,-0.71,-0.25,0.2,-0.25,0,"Phylogenetic+Spatial: local+L1 speakers (linear)"
"33",33,0.03,0.23,-0.43,0.03,0.47,0.03,0,"Phylogenetic+Spatial: local+L1 speakers (linear)"
"34",34,0.1,0.23,-0.37,0.11,0.55,0.12,0,"Phylogenetic+Spatial: local+L1 speakers (linear)"
"35",35,-0.67,0.27,-1.19,-0.67,-0.11,-0.69,0,"Phylogenetic+Spatial: local+L1 speakers (linear)"
"36",36,-0.49,0.25,-0.97,-0.49,0.01,-0.5,0,"Phylogenetic+Spatial: local+L1 speakers (linear)"
"37",37,-0.31,0.3,-0.91,-0.31,0.29,-0.3,0,"Phylogenetic+Spatial: local+L1 speakers (linear)"
"38",38,-0.78,0.31,-1.36,-0.79,-0.16,-0.8,0,"Phylogenetic+Spatial: local+L1 speakers (linear)"
"39",39,-0.42,0.2,-0.81,-0.42,-0.02,-0.43,0,"Phylogenetic+Spatial: local+L1 speakers (linear)"
"40",40,-0.14,0.23,-0.58,-0.14,0.31,-0.14,0,"Phylogenetic+Spatial: local+L1 speakers (linear)"
"41",41,0.42,0.31,-0.2,0.42,1.02,0.42,0,"Phylogenetic+Spatial: local+L1 speakers (linear)"
"42",42,0.55,0.31,-0.07,0.56,1.14,0.57,0,"Phylogenetic+Spatial: local+L1 speakers (linear)"
"43",43,-0.1,0.3,-0.69,-0.11,0.49,-0.11,0,"Phylogenetic+Spatial: local+L1 speakers (linear)"
"44",44,-0.2,0.27,-0.73,-0.2,0.33,-0.2,0,"Phylogenetic+Spatial: local+L1 speakers (linear)"
"45",45,0.63,0.3,0.02,0.63,1.21,0.64,0,"Phylogenetic+Spatial: local+L1 speakers (linear)"
"46",46,-0.86,0.32,-1.47,-0.87,-0.22,-0.88,0,"Phylogenetic+Spatial: local+L1 speakers (linear)"
"47",47,-1.5,0.41,-2.27,-1.51,-0.68,-1.53,0,"Phylogenetic+Spatial: local+L1 speakers (linear)"
"48",48,0.57,0.38,-0.18,0.56,1.32,0.56,0,"Phylogenetic+Spatial: local+L1 speakers (linear)"
"49",49,0.03,0.37,-0.7,0.02,0.78,0.01,0,"Phylogenetic+Spatial: local+L1 speakers (linear)"
"50",50,-0.14,0.41,-0.93,-0.15,0.68,-0.16,0,"Phylogenetic+Spatial: local+L1 speakers (linear)"
"51",51,-0.27,0.41,-1.06,-0.27,0.55,-0.29,0,"Phylogenetic+Spatial: local+L1 speakers (linear)"
"52",52,-0.25,0.4,-1.03,-0.26,0.56,-0.27,0,"Phylogenetic+Spatial: local+L1 speakers (linear)"
"53",53,0.3,0.41,-0.51,0.3,1.1,0.31,0,"Phylogenetic+Spatial: local+L1 speakers (linear)"
"54",54,-0.06,0.4,-0.85,-0.05,0.72,-0.05,0,"Phylogenetic+Spatial: local+L1 speakers (linear)"
"55",55,-0.04,0.43,-0.89,-0.04,0.8,-0.04,0,"Phylogenetic+Spatial: local+L1 speakers (linear)"
"56",56,0.63,0.43,-0.21,0.63,1.49,0.63,0,"Phylogenetic+Spatial: local+L1 speakers (linear)"
"57",57,-0.92,0.43,-1.74,-0.93,-0.04,-0.96,0,"Phylogenetic+Spatial: local+L1 speakers (linear)"
"58",58,-0.56,0.4,-1.36,-0.56,0.23,-0.55,0,"Phylogenetic+Spatial: local+L1 speakers (linear)"
"59",59,0.56,0.41,-0.26,0.57,1.35,0.58,0,"Phylogenetic+Spatial: local+L1 speakers (linear)"
"60",60,-0.18,0.41,-1.01,-0.18,0.62,-0.18,0,"Phylogenetic+Spatial: local+L1 speakers (linear)"
"61",61,0.94,0.41,0.1,0.95,1.72,0.97,0,"Phylogenetic+Spatial: local+L1 speakers (linear)"
"62",62,0.06,0.29,-0.53,0.06,0.64,0.06,0,"Phylogenetic+Spatial: local+L1 speakers (linear)"
"63",63,-0.44,0.28,-0.97,-0.45,0.12,-0.46,0,"Phylogenetic+Spatial: local+L1 speakers (linear)"
"64",64,-0.58,0.29,-1.15,-0.59,0.01,-0.6,0,"Phylogenetic+Spatial: local+L1 speakers (linear)"
"65",65,0.03,0.26,-0.47,0.04,0.53,0.04,0,"Phylogenetic+Spatial: local+L1 speakers (linear)"
"66",66,0.26,0.31,-0.35,0.26,0.85,0.26,0,"Phylogenetic+Spatial: local+L1 speakers (linear)"
"67",67,0.23,0.3,-0.37,0.23,0.82,0.24,0,"Phylogenetic+Spatial: local+L1 speakers (linear)"
"68",68,0.18,0.29,-0.39,0.18,0.75,0.18,0,"Phylogenetic+Spatial: local+L1 speakers (linear)"
"69",69,0.09,0.31,-0.52,0.09,0.7,0.1,0,"Phylogenetic+Spatial: local+L1 speakers (linear)"
"70",70,-0.74,0.33,-1.36,-0.74,-0.08,-0.75,0,"Phylogenetic+Spatial: local+L1 speakers (linear)"
"71",71,0.14,0.3,-0.46,0.14,0.74,0.15,0,"Phylogenetic+Spatial: local+L1 speakers (linear)"
"72",72,0.2,0.31,-0.42,0.2,0.81,0.2,0,"Phylogenetic+Spatial: local+L1 speakers (linear)"
"73",73,-0.08,0.31,-0.69,-0.08,0.53,-0.08,0,"Phylogenetic+Spatial: local+L1 speakers (linear)"
"74",74,-0.25,0.31,-0.85,-0.25,0.36,-0.26,0,"Phylogenetic+Spatial: local+L1 speakers (linear)"
"75",75,-0.32,0.31,-0.91,-0.32,0.3,-0.32,0,"Phylogenetic+Spatial: local+L1 speakers (linear)"
"76",76,0.29,0.3,-0.31,0.3,0.89,0.3,0,"Phylogenetic+Spatial: local+L1 speakers (linear)"
"77",77,0.52,0.31,-0.1,0.53,1.12,0.53,0,"Phylogenetic+Spatial: local+L1 speakers (linear)"
"78",78,0.55,0.31,-0.07,0.56,1.15,0.56,0,"Phylogenetic+Spatial: local+L1 speakers (linear)"
"79",79,0.14,0.3,-0.46,0.14,0.74,0.14,0,"Phylogenetic+Spatial: local+L1 speakers (linear)"
"80",80,0.67,0.32,0.03,0.68,1.28,0.69,0,"Phylogenetic+Spatial: local+L1 speakers (linear)"
"81",81,0.08,0.34,-0.59,0.08,0.73,0.09,0,"Phylogenetic+Spatial: local+L1 speakers (linear)"
"82",82,0.26,0.3,-0.35,0.26,0.84,0.28,0,"Phylogenetic+Spatial: local+L1 speakers (linear)"
"83",83,-0.15,0.32,-0.78,-0.15,0.49,-0.14,0,"Phylogenetic+Spatial: local+L1 speakers (linear)"
"84",84,0.19,0.29,-0.38,0.2,0.74,0.2,0,"Phylogenetic+Spatial: local+L1 speakers (linear)"
"85",85,0.48,0.31,-0.15,0.48,1.08,0.49,0,"Phylogenetic+Spatial: local+L1 speakers (linear)"
"86",86,0.48,0.32,-0.16,0.48,1.09,0.5,0,"Phylogenetic+Spatial: local+L1 speakers (linear)"
"87",87,0.54,0.33,-0.12,0.55,1.17,0.56,0,"Phylogenetic+Spatial: local+L1 speakers (linear)"
"88",88,0.49,0.34,-0.19,0.5,1.14,0.51,0,"Phylogenetic+Spatial: local+L1 speakers (linear)"
"89",89,-0.13,0.34,-0.79,-0.13,0.53,-0.13,0,"Phylogenetic+Spatial: local+L1 speakers (linear)"
"90",90,0.45,0.36,-0.27,0.45,1.13,0.47,0,"Phylogenetic+Spatial: local+L1 speakers (linear)"
"91",91,0.38,0.35,-0.32,0.39,1.06,0.4,0,"Phylogenetic+Spatial: local+L1 speakers (linear)"
"92",92,-0.7,0.32,-1.32,-0.7,-0.05,-0.71,0,"Phylogenetic+Spatial: local+L1 speakers (linear)"
"93",93,1.31,0.34,0.62,1.32,1.94,1.33,0,"Phylogenetic+Spatial: local+L1 speakers (linear)"
"94",94,0.8,0.33,0.15,0.81,1.43,0.82,0,"Phylogenetic+Spatial: local+L1 speakers (linear)"
"95",95,0.54,0.32,-0.11,0.54,1.17,0.55,0,"Phylogenetic+Spatial: local+L1 speakers (linear)"
"96",96,0.88,0.32,0.23,0.89,1.51,0.9,0,"Phylogenetic+Spatial: local+L1 speakers (linear)"
"97",97,0.71,0.32,0.07,0.72,1.34,0.72,0,"Phylogenetic+Spatial: local+L1 speakers (linear)"
"98",98,0.53,0.32,-0.11,0.53,1.16,0.54,0,"Phylogenetic+Spatial: local+L1 speakers (linear)"
"99",99,0.61,0.32,-0.03,0.61,1.24,0.62,0,"Phylogenetic+Spatial: local+L1 speakers (linear)"
"100",100,0.52,0.32,-0.12,0.52,1.14,0.53,0,"Phylogenetic+Spatial: local+L1 speakers (linear)"
"101",101,0.72,0.32,0.08,0.73,1.34,0.73,0,"Phylogenetic+Spatial: local+L1 speakers (linear)"
"102",102,-1.21,0.33,-1.83,-1.22,-0.52,-1.23,0,"Phylogenetic+Spatial: local+L1 speakers (linear)"
"103",103,0.4,0.32,-0.24,0.4,1.02,0.41,0,"Phylogenetic+Spatial: local+L1 speakers (linear)"
"104",104,-2.11,0.36,-2.79,-2.13,-1.36,-2.16,0,"Phylogenetic+Spatial: local+L1 speakers (linear)"
"105",105,-2.21,0.39,-2.93,-2.22,-1.41,-2.25,0,"Phylogenetic+Spatial: local+L1 speakers (linear)"
"106",106,-0.58,0.33,-1.23,-0.59,0.09,-0.59,0,"Phylogenetic+Spatial: local+L1 speakers (linear)"
"107",107,0.89,0.34,0.21,0.9,1.55,0.91,0,"Phylogenetic+Spatial: local+L1 speakers (linear)"
"108",108,-0.92,0.49,-1.82,-0.94,0.1,-0.99,0,"Phylogenetic+Spatial: local+L1 speakers (linear)"
"109",109,-0.24,0.48,-1.17,-0.25,0.73,-0.27,0,"Phylogenetic+Spatial: local+L1 speakers (linear)"
"110",110,-0.23,0.46,-1.13,-0.23,0.7,-0.24,0,"Phylogenetic+Spatial: local+L1 speakers (linear)"
"111",111,-0.29,0.42,-1.16,-0.28,0.5,-0.25,0,"Phylogenetic+Spatial: local+L1 speakers (linear)"
"112",112,0.5,0.41,-0.29,0.49,1.32,0.48,0,"Phylogenetic+Spatial: local+L1 speakers (linear)"
"113",113,0.87,0.36,0.16,0.87,1.56,0.88,0,"Phylogenetic+Spatial: local+L1 speakers (linear)"
"114",114,-0.42,0.35,-1.11,-0.42,0.27,-0.42,0,"Phylogenetic+Spatial: local+L1 speakers (linear)"
"115",115,-0.1,0.35,-0.79,-0.09,0.59,-0.09,0,"Phylogenetic+Spatial: local+L1 speakers (linear)"
"116",116,0.17,0.35,-0.52,0.18,0.86,0.18,0,"Phylogenetic+Spatial: local+L1 speakers (linear)"
"117",117,0.06,0.33,-0.6,0.06,0.7,0.06,0,"Phylogenetic+Spatial: local+L1 speakers (linear)"
"118",118,-0.58,0.35,-1.26,-0.58,0.11,-0.58,0,"Phylogenetic+Spatial: local+L1 speakers (linear)"
"119",119,0.49,0.35,-0.2,0.49,1.16,0.49,0,"Phylogenetic+Spatial: local+L1 speakers (linear)"
"120",120,-0.38,0.49,-1.32,-0.39,0.61,-0.42,0,"Phylogenetic+Spatial: local+L1 speakers (linear)"
"121",1,0.23,0.34,-0.46,0.24,0.86,0.26,0,"Phylogenetic+Spatial: local+L1 speakers (nonlinear)"
"122",2,0.55,0.33,-0.12,0.55,1.19,0.56,0,"Phylogenetic+Spatial: local+L1 speakers (nonlinear)"
"123",3,-0.25,0.33,-0.9,-0.25,0.4,-0.25,0,"Phylogenetic+Spatial: local+L1 speakers (nonlinear)"
"124",4,-0.56,0.33,-1.21,-0.56,0.1,-0.57,0,"Phylogenetic+Spatial: local+L1 speakers (nonlinear)"
"125",5,-1.05,0.35,-1.72,-1.06,-0.35,-1.06,0,"Phylogenetic+Spatial: local+L1 speakers (nonlinear)"
"126",6,-0.08,0.33,-0.74,-0.08,0.56,-0.08,0,"Phylogenetic+Spatial: local+L1 speakers (nonlinear)"
"127",7,0.15,0.33,-0.51,0.15,0.8,0.16,0,"Phylogenetic+Spatial: local+L1 speakers (nonlinear)"
"128",8,-0.14,0.33,-0.79,-0.14,0.51,-0.14,0,"Phylogenetic+Spatial: local+L1 speakers (nonlinear)"
"129",9,0.44,0.34,-0.24,0.44,1.1,0.45,0,"Phylogenetic+Spatial: local+L1 speakers (nonlinear)"
"130",10,-1.33,0.35,-1.99,-1.34,-0.63,-1.35,0,"Phylogenetic+Spatial: local+L1 speakers (nonlinear)"
"131",11,0.44,0.34,-0.25,0.44,1.11,0.45,0,"Phylogenetic+Spatial: local+L1 speakers (nonlinear)"
"132",12,0.29,0.33,-0.38,0.29,0.93,0.29,0,"Phylogenetic+Spatial: local+L1 speakers (nonlinear)"
"133",13,-0.21,0.33,-0.86,-0.21,0.44,-0.21,0,"Phylogenetic+Spatial: local+L1 speakers (nonlinear)"
"134",14,0.08,0.33,-0.56,0.08,0.72,0.08,0,"Phylogenetic+Spatial: local+L1 speakers (nonlinear)"
"135",15,0.88,0.31,0.25,0.89,1.47,0.9,0,"Phylogenetic+Spatial: local+L1 speakers (nonlinear)"
"136",16,0.45,0.22,0.02,0.45,0.87,0.45,0,"Phylogenetic+Spatial: local+L1 speakers (nonlinear)"
"137",17,0.43,0.21,0.01,0.44,0.85,0.44,0,"Phylogenetic+Spatial: local+L1 speakers (nonlinear)"
"138",18,-0.41,0.25,-0.9,-0.42,0.1,-0.43,0,"Phylogenetic+Spatial: local+L1 speakers (nonlinear)"
"139",19,-0.23,0.2,-0.61,-0.23,0.16,-0.23,0,"Phylogenetic+Spatial: local+L1 speakers (nonlinear)"
"140",20,-0.6,0.23,-1.04,-0.6,-0.13,-0.6,0,"Phylogenetic+Spatial: local+L1 speakers (nonlinear)"
"141",21,-0.45,0.22,-0.88,-0.46,-0.02,-0.46,0,"Phylogenetic+Spatial: local+L1 speakers (nonlinear)"
"142",22,-0.07,0.23,-0.53,-0.07,0.4,-0.07,0,"Phylogenetic+Spatial: local+L1 speakers (nonlinear)"
"143",23,-0.13,0.21,-0.54,-0.13,0.28,-0.13,0,"Phylogenetic+Spatial: local+L1 speakers (nonlinear)"
"144",24,0.16,0.22,-0.28,0.17,0.6,0.17,0,"Phylogenetic+Spatial: local+L1 speakers (nonlinear)"
"145",25,0.17,0.22,-0.26,0.17,0.59,0.17,0,"Phylogenetic+Spatial: local+L1 speakers (nonlinear)"
"146",26,0.43,0.21,0.01,0.43,0.84,0.44,0,"Phylogenetic+Spatial: local+L1 speakers (nonlinear)"
"147",27,0.22,0.21,-0.2,0.22,0.62,0.22,0,"Phylogenetic+Spatial: local+L1 speakers (nonlinear)"
"148",28,0.28,0.21,-0.14,0.28,0.69,0.28,0,"Phylogenetic+Spatial: local+L1 speakers (nonlinear)"
"149",29,0.2,0.22,-0.24,0.2,0.63,0.2,0,"Phylogenetic+Spatial: local+L1 speakers (nonlinear)"
"150",30,-0.33,0.26,-0.84,-0.33,0.19,-0.34,0,"Phylogenetic+Spatial: local+L1 speakers (nonlinear)"
"151",31,-0.26,0.28,-0.81,-0.26,0.28,-0.26,0,"Phylogenetic+Spatial: local+L1 speakers (nonlinear)"
"152",32,-0.25,0.23,-0.71,-0.25,0.2,-0.25,0,"Phylogenetic+Spatial: local+L1 speakers (nonlinear)"
"153",33,0.02,0.23,-0.43,0.03,0.47,0.03,0,"Phylogenetic+Spatial: local+L1 speakers (nonlinear)"
"154",34,0.1,0.23,-0.37,0.11,0.55,0.11,0,"Phylogenetic+Spatial: local+L1 speakers (nonlinear)"
"155",35,-0.66,0.27,-1.18,-0.67,-0.1,-0.68,0,"Phylogenetic+Spatial: local+L1 speakers (nonlinear)"
"156",36,-0.49,0.25,-0.98,-0.5,0,-0.5,0,"Phylogenetic+Spatial: local+L1 speakers (nonlinear)"
"157",37,-0.32,0.3,-0.92,-0.31,0.28,-0.31,0,"Phylogenetic+Spatial: local+L1 speakers (nonlinear)"
"158",38,-0.78,0.31,-1.36,-0.79,-0.15,-0.8,0,"Phylogenetic+Spatial: local+L1 speakers (nonlinear)"
"159",39,-0.42,0.2,-0.81,-0.42,-0.02,-0.43,0,"Phylogenetic+Spatial: local+L1 speakers (nonlinear)"
"160",40,-0.14,0.22,-0.58,-0.14,0.3,-0.14,0,"Phylogenetic+Spatial: local+L1 speakers (nonlinear)"
"161",41,0.41,0.31,-0.2,0.41,1.01,0.41,0,"Phylogenetic+Spatial: local+L1 speakers (nonlinear)"
"162",42,0.55,0.3,-0.07,0.55,1.13,0.56,0,"Phylogenetic+Spatial: local+L1 speakers (nonlinear)"
"163",43,-0.11,0.3,-0.69,-0.11,0.49,-0.11,0,"Phylogenetic+Spatial: local+L1 speakers (nonlinear)"
"164",44,-0.2,0.27,-0.72,-0.2,0.33,-0.2,0,"Phylogenetic+Spatial: local+L1 speakers (nonlinear)"
"165",45,0.62,0.3,0.02,0.63,1.21,0.64,0,"Phylogenetic+Spatial: local+L1 speakers (nonlinear)"
"166",46,-0.87,0.32,-1.47,-0.87,-0.22,-0.88,0,"Phylogenetic+Spatial: local+L1 speakers (nonlinear)"
"167",47,-1.51,0.41,-2.28,-1.52,-0.68,-1.54,0,"Phylogenetic+Spatial: local+L1 speakers (nonlinear)"
"168",48,0.56,0.38,-0.18,0.56,1.32,0.56,0,"Phylogenetic+Spatial: local+L1 speakers (nonlinear)"
"169",49,0.02,0.37,-0.7,0.02,0.77,0.01,0,"Phylogenetic+Spatial: local+L1 speakers (nonlinear)"
"170",50,-0.15,0.41,-0.93,-0.15,0.67,-0.17,0,"Phylogenetic+Spatial: local+L1 speakers (nonlinear)"
"171",51,-0.27,0.41,-1.06,-0.28,0.55,-0.29,0,"Phylogenetic+Spatial: local+L1 speakers (nonlinear)"
"172",52,-0.25,0.4,-1.03,-0.26,0.56,-0.27,0,"Phylogenetic+Spatial: local+L1 speakers (nonlinear)"
"173",53,0.31,0.41,-0.5,0.31,1.1,0.32,0,"Phylogenetic+Spatial: local+L1 speakers (nonlinear)"
"174",54,-0.06,0.4,-0.85,-0.06,0.71,-0.06,0,"Phylogenetic+Spatial: local+L1 speakers (nonlinear)"
"175",55,-0.04,0.42,-0.88,-0.04,0.79,-0.05,0,"Phylogenetic+Spatial: local+L1 speakers (nonlinear)"
"176",56,0.64,0.43,-0.21,0.64,1.48,0.63,0,"Phylogenetic+Spatial: local+L1 speakers (nonlinear)"
"177",57,-0.93,0.43,-1.75,-0.94,-0.06,-0.97,0,"Phylogenetic+Spatial: local+L1 speakers (nonlinear)"
"178",58,-0.56,0.4,-1.35,-0.56,0.23,-0.55,0,"Phylogenetic+Spatial: local+L1 speakers (nonlinear)"
"179",59,0.56,0.41,-0.26,0.57,1.36,0.58,0,"Phylogenetic+Spatial: local+L1 speakers (nonlinear)"
"180",60,-0.18,0.41,-1,-0.18,0.62,-0.17,0,"Phylogenetic+Spatial: local+L1 speakers (nonlinear)"
"181",61,0.94,0.41,0.11,0.95,1.72,0.97,0,"Phylogenetic+Spatial: local+L1 speakers (nonlinear)"
"182",62,0.06,0.29,-0.53,0.06,0.64,0.06,0,"Phylogenetic+Spatial: local+L1 speakers (nonlinear)"
"183",63,-0.44,0.28,-0.97,-0.45,0.11,-0.46,0,"Phylogenetic+Spatial: local+L1 speakers (nonlinear)"
"184",64,-0.59,0.3,-1.16,-0.59,0.01,-0.6,0,"Phylogenetic+Spatial: local+L1 speakers (nonlinear)"
"185",65,0.03,0.25,-0.47,0.03,0.53,0.03,0,"Phylogenetic+Spatial: local+L1 speakers (nonlinear)"
"186",66,0.27,0.3,-0.34,0.27,0.86,0.27,0,"Phylogenetic+Spatial: local+L1 speakers (nonlinear)"
"187",67,0.24,0.3,-0.36,0.24,0.83,0.24,0,"Phylogenetic+Spatial: local+L1 speakers (nonlinear)"
"188",68,0.18,0.29,-0.39,0.18,0.74,0.18,0,"Phylogenetic+Spatial: local+L1 speakers (nonlinear)"
"189",69,0.09,0.31,-0.52,0.09,0.69,0.09,0,"Phylogenetic+Spatial: local+L1 speakers (nonlinear)"
"190",70,-0.75,0.32,-1.37,-0.75,-0.09,-0.76,0,"Phylogenetic+Spatial: local+L1 speakers (nonlinear)"
"191",71,0.14,0.3,-0.47,0.14,0.73,0.14,0,"Phylogenetic+Spatial: local+L1 speakers (nonlinear)"
"192",72,0.2,0.31,-0.42,0.2,0.81,0.2,0,"Phylogenetic+Spatial: local+L1 speakers (nonlinear)"
"193",73,-0.08,0.31,-0.69,-0.08,0.53,-0.08,0,"Phylogenetic+Spatial: local+L1 speakers (nonlinear)"
"194",74,-0.25,0.31,-0.85,-0.25,0.36,-0.25,0,"Phylogenetic+Spatial: local+L1 speakers (nonlinear)"
"195",75,-0.31,0.31,-0.91,-0.32,0.3,-0.32,0,"Phylogenetic+Spatial: local+L1 speakers (nonlinear)"
"196",76,0.3,0.3,-0.31,0.3,0.89,0.3,0,"Phylogenetic+Spatial: local+L1 speakers (nonlinear)"
"197",77,0.53,0.31,-0.09,0.53,1.13,0.54,0,"Phylogenetic+Spatial: local+L1 speakers (nonlinear)"
"198",78,0.56,0.31,-0.06,0.56,1.15,0.57,0,"Phylogenetic+Spatial: local+L1 speakers (nonlinear)"
"199",79,0.14,0.3,-0.46,0.14,0.74,0.14,0,"Phylogenetic+Spatial: local+L1 speakers (nonlinear)"
"200",80,0.68,0.32,0.04,0.69,1.29,0.7,0,"Phylogenetic+Spatial: local+L1 speakers (nonlinear)"
"201",81,0.08,0.33,-0.58,0.09,0.73,0.09,0,"Phylogenetic+Spatial: local+L1 speakers (nonlinear)"
"202",82,0.26,0.3,-0.35,0.27,0.84,0.28,0,"Phylogenetic+Spatial: local+L1 speakers (nonlinear)"
"203",83,-0.14,0.32,-0.77,-0.14,0.5,-0.14,0,"Phylogenetic+Spatial: local+L1 speakers (nonlinear)"
"204",84,0.2,0.28,-0.37,0.2,0.75,0.21,0,"Phylogenetic+Spatial: local+L1 speakers (nonlinear)"
"205",85,0.48,0.31,-0.15,0.48,1.08,0.49,0,"Phylogenetic+Spatial: local+L1 speakers (nonlinear)"
"206",86,0.48,0.32,-0.15,0.49,1.09,0.5,0,"Phylogenetic+Spatial: local+L1 speakers (nonlinear)"
"207",87,0.54,0.33,-0.11,0.55,1.17,0.56,0,"Phylogenetic+Spatial: local+L1 speakers (nonlinear)"
"208",88,0.5,0.34,-0.18,0.51,1.15,0.52,0,"Phylogenetic+Spatial: local+L1 speakers (nonlinear)"
"209",89,-0.14,0.33,-0.8,-0.14,0.52,-0.13,0,"Phylogenetic+Spatial: local+L1 speakers (nonlinear)"
"210",90,0.45,0.36,-0.26,0.46,1.13,0.47,0,"Phylogenetic+Spatial: local+L1 speakers (nonlinear)"
"211",91,0.39,0.35,-0.31,0.39,1.06,0.4,0,"Phylogenetic+Spatial: local+L1 speakers (nonlinear)"
"212",92,-0.7,0.32,-1.32,-0.7,-0.05,-0.71,0,"Phylogenetic+Spatial: local+L1 speakers (nonlinear)"
"213",93,1.31,0.33,0.63,1.32,1.95,1.34,0,"Phylogenetic+Spatial: local+L1 speakers (nonlinear)"
"214",94,0.8,0.32,0.15,0.81,1.43,0.82,0,"Phylogenetic+Spatial: local+L1 speakers (nonlinear)"
"215",95,0.54,0.32,-0.11,0.54,1.17,0.55,0,"Phylogenetic+Spatial: local+L1 speakers (nonlinear)"
"216",96,0.89,0.32,0.23,0.89,1.51,0.9,0,"Phylogenetic+Spatial: local+L1 speakers (nonlinear)"
"217",97,0.71,0.32,0.07,0.72,1.34,0.72,0,"Phylogenetic+Spatial: local+L1 speakers (nonlinear)"
"218",98,0.54,0.32,-0.1,0.54,1.16,0.54,0,"Phylogenetic+Spatial: local+L1 speakers (nonlinear)"
"219",99,0.62,0.32,-0.02,0.62,1.24,0.62,0,"Phylogenetic+Spatial: local+L1 speakers (nonlinear)"
"220",100,0.52,0.32,-0.11,0.53,1.14,0.53,0,"Phylogenetic+Spatial: local+L1 speakers (nonlinear)"
"221",101,0.73,0.32,0.08,0.73,1.35,0.74,0,"Phylogenetic+Spatial: local+L1 speakers (nonlinear)"
"222",102,-1.2,0.33,-1.83,-1.21,-0.52,-1.23,0,"Phylogenetic+Spatial: local+L1 speakers (nonlinear)"
"223",103,0.4,0.32,-0.24,0.4,1.02,0.4,0,"Phylogenetic+Spatial: local+L1 speakers (nonlinear)"
"224",104,-2.12,0.36,-2.79,-2.13,-1.36,-2.16,0,"Phylogenetic+Spatial: local+L1 speakers (nonlinear)"
"225",105,-2.21,0.39,-2.94,-2.23,-1.41,-2.26,0,"Phylogenetic+Spatial: local+L1 speakers (nonlinear)"
"226",106,-0.58,0.33,-1.23,-0.59,0.08,-0.59,0,"Phylogenetic+Spatial: local+L1 speakers (nonlinear)"
"227",107,0.9,0.34,0.22,0.9,1.55,0.91,0,"Phylogenetic+Spatial: local+L1 speakers (nonlinear)"
"228",108,-0.93,0.48,-1.82,-0.95,0.08,-1,0,"Phylogenetic+Spatial: local+L1 speakers (nonlinear)"
"229",109,-0.24,0.48,-1.16,-0.25,0.72,-0.27,0,"Phylogenetic+Spatial: local+L1 speakers (nonlinear)"
"230",110,-0.23,0.46,-1.12,-0.23,0.7,-0.24,0,"Phylogenetic+Spatial: local+L1 speakers (nonlinear)"
"231",111,-0.29,0.42,-1.15,-0.28,0.5,-0.25,0,"Phylogenetic+Spatial: local+L1 speakers (nonlinear)"
"232",112,0.51,0.41,-0.28,0.5,1.32,0.49,0,"Phylogenetic+Spatial: local+L1 speakers (nonlinear)"
"233",113,0.88,0.35,0.17,0.88,1.57,0.89,0,"Phylogenetic+Spatial: local+L1 speakers (nonlinear)"
"234",114,-0.42,0.35,-1.11,-0.42,0.26,-0.42,0,"Phylogenetic+Spatial: local+L1 speakers (nonlinear)"
"235",115,-0.1,0.35,-0.79,-0.1,0.59,-0.1,0,"Phylogenetic+Spatial: local+L1 speakers (nonlinear)"
"236",116,0.18,0.35,-0.51,0.18,0.86,0.18,0,"Phylogenetic+Spatial: local+L1 speakers (nonlinear)"
"237",117,0.06,0.33,-0.59,0.06,0.7,0.06,0,"Phylogenetic+Spatial: local+L1 speakers (nonlinear)"
"238",118,-0.58,0.35,-1.26,-0.58,0.1,-0.58,0,"Phylogenetic+Spatial: local+L1 speakers (nonlinear)"
"239",119,0.49,0.34,-0.19,0.49,1.16,0.49,0,"Phylogenetic+Spatial: local+L1 speakers (nonlinear)"
"240",120,-0.39,0.48,-1.32,-0.4,0.59,-0.42,0,"Phylogenetic+Spatial: local+L1 speakers (nonlinear)"
"241",1,0.19,0.33,-0.49,0.2,0.82,0.22,0,"Phylogenetic+Spatial: local+L2 proportion (linear)"
"242",2,0.64,0.38,-0.11,0.65,1.38,0.65,0,"Phylogenetic+Spatial: local+L2 proportion (linear)"
"243",3,-0.22,0.35,-0.9,-0.22,0.47,-0.22,0,"Phylogenetic+Spatial: local+L2 proportion (linear)"
"244",4,-0.58,0.34,-1.24,-0.59,0.09,-0.59,0,"Phylogenetic+Spatial: local+L2 proportion (linear)"
"245",5,-1.1,0.35,-1.76,-1.1,-0.4,-1.12,0,"Phylogenetic+Spatial: local+L2 proportion (linear)"
"246",6,0,0.34,-0.67,0,0.66,0,0,"Phylogenetic+Spatial: local+L2 proportion (linear)"
"247",7,0.12,0.33,-0.54,0.12,0.77,0.12,0,"Phylogenetic+Spatial: local+L2 proportion (linear)"
"248",8,-0.22,0.34,-0.88,-0.22,0.45,-0.22,0,"Phylogenetic+Spatial: local+L2 proportion (linear)"
"249",9,0.28,0.34,-0.4,0.29,0.95,0.29,0,"Phylogenetic+Spatial: local+L2 proportion (linear)"
"250",10,-1.23,0.35,-1.9,-1.23,-0.52,-1.25,0,"Phylogenetic+Spatial: local+L2 proportion (linear)"
"251",11,0.5,0.34,-0.19,0.5,1.15,0.51,0,"Phylogenetic+Spatial: local+L2 proportion (linear)"
"252",12,0.2,0.34,-0.48,0.2,0.87,0.21,0,"Phylogenetic+Spatial: local+L2 proportion (linear)"
"253",13,-0.16,0.33,-0.82,-0.16,0.5,-0.16,0,"Phylogenetic+Spatial: local+L2 proportion (linear)"
"254",14,0.23,0.31,-0.37,0.23,0.84,0.23,0,"Phylogenetic+Spatial: local+L2 proportion (linear)"
"255",15,0.91,0.31,0.28,0.92,1.51,0.93,0,"Phylogenetic+Spatial: local+L2 proportion (linear)"
"256",16,0.39,0.21,-0.03,0.39,0.8,0.39,0,"Phylogenetic+Spatial: local+L2 proportion (linear)"
"257",17,0.38,0.21,-0.04,0.38,0.79,0.38,0,"Phylogenetic+Spatial: local+L2 proportion (linear)"
"258",18,-0.44,0.26,-0.93,-0.44,0.08,-0.45,0,"Phylogenetic+Spatial: local+L2 proportion (linear)"
"259",19,-0.25,0.2,-0.63,-0.25,0.13,-0.25,0,"Phylogenetic+Spatial: local+L2 proportion (linear)"
"260",20,-0.63,0.23,-1.08,-0.63,-0.16,-0.64,0,"Phylogenetic+Spatial: local+L2 proportion (linear)"
"261",21,-0.48,0.22,-0.9,-0.48,-0.04,-0.49,0,"Phylogenetic+Spatial: local+L2 proportion (linear)"
"262",22,-0.09,0.24,-0.55,-0.09,0.37,-0.1,0,"Phylogenetic+Spatial: local+L2 proportion (linear)"
"263",23,-0.16,0.21,-0.57,-0.16,0.25,-0.16,0,"Phylogenetic+Spatial: local+L2 proportion (linear)"
"264",24,0.14,0.22,-0.3,0.15,0.58,0.15,0,"Phylogenetic+Spatial: local+L2 proportion (linear)"
"265",25,0.13,0.22,-0.3,0.13,0.55,0.13,0,"Phylogenetic+Spatial: local+L2 proportion (linear)"
"266",26,0.4,0.21,-0.02,0.4,0.81,0.41,0,"Phylogenetic+Spatial: local+L2 proportion (linear)"
"267",27,0.2,0.21,-0.22,0.2,0.6,0.2,0,"Phylogenetic+Spatial: local+L2 proportion (linear)"
"268",28,0.24,0.21,-0.17,0.25,0.66,0.25,0,"Phylogenetic+Spatial: local+L2 proportion (linear)"
"269",29,0.15,0.22,-0.29,0.15,0.58,0.15,0,"Phylogenetic+Spatial: local+L2 proportion (linear)"
"270",30,-0.4,0.25,-0.89,-0.4,0.11,-0.41,0,"Phylogenetic+Spatial: local+L2 proportion (linear)"
"271",31,-0.32,0.28,-0.87,-0.32,0.24,-0.31,0,"Phylogenetic+Spatial: local+L2 proportion (linear)"
"272",32,-0.25,0.23,-0.71,-0.25,0.2,-0.25,0,"Phylogenetic+Spatial: local+L2 proportion (linear)"
"273",33,-0.03,0.22,-0.48,-0.03,0.4,-0.03,0,"Phylogenetic+Spatial: local+L2 proportion (linear)"
"274",34,0.08,0.24,-0.4,0.09,0.54,0.09,0,"Phylogenetic+Spatial: local+L2 proportion (linear)"
"275",35,-0.69,0.28,-1.22,-0.7,-0.13,-0.71,0,"Phylogenetic+Spatial: local+L2 proportion (linear)"
"276",36,-0.54,0.25,-1.02,-0.54,-0.03,-0.54,0,"Phylogenetic+Spatial: local+L2 proportion (linear)"
"277",37,-0.29,0.3,-0.9,-0.29,0.31,-0.29,0,"Phylogenetic+Spatial: local+L2 proportion (linear)"
"278",38,-0.87,0.3,-1.43,-0.88,-0.25,-0.9,0,"Phylogenetic+Spatial: local+L2 proportion (linear)"
"279",39,-0.44,0.2,-0.83,-0.45,-0.04,-0.45,0,"Phylogenetic+Spatial: local+L2 proportion (linear)"
"280",40,-0.17,0.22,-0.61,-0.17,0.28,-0.17,0,"Phylogenetic+Spatial: local+L2 proportion (linear)"
"281",41,0.31,0.3,-0.29,0.31,0.9,0.31,0,"Phylogenetic+Spatial: local+L2 proportion (linear)"
"282",42,0.54,0.31,-0.08,0.55,1.13,0.55,0,"Phylogenetic+Spatial: local+L2 proportion (linear)"
"283",43,-0.12,0.3,-0.71,-0.12,0.48,-0.13,0,"Phylogenetic+Spatial: local+L2 proportion (linear)"
"284",44,-0.25,0.27,-0.78,-0.25,0.29,-0.25,0,"Phylogenetic+Spatial: local+L2 proportion (linear)"
"285",45,0.53,0.3,-0.08,0.54,1.11,0.55,0,"Phylogenetic+Spatial: local+L2 proportion (linear)"
"286",46,-0.81,0.31,-1.41,-0.82,-0.17,-0.83,0,"Phylogenetic+Spatial: local+L2 proportion (linear)"
"287",47,-1.44,0.4,-2.2,-1.45,-0.63,-1.48,0,"Phylogenetic+Spatial: local+L2 proportion (linear)"
"288",48,0.58,0.38,-0.16,0.58,1.33,0.58,0,"Phylogenetic+Spatial: local+L2 proportion (linear)"
"289",49,-0.01,0.37,-0.73,-0.02,0.73,-0.03,0,"Phylogenetic+Spatial: local+L2 proportion (linear)"
"290",50,-0.11,0.4,-0.88,-0.12,0.69,-0.13,0,"Phylogenetic+Spatial: local+L2 proportion (linear)"
"291",51,-0.2,0.4,-0.97,-0.21,0.59,-0.22,0,"Phylogenetic+Spatial: local+L2 proportion (linear)"
"292",52,-0.16,0.39,-0.93,-0.17,0.63,-0.18,0,"Phylogenetic+Spatial: local+L2 proportion (linear)"
"293",53,0.39,0.39,-0.4,0.39,1.16,0.4,0,"Phylogenetic+Spatial: local+L2 proportion (linear)"
"294",54,-0.04,0.39,-0.82,-0.04,0.73,-0.03,0,"Phylogenetic+Spatial: local+L2 proportion (linear)"
"295",55,0,0.42,-0.83,0,0.82,0,0,"Phylogenetic+Spatial: local+L2 proportion (linear)"
"296",56,0.55,0.41,-0.26,0.55,1.38,0.55,0,"Phylogenetic+Spatial: local+L2 proportion (linear)"
"297",57,-0.91,0.43,-1.72,-0.92,-0.05,-0.95,0,"Phylogenetic+Spatial: local+L2 proportion (linear)"
"298",58,-0.51,0.41,-1.32,-0.51,0.29,-0.51,0,"Phylogenetic+Spatial: local+L2 proportion (linear)"
"299",59,0.41,0.39,-0.38,0.41,1.17,0.43,0,"Phylogenetic+Spatial: local+L2 proportion (linear)"
"300",60,-0.35,0.39,-1.13,-0.35,0.42,-0.34,0,"Phylogenetic+Spatial: local+L2 proportion (linear)"
"301",61,0.98,0.41,0.15,0.99,1.78,1,0,"Phylogenetic+Spatial: local+L2 proportion (linear)"
"302",62,0.11,0.29,-0.48,0.11,0.69,0.11,0,"Phylogenetic+Spatial: local+L2 proportion (linear)"
"303",63,-0.42,0.28,-0.95,-0.42,0.14,-0.43,0,"Phylogenetic+Spatial: local+L2 proportion (linear)"
"304",64,-0.55,0.29,-1.12,-0.55,0.05,-0.56,0,"Phylogenetic+Spatial: local+L2 proportion (linear)"
"305",65,-0.07,0.24,-0.55,-0.07,0.4,-0.07,0,"Phylogenetic+Spatial: local+L2 proportion (linear)"
"306",66,0.34,0.3,-0.27,0.34,0.92,0.34,0,"Phylogenetic+Spatial: local+L2 proportion (linear)"
"307",67,0.28,0.3,-0.32,0.28,0.87,0.29,0,"Phylogenetic+Spatial: local+L2 proportion (linear)"
"308",68,0.15,0.29,-0.44,0.15,0.72,0.15,0,"Phylogenetic+Spatial: local+L2 proportion (linear)"
"309",69,0.18,0.31,-0.42,0.19,0.78,0.19,0,"Phylogenetic+Spatial: local+L2 proportion (linear)"
"310",70,-0.89,0.31,-1.49,-0.9,-0.25,-0.91,0,"Phylogenetic+Spatial: local+L2 proportion (linear)"
"311",71,0.25,0.33,-0.4,0.25,0.89,0.25,0,"Phylogenetic+Spatial: local+L2 proportion (linear)"
"312",72,0.24,0.31,-0.38,0.25,0.85,0.25,0,"Phylogenetic+Spatial: local+L2 proportion (linear)"
"313",73,0.02,0.37,-0.7,0.02,0.76,0.02,0,"Phylogenetic+Spatial: local+L2 proportion (linear)"
"314",74,-0.22,0.31,-0.83,-0.22,0.39,-0.22,0,"Phylogenetic+Spatial: local+L2 proportion (linear)"
"315",75,-0.26,0.31,-0.87,-0.27,0.35,-0.27,0,"Phylogenetic+Spatial: local+L2 proportion (linear)"
"316",76,0.34,0.31,-0.28,0.35,0.96,0.35,0,"Phylogenetic+Spatial: local+L2 proportion (linear)"
"317",77,0.58,0.31,-0.04,0.59,1.18,0.6,0,"Phylogenetic+Spatial: local+L2 proportion (linear)"
"318",78,0.6,0.31,-0.03,0.6,1.2,0.61,0,"Phylogenetic+Spatial: local+L2 proportion (linear)"
"319",79,0.13,0.31,-0.48,0.13,0.74,0.13,0,"Phylogenetic+Spatial: local+L2 proportion (linear)"
"320",80,0.68,0.32,0.03,0.69,1.3,0.7,0,"Phylogenetic+Spatial: local+L2 proportion (linear)"
"321",81,0.12,0.33,-0.55,0.12,0.76,0.13,0,"Phylogenetic+Spatial: local+L2 proportion (linear)"
"322",82,0.23,0.3,-0.37,0.23,0.8,0.25,0,"Phylogenetic+Spatial: local+L2 proportion (linear)"
"323",83,-0.18,0.32,-0.82,-0.18,0.46,-0.18,0,"Phylogenetic+Spatial: local+L2 proportion (linear)"
"324",84,0.15,0.28,-0.41,0.15,0.69,0.16,0,"Phylogenetic+Spatial: local+L2 proportion (linear)"
"325",85,0.5,0.31,-0.12,0.5,1.1,0.51,0,"Phylogenetic+Spatial: local+L2 proportion (linear)"
"326",86,0.52,0.32,-0.12,0.52,1.12,0.53,0,"Phylogenetic+Spatial: local+L2 proportion (linear)"
"327",87,0.51,0.33,-0.15,0.52,1.15,0.53,0,"Phylogenetic+Spatial: local+L2 proportion (linear)"
"328",88,0.48,0.34,-0.21,0.49,1.14,0.5,0,"Phylogenetic+Spatial: local+L2 proportion (linear)"
"329",89,-0.11,0.35,-0.8,-0.11,0.59,-0.11,0,"Phylogenetic+Spatial: local+L2 proportion (linear)"
"330",90,0.58,0.35,-0.13,0.58,1.25,0.6,0,"Phylogenetic+Spatial: local+L2 proportion (linear)"
"331",91,0.35,0.35,-0.35,0.36,1.02,0.37,0,"Phylogenetic+Spatial: local+L2 proportion (linear)"
"332",92,-0.66,0.33,-1.3,-0.66,0.01,-0.67,0,"Phylogenetic+Spatial: local+L2 proportion (linear)"
"333",93,1.37,0.34,0.68,1.38,2.02,1.4,0,"Phylogenetic+Spatial: local+L2 proportion (linear)"
"334",94,0.75,0.34,0.06,0.75,1.4,0.76,0,"Phylogenetic+Spatial: local+L2 proportion (linear)"
"335",95,0.7,0.35,0.01,0.71,1.39,0.71,0,"Phylogenetic+Spatial: local+L2 proportion (linear)"
"336",96,0.8,0.33,0.13,0.81,1.44,0.82,0,"Phylogenetic+Spatial: local+L2 proportion (linear)"
"337",97,0.7,0.33,0.04,0.71,1.34,0.72,0,"Phylogenetic+Spatial: local+L2 proportion (linear)"
"338",98,0.61,0.33,-0.04,0.61,1.25,0.62,0,"Phylogenetic+Spatial: local+L2 proportion (linear)"
"339",99,0.6,0.33,-0.06,0.6,1.24,0.61,0,"Phylogenetic+Spatial: local+L2 proportion (linear)"
"340",100,0.62,0.33,-0.04,0.62,1.27,0.62,0,"Phylogenetic+Spatial: local+L2 proportion (linear)"
"341",101,0.82,0.33,0.15,0.82,1.46,0.83,0,"Phylogenetic+Spatial: local+L2 proportion (linear)"
"342",102,-1.15,0.33,-1.78,-1.16,-0.46,-1.18,0,"Phylogenetic+Spatial: local+L2 proportion (linear)"
"343",103,0.42,0.32,-0.23,0.42,1.05,0.43,0,"Phylogenetic+Spatial: local+L2 proportion (linear)"
"344",104,-2.15,0.37,-2.84,-2.16,-1.38,-2.19,0,"Phylogenetic+Spatial: local+L2 proportion (linear)"
"345",105,-2.2,0.42,-2.99,-2.21,-1.34,-2.23,0,"Phylogenetic+Spatial: local+L2 proportion (linear)"
"346",106,-0.6,0.34,-1.26,-0.6,0.08,-0.6,0,"Phylogenetic+Spatial: local+L2 proportion (linear)"
"347",107,0.86,0.34,0.17,0.87,1.53,0.88,0,"Phylogenetic+Spatial: local+L2 proportion (linear)"
"348",108,-0.83,0.48,-1.74,-0.84,0.17,-0.87,0,"Phylogenetic+Spatial: local+L2 proportion (linear)"
"349",109,-0.25,0.47,-1.16,-0.26,0.7,-0.27,0,"Phylogenetic+Spatial: local+L2 proportion (linear)"
"350",110,-0.25,0.45,-1.14,-0.26,0.66,-0.27,0,"Phylogenetic+Spatial: local+L2 proportion (linear)"
"351",111,-0.3,0.41,-1.15,-0.29,0.48,-0.27,0,"Phylogenetic+Spatial: local+L2 proportion (linear)"
"352",112,0.46,0.4,-0.32,0.45,1.27,0.44,0,"Phylogenetic+Spatial: local+L2 proportion (linear)"
"353",113,0.82,0.36,0.11,0.82,1.51,0.83,0,"Phylogenetic+Spatial: local+L2 proportion (linear)"
"354",114,-0.4,0.35,-1.08,-0.4,0.29,-0.4,0,"Phylogenetic+Spatial: local+L2 proportion (linear)"
"355",115,-0.13,0.35,-0.81,-0.13,0.56,-0.13,0,"Phylogenetic+Spatial: local+L2 proportion (linear)"
"356",116,0.2,0.35,-0.47,0.2,0.89,0.2,0,"Phylogenetic+Spatial: local+L2 proportion (linear)"
"357",117,0.03,0.33,-0.62,0.03,0.67,0.03,0,"Phylogenetic+Spatial: local+L2 proportion (linear)"
"358",118,-0.62,0.34,-1.29,-0.62,0.06,-0.62,0,"Phylogenetic+Spatial: local+L2 proportion (linear)"
"359",119,0.47,0.35,-0.21,0.47,1.15,0.47,0,"Phylogenetic+Spatial: local+L2 proportion (linear)"
"360",120,-0.36,0.47,-1.27,-0.37,0.6,-0.39,0,"Phylogenetic+Spatial: local+L2 proportion (linear)"
"361",1,0.2,0.33,-0.48,0.21,0.82,0.23,0,"Phylogenetic+Spatial: local+L2 proportion (nonlinear)"
"362",2,0.64,0.38,-0.12,0.65,1.39,0.65,0,"Phylogenetic+Spatial: local+L2 proportion (nonlinear)"
"363",3,-0.22,0.35,-0.9,-0.22,0.46,-0.23,0,"Phylogenetic+Spatial: local+L2 proportion (nonlinear)"
"364",4,-0.59,0.34,-1.24,-0.59,0.08,-0.6,0,"Phylogenetic+Spatial: local+L2 proportion (nonlinear)"
"365",5,-1.1,0.35,-1.77,-1.11,-0.4,-1.12,0,"Phylogenetic+Spatial: local+L2 proportion (nonlinear)"
"366",6,-0.01,0.34,-0.67,-0.01,0.65,-0.01,0,"Phylogenetic+Spatial: local+L2 proportion (nonlinear)"
"367",7,0.11,0.33,-0.55,0.11,0.77,0.12,0,"Phylogenetic+Spatial: local+L2 proportion (nonlinear)"
"368",8,-0.22,0.33,-0.88,-0.22,0.44,-0.22,0,"Phylogenetic+Spatial: local+L2 proportion (nonlinear)"
"369",9,0.28,0.34,-0.4,0.28,0.95,0.29,0,"Phylogenetic+Spatial: local+L2 proportion (nonlinear)"
"370",10,-1.23,0.35,-1.9,-1.24,-0.52,-1.25,0,"Phylogenetic+Spatial: local+L2 proportion (nonlinear)"
"371",11,0.5,0.34,-0.18,0.5,1.15,0.51,0,"Phylogenetic+Spatial: local+L2 proportion (nonlinear)"
"372",12,0.21,0.34,-0.47,0.21,0.87,0.21,0,"Phylogenetic+Spatial: local+L2 proportion (nonlinear)"
"373",13,-0.17,0.33,-0.82,-0.17,0.49,-0.17,0,"Phylogenetic+Spatial: local+L2 proportion (nonlinear)"
"374",14,0.23,0.31,-0.38,0.23,0.84,0.23,0,"Phylogenetic+Spatial: local+L2 proportion (nonlinear)"
"375",15,0.91,0.31,0.28,0.92,1.51,0.93,0,"Phylogenetic+Spatial: local+L2 proportion (nonlinear)"
"376",16,0.39,0.21,-0.03,0.39,0.8,0.39,0,"Phylogenetic+Spatial: local+L2 proportion (nonlinear)"
"377",17,0.38,0.21,-0.03,0.38,0.79,0.38,0,"Phylogenetic+Spatial: local+L2 proportion (nonlinear)"
"378",18,-0.44,0.25,-0.92,-0.44,0.08,-0.45,0,"Phylogenetic+Spatial: local+L2 proportion (nonlinear)"
"379",19,-0.25,0.19,-0.63,-0.25,0.13,-0.25,0,"Phylogenetic+Spatial: local+L2 proportion (nonlinear)"
"380",20,-0.62,0.23,-1.07,-0.63,-0.16,-0.63,0,"Phylogenetic+Spatial: local+L2 proportion (nonlinear)"
"381",21,-0.48,0.22,-0.9,-0.48,-0.04,-0.49,0,"Phylogenetic+Spatial: local+L2 proportion (nonlinear)"
"382",22,-0.09,0.23,-0.55,-0.09,0.37,-0.1,0,"Phylogenetic+Spatial: local+L2 proportion (nonlinear)"
"383",23,-0.16,0.21,-0.56,-0.16,0.25,-0.16,0,"Phylogenetic+Spatial: local+L2 proportion (nonlinear)"
"384",24,0.15,0.22,-0.29,0.15,0.58,0.15,0,"Phylogenetic+Spatial: local+L2 proportion (nonlinear)"
"385",25,0.13,0.22,-0.3,0.13,0.55,0.13,0,"Phylogenetic+Spatial: local+L2 proportion (nonlinear)"
"386",26,0.4,0.21,-0.01,0.4,0.81,0.41,0,"Phylogenetic+Spatial: local+L2 proportion (nonlinear)"
"387",27,0.2,0.21,-0.22,0.2,0.6,0.2,0,"Phylogenetic+Spatial: local+L2 proportion (nonlinear)"
"388",28,0.25,0.21,-0.17,0.25,0.66,0.25,0,"Phylogenetic+Spatial: local+L2 proportion (nonlinear)"
"389",29,0.15,0.22,-0.28,0.15,0.58,0.15,0,"Phylogenetic+Spatial: local+L2 proportion (nonlinear)"
"390",30,-0.41,0.25,-0.89,-0.41,0.1,-0.41,0,"Phylogenetic+Spatial: local+L2 proportion (nonlinear)"
"391",31,-0.31,0.28,-0.86,-0.31,0.24,-0.31,0,"Phylogenetic+Spatial: local+L2 proportion (nonlinear)"
"392",32,-0.25,0.23,-0.71,-0.25,0.2,-0.25,0,"Phylogenetic+Spatial: local+L2 proportion (nonlinear)"
"393",33,-0.03,0.22,-0.48,-0.03,0.4,-0.03,0,"Phylogenetic+Spatial: local+L2 proportion (nonlinear)"
"394",34,0.08,0.24,-0.39,0.09,0.54,0.09,0,"Phylogenetic+Spatial: local+L2 proportion (nonlinear)"
"395",35,-0.69,0.28,-1.21,-0.69,-0.12,-0.71,0,"Phylogenetic+Spatial: local+L2 proportion (nonlinear)"
"396",36,-0.53,0.25,-1.02,-0.54,-0.03,-0.54,0,"Phylogenetic+Spatial: local+L2 proportion (nonlinear)"
"397",37,-0.29,0.3,-0.89,-0.29,0.31,-0.29,0,"Phylogenetic+Spatial: local+L2 proportion (nonlinear)"
"398",38,-0.87,0.3,-1.43,-0.88,-0.25,-0.9,0,"Phylogenetic+Spatial: local+L2 proportion (nonlinear)"
"399",39,-0.44,0.2,-0.83,-0.44,-0.04,-0.45,0,"Phylogenetic+Spatial: local+L2 proportion (nonlinear)"
"400",40,-0.17,0.22,-0.61,-0.17,0.27,-0.17,0,"Phylogenetic+Spatial: local+L2 proportion (nonlinear)"
"401",41,0.31,0.3,-0.29,0.31,0.9,0.31,0,"Phylogenetic+Spatial: local+L2 proportion (nonlinear)"
"402",42,0.54,0.31,-0.08,0.54,1.13,0.55,0,"Phylogenetic+Spatial: local+L2 proportion (nonlinear)"
"403",43,-0.13,0.3,-0.72,-0.13,0.48,-0.13,0,"Phylogenetic+Spatial: local+L2 proportion (nonlinear)"
"404",44,-0.24,0.27,-0.77,-0.25,0.29,-0.25,0,"Phylogenetic+Spatial: local+L2 proportion (nonlinear)"
"405",45,0.53,0.3,-0.08,0.54,1.11,0.55,0,"Phylogenetic+Spatial: local+L2 proportion (nonlinear)"
"406",46,-0.81,0.31,-1.41,-0.82,-0.18,-0.83,0,"Phylogenetic+Spatial: local+L2 proportion (nonlinear)"
"407",47,-1.45,0.4,-2.2,-1.46,-0.64,-1.48,0,"Phylogenetic+Spatial: local+L2 proportion (nonlinear)"
"408",48,0.58,0.38,-0.15,0.58,1.33,0.58,0,"Phylogenetic+Spatial: local+L2 proportion (nonlinear)"
"409",49,-0.01,0.37,-0.73,-0.01,0.73,-0.02,0,"Phylogenetic+Spatial: local+L2 proportion (nonlinear)"
"410",50,-0.11,0.4,-0.88,-0.12,0.68,-0.13,0,"Phylogenetic+Spatial: local+L2 proportion (nonlinear)"
"411",51,-0.2,0.39,-0.97,-0.21,0.59,-0.22,0,"Phylogenetic+Spatial: local+L2 proportion (nonlinear)"
"412",52,-0.17,0.39,-0.93,-0.18,0.61,-0.19,0,"Phylogenetic+Spatial: local+L2 proportion (nonlinear)"
"413",53,0.39,0.39,-0.39,0.39,1.15,0.4,0,"Phylogenetic+Spatial: local+L2 proportion (nonlinear)"
"414",54,-0.04,0.39,-0.82,-0.04,0.72,-0.03,0,"Phylogenetic+Spatial: local+L2 proportion (nonlinear)"
"415",55,0,0.41,-0.82,0,0.81,0,0,"Phylogenetic+Spatial: local+L2 proportion (nonlinear)"
"416",56,0.55,0.41,-0.26,0.55,1.37,0.55,0,"Phylogenetic+Spatial: local+L2 proportion (nonlinear)"
"417",57,-0.92,0.42,-1.73,-0.93,-0.06,-0.96,0,"Phylogenetic+Spatial: local+L2 proportion (nonlinear)"
"418",58,-0.52,0.41,-1.32,-0.52,0.28,-0.52,0,"Phylogenetic+Spatial: local+L2 proportion (nonlinear)"
"419",59,0.42,0.39,-0.37,0.42,1.18,0.43,0,"Phylogenetic+Spatial: local+L2 proportion (nonlinear)"
"420",60,-0.34,0.39,-1.12,-0.34,0.42,-0.34,0,"Phylogenetic+Spatial: local+L2 proportion (nonlinear)"
"421",61,0.98,0.41,0.15,0.99,1.77,1,0,"Phylogenetic+Spatial: local+L2 proportion (nonlinear)"
"422",62,0.11,0.29,-0.48,0.11,0.68,0.11,0,"Phylogenetic+Spatial: local+L2 proportion (nonlinear)"
"423",63,-0.42,0.28,-0.95,-0.42,0.14,-0.43,0,"Phylogenetic+Spatial: local+L2 proportion (nonlinear)"
"424",64,-0.54,0.29,-1.11,-0.55,0.05,-0.55,0,"Phylogenetic+Spatial: local+L2 proportion (nonlinear)"
"425",65,-0.07,0.24,-0.55,-0.07,0.4,-0.07,0,"Phylogenetic+Spatial: local+L2 proportion (nonlinear)"
"426",66,0.33,0.3,-0.27,0.34,0.92,0.34,0,"Phylogenetic+Spatial: local+L2 proportion (nonlinear)"
"427",67,0.28,0.3,-0.32,0.28,0.86,0.28,0,"Phylogenetic+Spatial: local+L2 proportion (nonlinear)"
"428",68,0.15,0.29,-0.43,0.15,0.72,0.16,0,"Phylogenetic+Spatial: local+L2 proportion (nonlinear)"
"429",69,0.18,0.3,-0.42,0.18,0.78,0.18,0,"Phylogenetic+Spatial: local+L2 proportion (nonlinear)"
"430",70,-0.88,0.31,-1.48,-0.89,-0.25,-0.9,0,"Phylogenetic+Spatial: local+L2 proportion (nonlinear)"
"431",71,0.24,0.33,-0.41,0.24,0.89,0.24,0,"Phylogenetic+Spatial: local+L2 proportion (nonlinear)"
"432",72,0.25,0.31,-0.37,0.25,0.85,0.26,0,"Phylogenetic+Spatial: local+L2 proportion (nonlinear)"
"433",73,0.02,0.37,-0.71,0.02,0.76,0.02,0,"Phylogenetic+Spatial: local+L2 proportion (nonlinear)"
"434",74,-0.22,0.31,-0.82,-0.22,0.39,-0.22,0,"Phylogenetic+Spatial: local+L2 proportion (nonlinear)"
"435",75,-0.27,0.31,-0.87,-0.27,0.35,-0.27,0,"Phylogenetic+Spatial: local+L2 proportion (nonlinear)"
"436",76,0.34,0.31,-0.28,0.34,0.95,0.34,0,"Phylogenetic+Spatial: local+L2 proportion (nonlinear)"
"437",77,0.58,0.31,-0.04,0.58,1.17,0.59,0,"Phylogenetic+Spatial: local+L2 proportion (nonlinear)"
"438",78,0.59,0.31,-0.03,0.6,1.19,0.61,0,"Phylogenetic+Spatial: local+L2 proportion (nonlinear)"
"439",79,0.13,0.31,-0.48,0.14,0.74,0.14,0,"Phylogenetic+Spatial: local+L2 proportion (nonlinear)"
"440",80,0.69,0.32,0.04,0.69,1.3,0.7,0,"Phylogenetic+Spatial: local+L2 proportion (nonlinear)"
"441",81,0.12,0.33,-0.54,0.12,0.77,0.13,0,"Phylogenetic+Spatial: local+L2 proportion (nonlinear)"
"442",82,0.23,0.3,-0.37,0.23,0.8,0.24,0,"Phylogenetic+Spatial: local+L2 proportion (nonlinear)"
"443",83,-0.17,0.32,-0.81,-0.17,0.46,-0.17,0,"Phylogenetic+Spatial: local+L2 proportion (nonlinear)"
"444",84,0.15,0.28,-0.41,0.15,0.69,0.16,0,"Phylogenetic+Spatial: local+L2 proportion (nonlinear)"
"445",85,0.5,0.31,-0.12,0.51,1.1,0.51,0,"Phylogenetic+Spatial: local+L2 proportion (nonlinear)"
"446",86,0.52,0.31,-0.11,0.53,1.12,0.54,0,"Phylogenetic+Spatial: local+L2 proportion (nonlinear)"
"447",87,0.51,0.33,-0.15,0.52,1.15,0.53,0,"Phylogenetic+Spatial: local+L2 proportion (nonlinear)"
"448",88,0.49,0.34,-0.2,0.49,1.14,0.51,0,"Phylogenetic+Spatial: local+L2 proportion (nonlinear)"
"449",89,-0.11,0.35,-0.8,-0.11,0.58,-0.11,0,"Phylogenetic+Spatial: local+L2 proportion (nonlinear)"
"450",90,0.57,0.35,-0.13,0.58,1.24,0.59,0,"Phylogenetic+Spatial: local+L2 proportion (nonlinear)"
"451",91,0.35,0.35,-0.35,0.36,1.02,0.37,0,"Phylogenetic+Spatial: local+L2 proportion (nonlinear)"
"452",92,-0.66,0.33,-1.3,-0.67,0,-0.68,0,"Phylogenetic+Spatial: local+L2 proportion (nonlinear)"
"453",93,1.37,0.34,0.68,1.38,2.02,1.4,0,"Phylogenetic+Spatial: local+L2 proportion (nonlinear)"
"454",94,0.75,0.34,0.07,0.76,1.4,0.77,0,"Phylogenetic+Spatial: local+L2 proportion (nonlinear)"
"455",95,0.71,0.35,0.01,0.71,1.39,0.71,0,"Phylogenetic+Spatial: local+L2 proportion (nonlinear)"
"456",96,0.81,0.33,0.14,0.81,1.44,0.82,0,"Phylogenetic+Spatial: local+L2 proportion (nonlinear)"
"457",97,0.71,0.33,0.05,0.71,1.35,0.72,0,"Phylogenetic+Spatial: local+L2 proportion (nonlinear)"
"458",98,0.61,0.33,-0.04,0.61,1.25,0.62,0,"Phylogenetic+Spatial: local+L2 proportion (nonlinear)"
"459",99,0.6,0.33,-0.05,0.61,1.24,0.61,0,"Phylogenetic+Spatial: local+L2 proportion (nonlinear)"
"460",100,0.61,0.33,-0.04,0.62,1.26,0.62,0,"Phylogenetic+Spatial: local+L2 proportion (nonlinear)"
"461",101,0.82,0.33,0.15,0.82,1.46,0.82,0,"Phylogenetic+Spatial: local+L2 proportion (nonlinear)"
"462",102,-1.15,0.33,-1.78,-1.16,-0.46,-1.18,0,"Phylogenetic+Spatial: local+L2 proportion (nonlinear)"
"463",103,0.42,0.32,-0.23,0.42,1.05,0.43,0,"Phylogenetic+Spatial: local+L2 proportion (nonlinear)"
"464",104,-2.15,0.37,-2.84,-2.17,-1.38,-2.2,0,"Phylogenetic+Spatial: local+L2 proportion (nonlinear)"
"465",105,-2.2,0.42,-2.99,-2.21,-1.34,-2.24,0,"Phylogenetic+Spatial: local+L2 proportion (nonlinear)"
"466",106,-0.59,0.34,-1.25,-0.6,0.08,-0.6,0,"Phylogenetic+Spatial: local+L2 proportion (nonlinear)"
"467",107,0.86,0.34,0.17,0.87,1.52,0.88,0,"Phylogenetic+Spatial: local+L2 proportion (nonlinear)"
"468",108,-0.83,0.48,-1.74,-0.85,0.15,-0.87,0,"Phylogenetic+Spatial: local+L2 proportion (nonlinear)"
"469",109,-0.25,0.47,-1.15,-0.25,0.7,-0.27,0,"Phylogenetic+Spatial: local+L2 proportion (nonlinear)"
"470",110,-0.25,0.45,-1.13,-0.26,0.65,-0.27,0,"Phylogenetic+Spatial: local+L2 proportion (nonlinear)"
"471",111,-0.29,0.41,-1.13,-0.28,0.48,-0.26,0,"Phylogenetic+Spatial: local+L2 proportion (nonlinear)"
"472",112,0.46,0.4,-0.31,0.45,1.26,0.44,0,"Phylogenetic+Spatial: local+L2 proportion (nonlinear)"
"473",113,0.82,0.35,0.11,0.82,1.51,0.83,0,"Phylogenetic+Spatial: local+L2 proportion (nonlinear)"
"474",114,-0.39,0.35,-1.07,-0.39,0.29,-0.39,0,"Phylogenetic+Spatial: local+L2 proportion (nonlinear)"
"475",115,-0.13,0.35,-0.81,-0.13,0.55,-0.13,0,"Phylogenetic+Spatial: local+L2 proportion (nonlinear)"
"476",116,0.2,0.34,-0.47,0.2,0.88,0.2,0,"Phylogenetic+Spatial: local+L2 proportion (nonlinear)"
"477",117,0.03,0.33,-0.62,0.03,0.67,0.03,0,"Phylogenetic+Spatial: local+L2 proportion (nonlinear)"
"478",118,-0.62,0.34,-1.29,-0.62,0.06,-0.62,0,"Phylogenetic+Spatial: local+L2 proportion (nonlinear)"
"479",119,0.47,0.34,-0.21,0.47,1.15,0.47,0,"Phylogenetic+Spatial: local+L2 proportion (nonlinear)"
"480",120,-0.36,0.47,-1.26,-0.37,0.59,-0.39,0,"Phylogenetic+Spatial: local+L2 proportion (nonlinear)"
"481",1,0.22,0.34,-0.46,0.23,0.86,0.25,0,"Phylogenetic+Spatial: local+L1 speakers (nonlinear)+L2 proportion (nonlinear)"
"482",2,0.66,0.38,-0.11,0.66,1.4,0.67,0,"Phylogenetic+Spatial: local+L1 speakers (nonlinear)+L2 proportion (nonlinear)"
"483",3,-0.2,0.34,-0.88,-0.2,0.47,-0.2,0,"Phylogenetic+Spatial: local+L1 speakers (nonlinear)+L2 proportion (nonlinear)"
"484",4,-0.59,0.33,-1.24,-0.59,0.07,-0.59,0,"Phylogenetic+Spatial: local+L1 speakers (nonlinear)+L2 proportion (nonlinear)"
"485",5,-1.03,0.35,-1.7,-1.03,-0.32,-1.04,0,"Phylogenetic+Spatial: local+L1 speakers (nonlinear)+L2 proportion (nonlinear)"
"486",6,-0.05,0.34,-0.72,-0.05,0.61,-0.05,0,"Phylogenetic+Spatial: local+L1 speakers (nonlinear)+L2 proportion (nonlinear)"
"487",7,0.17,0.34,-0.5,0.17,0.82,0.17,0,"Phylogenetic+Spatial: local+L1 speakers (nonlinear)+L2 proportion (nonlinear)"
"488",8,-0.17,0.33,-0.83,-0.17,0.48,-0.17,0,"Phylogenetic+Spatial: local+L1 speakers (nonlinear)+L2 proportion (nonlinear)"
"489",9,0.39,0.35,-0.32,0.39,1.08,0.39,0,"Phylogenetic+Spatial: local+L1 speakers (nonlinear)+L2 proportion (nonlinear)"
"490",10,-1.3,0.35,-1.97,-1.3,-0.58,-1.32,0,"Phylogenetic+Spatial: local+L1 speakers (nonlinear)+L2 proportion (nonlinear)"
"491",11,0.42,0.35,-0.27,0.42,1.09,0.43,0,"Phylogenetic+Spatial: local+L1 speakers (nonlinear)+L2 proportion (nonlinear)"
"492",12,0.24,0.34,-0.43,0.25,0.91,0.25,0,"Phylogenetic+Spatial: local+L1 speakers (nonlinear)+L2 proportion (nonlinear)"
"493",13,-0.2,0.33,-0.85,-0.2,0.45,-0.2,0,"Phylogenetic+Spatial: local+L1 speakers (nonlinear)+L2 proportion (nonlinear)"
"494",14,0.11,0.33,-0.54,0.11,0.76,0.1,0,"Phylogenetic+Spatial: local+L1 speakers (nonlinear)+L2 proportion (nonlinear)"
"495",15,0.89,0.31,0.26,0.9,1.48,0.91,0,"Phylogenetic+Spatial: local+L1 speakers (nonlinear)+L2 proportion (nonlinear)"
"496",16,0.44,0.22,0.01,0.44,0.86,0.44,0,"Phylogenetic+Spatial: local+L1 speakers (nonlinear)+L2 proportion (nonlinear)"
"497",17,0.42,0.21,0,0.43,0.84,0.43,0,"Phylogenetic+Spatial: local+L1 speakers (nonlinear)+L2 proportion (nonlinear)"
"498",18,-0.43,0.26,-0.92,-0.43,0.09,-0.44,0,"Phylogenetic+Spatial: local+L1 speakers (nonlinear)+L2 proportion (nonlinear)"
"499",19,-0.23,0.2,-0.62,-0.23,0.15,-0.23,0,"Phylogenetic+Spatial: local+L1 speakers (nonlinear)+L2 proportion (nonlinear)"
"500",20,-0.61,0.23,-1.06,-0.61,-0.14,-0.62,0,"Phylogenetic+Spatial: local+L1 speakers (nonlinear)+L2 proportion (nonlinear)"
"501",21,-0.46,0.22,-0.89,-0.47,-0.03,-0.47,0,"Phylogenetic+Spatial: local+L1 speakers (nonlinear)+L2 proportion (nonlinear)"
"502",22,-0.08,0.24,-0.54,-0.08,0.39,-0.08,0,"Phylogenetic+Spatial: local+L1 speakers (nonlinear)+L2 proportion (nonlinear)"
"503",23,-0.14,0.21,-0.55,-0.14,0.27,-0.14,0,"Phylogenetic+Spatial: local+L1 speakers (nonlinear)+L2 proportion (nonlinear)"
"504",24,0.17,0.22,-0.27,0.17,0.6,0.17,0,"Phylogenetic+Spatial: local+L1 speakers (nonlinear)+L2 proportion (nonlinear)"
"505",25,0.15,0.22,-0.28,0.15,0.58,0.16,0,"Phylogenetic+Spatial: local+L1 speakers (nonlinear)+L2 proportion (nonlinear)"
"506",26,0.43,0.21,0.01,0.43,0.84,0.43,0,"Phylogenetic+Spatial: local+L1 speakers (nonlinear)+L2 proportion (nonlinear)"
"507",27,0.22,0.21,-0.2,0.22,0.62,0.22,0,"Phylogenetic+Spatial: local+L1 speakers (nonlinear)+L2 proportion (nonlinear)"
"508",28,0.27,0.21,-0.15,0.27,0.68,0.27,0,"Phylogenetic+Spatial: local+L1 speakers (nonlinear)+L2 proportion (nonlinear)"
"509",29,0.18,0.22,-0.26,0.18,0.62,0.18,0,"Phylogenetic+Spatial: local+L1 speakers (nonlinear)+L2 proportion (nonlinear)"
"510",30,-0.33,0.26,-0.84,-0.33,0.19,-0.34,0,"Phylogenetic+Spatial: local+L1 speakers (nonlinear)+L2 proportion (nonlinear)"
"511",31,-0.28,0.28,-0.83,-0.28,0.27,-0.28,0,"Phylogenetic+Spatial: local+L1 speakers (nonlinear)+L2 proportion (nonlinear)"
"512",32,-0.27,0.23,-0.73,-0.27,0.18,-0.27,0,"Phylogenetic+Spatial: local+L1 speakers (nonlinear)+L2 proportion (nonlinear)"
"513",33,0.03,0.23,-0.43,0.03,0.47,0.03,0,"Phylogenetic+Spatial: local+L1 speakers (nonlinear)+L2 proportion (nonlinear)"
"514",34,0.09,0.24,-0.38,0.09,0.54,0.1,0,"Phylogenetic+Spatial: local+L1 speakers (nonlinear)+L2 proportion (nonlinear)"
"515",35,-0.68,0.28,-1.21,-0.69,-0.12,-0.7,0,"Phylogenetic+Spatial: local+L1 speakers (nonlinear)+L2 proportion (nonlinear)"
"516",36,-0.51,0.25,-0.99,-0.51,-0.01,-0.52,0,"Phylogenetic+Spatial: local+L1 speakers (nonlinear)+L2 proportion (nonlinear)"
"517",37,-0.33,0.3,-0.93,-0.33,0.27,-0.33,0,"Phylogenetic+Spatial: local+L1 speakers (nonlinear)+L2 proportion (nonlinear)"
"518",38,-0.79,0.31,-1.37,-0.8,-0.16,-0.81,0,"Phylogenetic+Spatial: local+L1 speakers (nonlinear)+L2 proportion (nonlinear)"
"519",39,-0.43,0.2,-0.82,-0.43,-0.02,-0.43,0,"Phylogenetic+Spatial: local+L1 speakers (nonlinear)+L2 proportion (nonlinear)"
"520",40,-0.14,0.23,-0.59,-0.15,0.3,-0.15,0,"Phylogenetic+Spatial: local+L1 speakers (nonlinear)+L2 proportion (nonlinear)"
"521",41,0.38,0.31,-0.23,0.39,0.99,0.39,0,"Phylogenetic+Spatial: local+L1 speakers (nonlinear)+L2 proportion (nonlinear)"
"522",42,0.55,0.3,-0.07,0.55,1.13,0.56,0,"Phylogenetic+Spatial: local+L1 speakers (nonlinear)+L2 proportion (nonlinear)"
"523",43,-0.09,0.3,-0.69,-0.1,0.51,-0.1,0,"Phylogenetic+Spatial: local+L1 speakers (nonlinear)+L2 proportion (nonlinear)"
"524",44,-0.22,0.27,-0.75,-0.22,0.32,-0.22,0,"Phylogenetic+Spatial: local+L1 speakers (nonlinear)+L2 proportion (nonlinear)"
"525",45,0.6,0.31,-0.02,0.6,1.19,0.61,0,"Phylogenetic+Spatial: local+L1 speakers (nonlinear)+L2 proportion (nonlinear)"
"526",46,-0.88,0.32,-1.49,-0.88,-0.23,-0.89,0,"Phylogenetic+Spatial: local+L1 speakers (nonlinear)+L2 proportion (nonlinear)"
"527",47,-1.51,0.41,-2.28,-1.52,-0.68,-1.54,0,"Phylogenetic+Spatial: local+L1 speakers (nonlinear)+L2 proportion (nonlinear)"
"528",48,0.55,0.38,-0.2,0.55,1.3,0.54,0,"Phylogenetic+Spatial: local+L1 speakers (nonlinear)+L2 proportion (nonlinear)"
"529",49,0.01,0.37,-0.72,0,0.75,-0.01,0,"Phylogenetic+Spatial: local+L1 speakers (nonlinear)+L2 proportion (nonlinear)"
"530",50,-0.16,0.41,-0.95,-0.17,0.65,-0.18,0,"Phylogenetic+Spatial: local+L1 speakers (nonlinear)+L2 proportion (nonlinear)"
"531",51,-0.27,0.41,-1.06,-0.28,0.54,-0.29,0,"Phylogenetic+Spatial: local+L1 speakers (nonlinear)+L2 proportion (nonlinear)"
"532",52,-0.23,0.4,-1.01,-0.24,0.57,-0.25,0,"Phylogenetic+Spatial: local+L1 speakers (nonlinear)+L2 proportion (nonlinear)"
"533",53,0.3,0.41,-0.5,0.31,1.09,0.31,0,"Phylogenetic+Spatial: local+L1 speakers (nonlinear)+L2 proportion (nonlinear)"
"534",54,-0.06,0.39,-0.84,-0.06,0.72,-0.05,0,"Phylogenetic+Spatial: local+L1 speakers (nonlinear)+L2 proportion (nonlinear)"
"535",55,-0.05,0.42,-0.88,-0.05,0.79,-0.05,0,"Phylogenetic+Spatial: local+L1 speakers (nonlinear)+L2 proportion (nonlinear)"
"536",56,0.65,0.43,-0.2,0.64,1.49,0.64,0,"Phylogenetic+Spatial: local+L1 speakers (nonlinear)+L2 proportion (nonlinear)"
"537",57,-0.92,0.43,-1.74,-0.93,-0.05,-0.95,0,"Phylogenetic+Spatial: local+L1 speakers (nonlinear)+L2 proportion (nonlinear)"
"538",58,-0.5,0.41,-1.32,-0.5,0.31,-0.5,0,"Phylogenetic+Spatial: local+L1 speakers (nonlinear)+L2 proportion (nonlinear)"
"539",59,0.53,0.42,-0.3,0.53,1.33,0.54,0,"Phylogenetic+Spatial: local+L1 speakers (nonlinear)+L2 proportion (nonlinear)"
"540",60,-0.22,0.42,-1.05,-0.22,0.6,-0.21,0,"Phylogenetic+Spatial: local+L1 speakers (nonlinear)+L2 proportion (nonlinear)"
"541",61,1,0.42,0.15,1.01,1.8,1.03,0,"Phylogenetic+Spatial: local+L1 speakers (nonlinear)+L2 proportion (nonlinear)"
"542",62,0.06,0.3,-0.53,0.06,0.64,0.06,0,"Phylogenetic+Spatial: local+L1 speakers (nonlinear)+L2 proportion (nonlinear)"
"543",63,-0.46,0.28,-0.99,-0.46,0.1,-0.47,0,"Phylogenetic+Spatial: local+L1 speakers (nonlinear)+L2 proportion (nonlinear)"
"544",64,-0.6,0.3,-1.18,-0.61,0,-0.62,0,"Phylogenetic+Spatial: local+L1 speakers (nonlinear)+L2 proportion (nonlinear)"
"545",65,0.01,0.26,-0.5,0.01,0.51,0.02,0,"Phylogenetic+Spatial: local+L1 speakers (nonlinear)+L2 proportion (nonlinear)"
"546",66,0.27,0.31,-0.34,0.27,0.86,0.27,0,"Phylogenetic+Spatial: local+L1 speakers (nonlinear)+L2 proportion (nonlinear)"
"547",67,0.23,0.3,-0.37,0.23,0.82,0.24,0,"Phylogenetic+Spatial: local+L1 speakers (nonlinear)+L2 proportion (nonlinear)"
"548",68,0.16,0.29,-0.42,0.16,0.72,0.16,0,"Phylogenetic+Spatial: local+L1 speakers (nonlinear)+L2 proportion (nonlinear)"
"549",69,0.11,0.31,-0.51,0.11,0.72,0.11,0,"Phylogenetic+Spatial: local+L1 speakers (nonlinear)+L2 proportion (nonlinear)"
"550",70,-0.78,0.33,-1.41,-0.78,-0.11,-0.79,0,"Phylogenetic+Spatial: local+L1 speakers (nonlinear)+L2 proportion (nonlinear)"
"551",71,0.21,0.33,-0.44,0.21,0.85,0.21,0,"Phylogenetic+Spatial: local+L1 speakers (nonlinear)+L2 proportion (nonlinear)"
"552",72,0.19,0.31,-0.44,0.19,0.8,0.19,0,"Phylogenetic+Spatial: local+L1 speakers (nonlinear)+L2 proportion (nonlinear)"
"553",73,0.04,0.37,-0.69,0.04,0.77,0.04,0,"Phylogenetic+Spatial: local+L1 speakers (nonlinear)+L2 proportion (nonlinear)"
"554",74,-0.26,0.31,-0.86,-0.26,0.35,-0.26,0,"Phylogenetic+Spatial: local+L1 speakers (nonlinear)+L2 proportion (nonlinear)"
"555",75,-0.3,0.31,-0.9,-0.3,0.32,-0.31,0,"Phylogenetic+Spatial: local+L1 speakers (nonlinear)+L2 proportion (nonlinear)"
"556",76,0.33,0.31,-0.29,0.33,0.93,0.33,0,"Phylogenetic+Spatial: local+L1 speakers (nonlinear)+L2 proportion (nonlinear)"
"557",77,0.53,0.31,-0.09,0.54,1.13,0.55,0,"Phylogenetic+Spatial: local+L1 speakers (nonlinear)+L2 proportion (nonlinear)"
"558",78,0.56,0.31,-0.06,0.57,1.16,0.58,0,"Phylogenetic+Spatial: local+L1 speakers (nonlinear)+L2 proportion (nonlinear)"
"559",79,0.13,0.3,-0.47,0.13,0.73,0.13,0,"Phylogenetic+Spatial: local+L1 speakers (nonlinear)+L2 proportion (nonlinear)"
"560",80,0.66,0.32,0.02,0.67,1.28,0.68,0,"Phylogenetic+Spatial: local+L1 speakers (nonlinear)+L2 proportion (nonlinear)"
"561",81,0.06,0.34,-0.61,0.07,0.72,0.07,0,"Phylogenetic+Spatial: local+L1 speakers (nonlinear)+L2 proportion (nonlinear)"
"562",82,0.26,0.3,-0.34,0.27,0.84,0.28,0,"Phylogenetic+Spatial: local+L1 speakers (nonlinear)+L2 proportion (nonlinear)"
"563",83,-0.16,0.32,-0.79,-0.16,0.48,-0.16,0,"Phylogenetic+Spatial: local+L1 speakers (nonlinear)+L2 proportion (nonlinear)"
"564",84,0.19,0.28,-0.38,0.19,0.74,0.2,0,"Phylogenetic+Spatial: local+L1 speakers (nonlinear)+L2 proportion (nonlinear)"
"565",85,0.47,0.31,-0.16,0.47,1.07,0.48,0,"Phylogenetic+Spatial: local+L1 speakers (nonlinear)+L2 proportion (nonlinear)"
"566",86,0.48,0.32,-0.16,0.48,1.09,0.49,0,"Phylogenetic+Spatial: local+L1 speakers (nonlinear)+L2 proportion (nonlinear)"
"567",87,0.52,0.33,-0.14,0.53,1.16,0.54,0,"Phylogenetic+Spatial: local+L1 speakers (nonlinear)+L2 proportion (nonlinear)"
"568",88,0.49,0.34,-0.2,0.49,1.14,0.5,0,"Phylogenetic+Spatial: local+L1 speakers (nonlinear)+L2 proportion (nonlinear)"
"569",89,-0.06,0.36,-0.77,-0.06,0.64,-0.06,0,"Phylogenetic+Spatial: local+L1 speakers (nonlinear)+L2 proportion (nonlinear)"
"570",90,0.49,0.36,-0.24,0.49,1.18,0.51,0,"Phylogenetic+Spatial: local+L1 speakers (nonlinear)+L2 proportion (nonlinear)"
"571",91,0.37,0.35,-0.33,0.37,1.04,0.38,0,"Phylogenetic+Spatial: local+L1 speakers (nonlinear)+L2 proportion (nonlinear)"
"572",92,-0.67,0.33,-1.3,-0.68,-0.01,-0.68,0,"Phylogenetic+Spatial: local+L1 speakers (nonlinear)+L2 proportion (nonlinear)"
"573",93,1.34,0.34,0.64,1.34,1.98,1.36,0,"Phylogenetic+Spatial: local+L1 speakers (nonlinear)+L2 proportion (nonlinear)"
"574",94,0.76,0.34,0.08,0.76,1.41,0.77,0,"Phylogenetic+Spatial: local+L1 speakers (nonlinear)+L2 proportion (nonlinear)"
"575",95,0.63,0.36,-0.08,0.63,1.32,0.63,0,"Phylogenetic+Spatial: local+L1 speakers (nonlinear)+L2 proportion (nonlinear)"
"576",96,0.85,0.33,0.18,0.86,1.49,0.87,0,"Phylogenetic+Spatial: local+L1 speakers (nonlinear)+L2 proportion (nonlinear)"
"577",97,0.69,0.33,0.03,0.69,1.32,0.7,0,"Phylogenetic+Spatial: local+L1 speakers (nonlinear)+L2 proportion (nonlinear)"
"578",98,0.57,0.33,-0.08,0.57,1.21,0.57,0,"Phylogenetic+Spatial: local+L1 speakers (nonlinear)+L2 proportion (nonlinear)"
"579",99,0.59,0.33,-0.06,0.6,1.23,0.6,0,"Phylogenetic+Spatial: local+L1 speakers (nonlinear)+L2 proportion (nonlinear)"
"580",100,0.57,0.33,-0.08,0.57,1.21,0.57,0,"Phylogenetic+Spatial: local+L1 speakers (nonlinear)+L2 proportion (nonlinear)"
"581",101,0.77,0.33,0.11,0.78,1.42,0.78,0,"Phylogenetic+Spatial: local+L1 speakers (nonlinear)+L2 proportion (nonlinear)"
"582",102,-1.19,0.33,-1.82,-1.2,-0.5,-1.22,0,"Phylogenetic+Spatial: local+L1 speakers (nonlinear)+L2 proportion (nonlinear)"
"583",103,0.38,0.32,-0.26,0.38,1.01,0.39,0,"Phylogenetic+Spatial: local+L1 speakers (nonlinear)+L2 proportion (nonlinear)"
"584",104,-2.15,0.37,-2.84,-2.17,-1.37,-2.2,0,"Phylogenetic+Spatial: local+L1 speakers (nonlinear)+L2 proportion (nonlinear)"
"585",105,-2.11,0.43,-2.93,-2.13,-1.23,-2.15,0,"Phylogenetic+Spatial: local+L1 speakers (nonlinear)+L2 proportion (nonlinear)"
"586",106,-0.62,0.34,-1.27,-0.62,0.06,-0.63,0,"Phylogenetic+Spatial: local+L1 speakers (nonlinear)+L2 proportion (nonlinear)"
"587",107,0.87,0.34,0.18,0.87,1.53,0.88,0,"Phylogenetic+Spatial: local+L1 speakers (nonlinear)+L2 proportion (nonlinear)"
"588",108,-0.86,0.49,-1.79,-0.88,0.15,-0.9,0,"Phylogenetic+Spatial: local+L1 speakers (nonlinear)+L2 proportion (nonlinear)"
"589",109,-0.26,0.47,-1.18,-0.27,0.7,-0.29,0,"Phylogenetic+Spatial: local+L1 speakers (nonlinear)+L2 proportion (nonlinear)"
"590",110,-0.23,0.46,-1.13,-0.24,0.69,-0.25,0,"Phylogenetic+Spatial: local+L1 speakers (nonlinear)+L2 proportion (nonlinear)"
"591",111,-0.3,0.41,-1.15,-0.29,0.49,-0.26,0,"Phylogenetic+Spatial: local+L1 speakers (nonlinear)+L2 proportion (nonlinear)"
"592",112,0.49,0.4,-0.29,0.49,1.31,0.47,0,"Phylogenetic+Spatial: local+L1 speakers (nonlinear)+L2 proportion (nonlinear)"
"593",113,0.86,0.36,0.15,0.87,1.55,0.87,0,"Phylogenetic+Spatial: local+L1 speakers (nonlinear)+L2 proportion (nonlinear)"
"594",114,-0.43,0.35,-1.12,-0.43,0.26,-0.43,0,"Phylogenetic+Spatial: local+L1 speakers (nonlinear)+L2 proportion (nonlinear)"
"595",115,-0.1,0.35,-0.79,-0.1,0.58,-0.1,0,"Phylogenetic+Spatial: local+L1 speakers (nonlinear)+L2 proportion (nonlinear)"
"596",116,0.16,0.35,-0.52,0.17,0.85,0.17,0,"Phylogenetic+Spatial: local+L1 speakers (nonlinear)+L2 proportion (nonlinear)"
"597",117,0.05,0.33,-0.6,0.05,0.69,0.05,0,"Phylogenetic+Spatial: local+L1 speakers (nonlinear)+L2 proportion (nonlinear)"
"598",118,-0.59,0.34,-1.27,-0.59,0.09,-0.59,0,"Phylogenetic+Spatial: local+L1 speakers (nonlinear)+L2 proportion (nonlinear)"
"599",119,0.47,0.35,-0.22,0.47,1.15,0.47,0,"Phylogenetic+Spatial: local+L1 speakers (nonlinear)+L2 proportion (nonlinear)"
"600",120,-0.4,0.48,-1.32,-0.41,0.57,-0.43,0,"Phylogenetic+Spatial: local+L1 speakers (nonlinear)+L2 proportion (nonlinear)"
"601",1,0.21,0.34,-0.48,0.22,0.85,0.24,0,"Phylogenetic+Spatial: local+L1 speakers (linear)+L2 proportion (linear)"
"602",2,0.65,0.38,-0.11,0.65,1.38,0.66,0,"Phylogenetic+Spatial: local+L1 speakers (linear)+L2 proportion (linear)"
"603",3,-0.2,0.35,-0.88,-0.2,0.48,-0.2,0,"Phylogenetic+Spatial: local+L1 speakers (linear)+L2 proportion (linear)"
"604",4,-0.59,0.34,-1.24,-0.59,0.08,-0.59,0,"Phylogenetic+Spatial: local+L1 speakers (linear)+L2 proportion (linear)"
"605",5,-1.01,0.35,-1.7,-1.02,-0.3,-1.02,0,"Phylogenetic+Spatial: local+L1 speakers (linear)+L2 proportion (linear)"
"606",6,-0.04,0.34,-0.71,-0.04,0.63,-0.04,0,"Phylogenetic+Spatial: local+L1 speakers (linear)+L2 proportion (linear)"
"607",7,0.17,0.34,-0.5,0.18,0.84,0.18,0,"Phylogenetic+Spatial: local+L1 speakers (linear)+L2 proportion (linear)"
"608",8,-0.17,0.34,-0.83,-0.17,0.5,-0.17,0,"Phylogenetic+Spatial: local+L1 speakers (linear)+L2 proportion (linear)"
"609",9,0.39,0.36,-0.32,0.39,1.08,0.4,0,"Phylogenetic+Spatial: local+L1 speakers (linear)+L2 proportion (linear)"
"610",10,-1.28,0.35,-1.96,-1.29,-0.56,-1.3,0,"Phylogenetic+Spatial: local+L1 speakers (linear)+L2 proportion (linear)"
"611",11,0.43,0.35,-0.27,0.43,1.1,0.43,0,"Phylogenetic+Spatial: local+L1 speakers (linear)+L2 proportion (linear)"
"612",12,0.24,0.34,-0.45,0.24,0.91,0.24,0,"Phylogenetic+Spatial: local+L1 speakers (linear)+L2 proportion (linear)"
"613",13,-0.2,0.34,-0.86,-0.2,0.46,-0.2,0,"Phylogenetic+Spatial: local+L1 speakers (linear)+L2 proportion (linear)"
"614",14,0.11,0.33,-0.54,0.11,0.76,0.11,0,"Phylogenetic+Spatial: local+L1 speakers (linear)+L2 proportion (linear)"
"615",15,0.89,0.31,0.25,0.9,1.49,0.91,0,"Phylogenetic+Spatial: local+L1 speakers (linear)+L2 proportion (linear)"
"616",16,0.43,0.22,0,0.44,0.86,0.44,0,"Phylogenetic+Spatial: local+L1 speakers (linear)+L2 proportion (linear)"
"617",17,0.42,0.22,0,0.42,0.84,0.43,0,"Phylogenetic+Spatial: local+L1 speakers (linear)+L2 proportion (linear)"
"618",18,-0.42,0.26,-0.92,-0.43,0.1,-0.44,0,"Phylogenetic+Spatial: local+L1 speakers (linear)+L2 proportion (linear)"
"619",19,-0.23,0.2,-0.62,-0.23,0.16,-0.23,0,"Phylogenetic+Spatial: local+L1 speakers (linear)+L2 proportion (linear)"
"620",20,-0.6,0.23,-1.06,-0.6,-0.13,-0.61,0,"Phylogenetic+Spatial: local+L1 speakers (linear)+L2 proportion (linear)"
"621",21,-0.46,0.22,-0.89,-0.47,-0.02,-0.47,0,"Phylogenetic+Spatial: local+L1 speakers (linear)+L2 proportion (linear)"
"622",22,-0.08,0.24,-0.54,-0.08,0.4,-0.08,0,"Phylogenetic+Spatial: local+L1 speakers (linear)+L2 proportion (linear)"
"623",23,-0.14,0.21,-0.55,-0.14,0.28,-0.14,0,"Phylogenetic+Spatial: local+L1 speakers (linear)+L2 proportion (linear)"
"624",24,0.17,0.22,-0.28,0.17,0.6,0.17,0,"Phylogenetic+Spatial: local+L1 speakers (linear)+L2 proportion (linear)"
"625",25,0.15,0.22,-0.28,0.15,0.58,0.15,0,"Phylogenetic+Spatial: local+L1 speakers (linear)+L2 proportion (linear)"
"626",26,0.43,0.21,0,0.43,0.84,0.43,0,"Phylogenetic+Spatial: local+L1 speakers (linear)+L2 proportion (linear)"
"627",27,0.22,0.21,-0.2,0.22,0.63,0.22,0,"Phylogenetic+Spatial: local+L1 speakers (linear)+L2 proportion (linear)"
"628",28,0.27,0.21,-0.15,0.27,0.69,0.27,0,"Phylogenetic+Spatial: local+L1 speakers (linear)+L2 proportion (linear)"
"629",29,0.18,0.22,-0.26,0.18,0.62,0.18,0,"Phylogenetic+Spatial: local+L1 speakers (linear)+L2 proportion (linear)"
"630",30,-0.32,0.26,-0.84,-0.32,0.2,-0.33,0,"Phylogenetic+Spatial: local+L1 speakers (linear)+L2 proportion (linear)"
"631",31,-0.28,0.28,-0.84,-0.28,0.27,-0.28,0,"Phylogenetic+Spatial: local+L1 speakers (linear)+L2 proportion (linear)"
"632",32,-0.27,0.23,-0.73,-0.27,0.19,-0.27,0,"Phylogenetic+Spatial: local+L1 speakers (linear)+L2 proportion (linear)"
"633",33,0.03,0.23,-0.43,0.03,0.48,0.03,0,"Phylogenetic+Spatial: local+L1 speakers (linear)+L2 proportion (linear)"
"634",34,0.09,0.24,-0.39,0.09,0.54,0.1,0,"Phylogenetic+Spatial: local+L1 speakers (linear)+L2 proportion (linear)"
"635",35,-0.68,0.28,-1.21,-0.69,-0.11,-0.7,0,"Phylogenetic+Spatial: local+L1 speakers (linear)+L2 proportion (linear)"
"636",36,-0.5,0.25,-1,-0.51,0,-0.51,0,"Phylogenetic+Spatial: local+L1 speakers (linear)+L2 proportion (linear)"
"637",37,-0.33,0.31,-0.94,-0.33,0.28,-0.32,0,"Phylogenetic+Spatial: local+L1 speakers (linear)+L2 proportion (linear)"
"638",38,-0.78,0.31,-1.37,-0.79,-0.15,-0.81,0,"Phylogenetic+Spatial: local+L1 speakers (linear)+L2 proportion (linear)"
"639",39,-0.43,0.2,-0.82,-0.43,-0.02,-0.43,0,"Phylogenetic+Spatial: local+L1 speakers (linear)+L2 proportion (linear)"
"640",40,-0.14,0.23,-0.59,-0.14,0.3,-0.14,0,"Phylogenetic+Spatial: local+L1 speakers (linear)+L2 proportion (linear)"
"641",41,0.39,0.31,-0.24,0.39,1,0.39,0,"Phylogenetic+Spatial: local+L1 speakers (linear)+L2 proportion (linear)"
"642",42,0.55,0.31,-0.08,0.55,1.14,0.56,0,"Phylogenetic+Spatial: local+L1 speakers (linear)+L2 proportion (linear)"
"643",43,-0.09,0.31,-0.69,-0.09,0.52,-0.1,0,"Phylogenetic+Spatial: local+L1 speakers (linear)+L2 proportion (linear)"
"644",44,-0.22,0.27,-0.76,-0.22,0.32,-0.22,0,"Phylogenetic+Spatial: local+L1 speakers (linear)+L2 proportion (linear)"
"645",45,0.59,0.31,-0.03,0.6,1.19,0.61,0,"Phylogenetic+Spatial: local+L1 speakers (linear)+L2 proportion (linear)"
"646",46,-0.87,0.32,-1.48,-0.87,-0.22,-0.89,0,"Phylogenetic+Spatial: local+L1 speakers (linear)+L2 proportion (linear)"
"647",47,-1.49,0.41,-2.27,-1.5,-0.66,-1.53,0,"Phylogenetic+Spatial: local+L1 speakers (linear)+L2 proportion (linear)"
"648",48,0.55,0.38,-0.21,0.54,1.31,0.54,0,"Phylogenetic+Spatial: local+L1 speakers (linear)+L2 proportion (linear)"
"649",49,0.01,0.38,-0.72,0,0.76,-0.01,0,"Phylogenetic+Spatial: local+L1 speakers (linear)+L2 proportion (linear)"
"650",50,-0.16,0.41,-0.95,-0.17,0.66,-0.18,0,"Phylogenetic+Spatial: local+L1 speakers (linear)+L2 proportion (linear)"
"651",51,-0.27,0.41,-1.06,-0.28,0.55,-0.29,0,"Phylogenetic+Spatial: local+L1 speakers (linear)+L2 proportion (linear)"
"652",52,-0.23,0.41,-1.02,-0.23,0.59,-0.25,0,"Phylogenetic+Spatial: local+L1 speakers (linear)+L2 proportion (linear)"
"653",53,0.3,0.41,-0.52,0.3,1.09,0.3,0,"Phylogenetic+Spatial: local+L1 speakers (linear)+L2 proportion (linear)"
"654",54,-0.05,0.4,-0.84,-0.05,0.73,-0.05,0,"Phylogenetic+Spatial: local+L1 speakers (linear)+L2 proportion (linear)"
"655",55,-0.05,0.43,-0.89,-0.05,0.8,-0.05,0,"Phylogenetic+Spatial: local+L1 speakers (linear)+L2 proportion (linear)"
"656",56,0.64,0.43,-0.21,0.64,1.5,0.64,0,"Phylogenetic+Spatial: local+L1 speakers (linear)+L2 proportion (linear)"
"657",57,-0.9,0.43,-1.73,-0.91,-0.02,-0.94,0,"Phylogenetic+Spatial: local+L1 speakers (linear)+L2 proportion (linear)"
"658",58,-0.49,0.42,-1.32,-0.49,0.32,-0.49,0,"Phylogenetic+Spatial: local+L1 speakers (linear)+L2 proportion (linear)"
"659",59,0.51,0.42,-0.32,0.52,1.32,0.53,0,"Phylogenetic+Spatial: local+L1 speakers (linear)+L2 proportion (linear)"
"660",60,-0.23,0.42,-1.06,-0.22,0.6,-0.22,0,"Phylogenetic+Spatial: local+L1 speakers (linear)+L2 proportion (linear)"
"661",61,0.99,0.42,0.13,1,1.8,1.02,0,"Phylogenetic+Spatial: local+L1 speakers (linear)+L2 proportion (linear)"
"662",62,0.06,0.3,-0.53,0.06,0.65,0.06,0,"Phylogenetic+Spatial: local+L1 speakers (linear)+L2 proportion (linear)"
"663",63,-0.45,0.28,-0.99,-0.46,0.11,-0.47,0,"Phylogenetic+Spatial: local+L1 speakers (linear)+L2 proportion (linear)"
"664",64,-0.6,0.3,-1.18,-0.6,0.01,-0.61,0,"Phylogenetic+Spatial: local+L1 speakers (linear)+L2 proportion (linear)"
"665",65,0.02,0.26,-0.5,0.02,0.52,0.02,0,"Phylogenetic+Spatial: local+L1 speakers (linear)+L2 proportion (linear)"
"666",66,0.26,0.31,-0.35,0.27,0.87,0.27,0,"Phylogenetic+Spatial: local+L1 speakers (linear)+L2 proportion (linear)"
"667",67,0.23,0.3,-0.38,0.23,0.82,0.23,0,"Phylogenetic+Spatial: local+L1 speakers (linear)+L2 proportion (linear)"
"668",68,0.16,0.29,-0.43,0.16,0.73,0.16,0,"Phylogenetic+Spatial: local+L1 speakers (linear)+L2 proportion (linear)"
"669",69,0.12,0.31,-0.5,0.12,0.73,0.12,0,"Phylogenetic+Spatial: local+L1 speakers (linear)+L2 proportion (linear)"
"670",70,-0.77,0.33,-1.41,-0.77,-0.09,-0.78,0,"Phylogenetic+Spatial: local+L1 speakers (linear)+L2 proportion (linear)"
"671",71,0.21,0.33,-0.44,0.21,0.86,0.21,0,"Phylogenetic+Spatial: local+L1 speakers (linear)+L2 proportion (linear)"
"672",72,0.18,0.32,-0.45,0.18,0.8,0.19,0,"Phylogenetic+Spatial: local+L1 speakers (linear)+L2 proportion (linear)"
"673",73,0.04,0.37,-0.69,0.04,0.77,0.03,0,"Phylogenetic+Spatial: local+L1 speakers (linear)+L2 proportion (linear)"
"674",74,-0.26,0.31,-0.87,-0.26,0.36,-0.27,0,"Phylogenetic+Spatial: local+L1 speakers (linear)+L2 proportion (linear)"
"675",75,-0.3,0.31,-0.9,-0.3,0.33,-0.3,0,"Phylogenetic+Spatial: local+L1 speakers (linear)+L2 proportion (linear)"
"676",76,0.33,0.31,-0.29,0.33,0.94,0.33,0,"Phylogenetic+Spatial: local+L1 speakers (linear)+L2 proportion (linear)"
"677",77,0.53,0.31,-0.1,0.53,1.14,0.54,0,"Phylogenetic+Spatial: local+L1 speakers (linear)+L2 proportion (linear)"
"678",78,0.56,0.31,-0.07,0.56,1.16,0.57,0,"Phylogenetic+Spatial: local+L1 speakers (linear)+L2 proportion (linear)"
"679",79,0.13,0.31,-0.48,0.13,0.74,0.13,0,"Phylogenetic+Spatial: local+L1 speakers (linear)+L2 proportion (linear)"
"680",80,0.65,0.32,-0.01,0.66,1.27,0.67,0,"Phylogenetic+Spatial: local+L1 speakers (linear)+L2 proportion (linear)"
"681",81,0.05,0.34,-0.62,0.06,0.72,0.06,0,"Phylogenetic+Spatial: local+L1 speakers (linear)+L2 proportion (linear)"
"682",82,0.26,0.31,-0.35,0.27,0.85,0.28,0,"Phylogenetic+Spatial: local+L1 speakers (linear)+L2 proportion (linear)"
"683",83,-0.17,0.33,-0.81,-0.17,0.48,-0.17,0,"Phylogenetic+Spatial: local+L1 speakers (linear)+L2 proportion (linear)"
"684",84,0.18,0.29,-0.39,0.18,0.74,0.19,0,"Phylogenetic+Spatial: local+L1 speakers (linear)+L2 proportion (linear)"
"685",85,0.46,0.32,-0.17,0.47,1.07,0.48,0,"Phylogenetic+Spatial: local+L1 speakers (linear)+L2 proportion (linear)"
"686",86,0.46,0.32,-0.18,0.47,1.08,0.48,0,"Phylogenetic+Spatial: local+L1 speakers (linear)+L2 proportion (linear)"
"687",87,0.52,0.33,-0.15,0.52,1.16,0.53,0,"Phylogenetic+Spatial: local+L1 speakers (linear)+L2 proportion (linear)"
"688",88,0.47,0.34,-0.22,0.48,1.13,0.49,0,"Phylogenetic+Spatial: local+L1 speakers (linear)+L2 proportion (linear)"
"689",89,-0.06,0.36,-0.77,-0.06,0.65,-0.06,0,"Phylogenetic+Spatial: local+L1 speakers (linear)+L2 proportion (linear)"
"690",90,0.48,0.36,-0.25,0.49,1.18,0.5,0,"Phylogenetic+Spatial: local+L1 speakers (linear)+L2 proportion (linear)"
"691",91,0.36,0.35,-0.35,0.37,1.04,0.38,0,"Phylogenetic+Spatial: local+L1 speakers (linear)+L2 proportion (linear)"
"692",92,-0.66,0.33,-1.3,-0.67,0.01,-0.68,0,"Phylogenetic+Spatial: local+L1 speakers (linear)+L2 proportion (linear)"
"693",93,1.33,0.34,0.63,1.33,1.98,1.35,0,"Phylogenetic+Spatial: local+L1 speakers (linear)+L2 proportion (linear)"
"694",94,0.75,0.34,0.07,0.76,1.41,0.77,0,"Phylogenetic+Spatial: local+L1 speakers (linear)+L2 proportion (linear)"
"695",95,0.62,0.36,-0.08,0.62,1.32,0.62,0,"Phylogenetic+Spatial: local+L1 speakers (linear)+L2 proportion (linear)"
"696",96,0.84,0.33,0.17,0.85,1.49,0.86,0,"Phylogenetic+Spatial: local+L1 speakers (linear)+L2 proportion (linear)"
"697",97,0.68,0.33,0.01,0.68,1.32,0.69,0,"Phylogenetic+Spatial: local+L1 speakers (linear)+L2 proportion (linear)"
"698",98,0.56,0.33,-0.09,0.57,1.21,0.57,0,"Phylogenetic+Spatial: local+L1 speakers (linear)+L2 proportion (linear)"
"699",99,0.58,0.33,-0.07,0.59,1.22,0.59,0,"Phylogenetic+Spatial: local+L1 speakers (linear)+L2 proportion (linear)"
"700",100,0.57,0.33,-0.09,0.57,1.22,0.57,0,"Phylogenetic+Spatial: local+L1 speakers (linear)+L2 proportion (linear)"
"701",101,0.77,0.33,0.1,0.77,1.42,0.78,0,"Phylogenetic+Spatial: local+L1 speakers (linear)+L2 proportion (linear)"
"702",102,-1.19,0.34,-1.83,-1.2,-0.49,-1.22,0,"Phylogenetic+Spatial: local+L1 speakers (linear)+L2 proportion (linear)"
"703",103,0.38,0.33,-0.27,0.38,1.02,0.39,0,"Phylogenetic+Spatial: local+L1 speakers (linear)+L2 proportion (linear)"
"704",104,-2.14,0.37,-2.83,-2.15,-1.36,-2.18,0,"Phylogenetic+Spatial: local+L1 speakers (linear)+L2 proportion (linear)"
"705",105,-2.1,0.43,-2.92,-2.11,-1.23,-2.13,0,"Phylogenetic+Spatial: local+L1 speakers (linear)+L2 proportion (linear)"
"706",106,-0.61,0.34,-1.28,-0.62,0.07,-0.62,0,"Phylogenetic+Spatial: local+L1 speakers (linear)+L2 proportion (linear)"
"707",107,0.86,0.35,0.16,0.87,1.53,0.88,0,"Phylogenetic+Spatial: local+L1 speakers (linear)+L2 proportion (linear)"
"708",108,-0.84,0.5,-1.79,-0.86,0.18,-0.89,0,"Phylogenetic+Spatial: local+L1 speakers (linear)+L2 proportion (linear)"
"709",109,-0.26,0.48,-1.19,-0.27,0.72,-0.29,0,"Phylogenetic+Spatial: local+L1 speakers (linear)+L2 proportion (linear)"
"710",110,-0.24,0.46,-1.14,-0.24,0.7,-0.25,0,"Phylogenetic+Spatial: local+L1 speakers (linear)+L2 proportion (linear)"
"711",111,-0.31,0.42,-1.17,-0.3,0.49,-0.27,0,"Phylogenetic+Spatial: local+L1 speakers (linear)+L2 proportion (linear)"
"712",112,0.49,0.41,-0.3,0.48,1.31,0.47,0,"Phylogenetic+Spatial: local+L1 speakers (linear)+L2 proportion (linear)"
"713",113,0.85,0.36,0.13,0.85,1.54,0.86,0,"Phylogenetic+Spatial: local+L1 speakers (linear)+L2 proportion (linear)"
"714",114,-0.43,0.35,-1.13,-0.43,0.26,-0.43,0,"Phylogenetic+Spatial: local+L1 speakers (linear)+L2 proportion (linear)"
"715",115,-0.1,0.35,-0.79,-0.1,0.59,-0.1,0,"Phylogenetic+Spatial: local+L1 speakers (linear)+L2 proportion (linear)"
"716",116,0.16,0.35,-0.53,0.16,0.85,0.17,0,"Phylogenetic+Spatial: local+L1 speakers (linear)+L2 proportion (linear)"
"717",117,0.04,0.33,-0.61,0.05,0.69,0.05,0,"Phylogenetic+Spatial: local+L1 speakers (linear)+L2 proportion (linear)"
"718",118,-0.58,0.35,-1.27,-0.58,0.1,-0.59,0,"Phylogenetic+Spatial: local+L1 speakers (linear)+L2 proportion (linear)"
"719",119,0.46,0.35,-0.23,0.46,1.14,0.47,0,"Phylogenetic+Spatial: local+L1 speakers (linear)+L2 proportion (linear)"
"720",120,-0.39,0.48,-1.32,-0.4,0.6,-0.42,0,"Phylogenetic+Spatial: local+L1 speakers (linear)+L2 proportion (linear)"
"721",1,0.21,0.34,-0.48,0.22,0.84,0.24,0,"Phylogenetic+Spatial: local+L1_log10:L2 proportion (linear)"
"722",2,0.5,0.36,-0.22,0.5,1.2,0.51,0,"Phylogenetic+Spatial: local+L1_log10:L2 proportion (linear)"
"723",3,-0.3,0.34,-0.97,-0.3,0.37,-0.3,0,"Phylogenetic+Spatial: local+L1_log10:L2 proportion (linear)"
"724",4,-0.55,0.33,-1.2,-0.56,0.11,-0.56,0,"Phylogenetic+Spatial: local+L1_log10:L2 proportion (linear)"
"725",5,-1.16,0.34,-1.81,-1.16,-0.47,-1.18,0,"Phylogenetic+Spatial: local+L1_log10:L2 proportion (linear)"
"726",6,-0.06,0.34,-0.74,-0.06,0.62,-0.06,0,"Phylogenetic+Spatial: local+L1_log10:L2 proportion (linear)"
"727",7,0.08,0.33,-0.57,0.08,0.73,0.09,0,"Phylogenetic+Spatial: local+L1_log10:L2 proportion (linear)"
"728",8,-0.17,0.33,-0.83,-0.17,0.49,-0.17,0,"Phylogenetic+Spatial: local+L1_log10:L2 proportion (linear)"
"729",9,0.35,0.34,-0.33,0.35,1.01,0.35,0,"Phylogenetic+Spatial: local+L1_log10:L2 proportion (linear)"
"730",10,-1.29,0.36,-1.97,-1.3,-0.57,-1.31,0,"Phylogenetic+Spatial: local+L1_log10:L2 proportion (linear)"
"731",11,0.54,0.34,-0.13,0.54,1.19,0.55,0,"Phylogenetic+Spatial: local+L1_log10:L2 proportion (linear)"
"732",12,0.26,0.34,-0.41,0.26,0.92,0.27,0,"Phylogenetic+Spatial: local+L1_log10:L2 proportion (linear)"
"733",13,-0.18,0.33,-0.84,-0.18,0.48,-0.18,0,"Phylogenetic+Spatial: local+L1_log10:L2 proportion (linear)"
"734",14,0.2,0.31,-0.41,0.2,0.82,0.2,0,"Phylogenetic+Spatial: local+L1_log10:L2 proportion (linear)"
"735",15,0.91,0.31,0.28,0.91,1.49,0.92,0,"Phylogenetic+Spatial: local+L1_log10:L2 proportion (linear)"
"736",16,0.4,0.21,-0.02,0.4,0.81,0.41,0,"Phylogenetic+Spatial: local+L1_log10:L2 proportion (linear)"
"737",17,0.39,0.21,-0.02,0.39,0.8,0.39,0,"Phylogenetic+Spatial: local+L1_log10:L2 proportion (linear)"
"738",18,-0.43,0.25,-0.91,-0.43,0.09,-0.44,0,"Phylogenetic+Spatial: local+L1_log10:L2 proportion (linear)"
"739",19,-0.25,0.2,-0.63,-0.25,0.14,-0.25,0,"Phylogenetic+Spatial: local+L1_log10:L2 proportion (linear)"
"740",20,-0.62,0.23,-1.06,-0.62,-0.15,-0.63,0,"Phylogenetic+Spatial: local+L1_log10:L2 proportion (linear)"
"741",21,-0.47,0.22,-0.89,-0.47,-0.04,-0.48,0,"Phylogenetic+Spatial: local+L1_log10:L2 proportion (linear)"
"742",22,-0.08,0.23,-0.54,-0.08,0.38,-0.08,0,"Phylogenetic+Spatial: local+L1_log10:L2 proportion (linear)"
"743",23,-0.15,0.21,-0.56,-0.15,0.26,-0.15,0,"Phylogenetic+Spatial: local+L1_log10:L2 proportion (linear)"
"744",24,0.14,0.22,-0.3,0.14,0.57,0.14,0,"Phylogenetic+Spatial: local+L1_log10:L2 proportion (linear)"
"745",25,0.15,0.22,-0.28,0.15,0.57,0.15,0,"Phylogenetic+Spatial: local+L1_log10:L2 proportion (linear)"
"746",26,0.41,0.21,-0.01,0.41,0.81,0.41,0,"Phylogenetic+Spatial: local+L1_log10:L2 proportion (linear)"
"747",27,0.2,0.21,-0.22,0.2,0.6,0.2,0,"Phylogenetic+Spatial: local+L1_log10:L2 proportion (linear)"
"748",28,0.25,0.21,-0.16,0.25,0.66,0.26,0,"Phylogenetic+Spatial: local+L1_log10:L2 proportion (linear)"
"749",29,0.17,0.22,-0.27,0.17,0.6,0.17,0,"Phylogenetic+Spatial: local+L1_log10:L2 proportion (linear)"
"750",30,-0.42,0.25,-0.91,-0.43,0.08,-0.43,0,"Phylogenetic+Spatial: local+L1_log10:L2 proportion (linear)"
"751",31,-0.29,0.28,-0.84,-0.29,0.25,-0.29,0,"Phylogenetic+Spatial: local+L1_log10:L2 proportion (linear)"
"752",32,-0.22,0.23,-0.68,-0.22,0.23,-0.22,0,"Phylogenetic+Spatial: local+L1_log10:L2 proportion (linear)"
"753",33,-0.04,0.22,-0.48,-0.04,0.39,-0.04,0,"Phylogenetic+Spatial: local+L1_log10:L2 proportion (linear)"
"754",34,0.11,0.24,-0.37,0.12,0.57,0.12,0,"Phylogenetic+Spatial: local+L1_log10:L2 proportion (linear)"
"755",35,-0.67,0.27,-1.2,-0.68,-0.11,-0.69,0,"Phylogenetic+Spatial: local+L1_log10:L2 proportion (linear)"
"756",36,-0.52,0.25,-1.01,-0.52,-0.02,-0.53,0,"Phylogenetic+Spatial: local+L1_log10:L2 proportion (linear)"
"757",37,-0.26,0.3,-0.86,-0.26,0.33,-0.26,0,"Phylogenetic+Spatial: local+L1_log10:L2 proportion (linear)"
"758",38,-0.88,0.29,-1.43,-0.89,-0.27,-0.91,0,"Phylogenetic+Spatial: local+L1_log10:L2 proportion (linear)"
"759",39,-0.44,0.2,-0.82,-0.44,-0.04,-0.44,0,"Phylogenetic+Spatial: local+L1_log10:L2 proportion (linear)"
"760",40,-0.16,0.22,-0.6,-0.16,0.28,-0.16,0,"Phylogenetic+Spatial: local+L1_log10:L2 proportion (linear)"
"761",41,0.34,0.3,-0.26,0.34,0.93,0.34,0,"Phylogenetic+Spatial: local+L1_log10:L2 proportion (linear)"
"762",42,0.54,0.3,-0.07,0.55,1.12,0.55,0,"Phylogenetic+Spatial: local+L1_log10:L2 proportion (linear)"
"763",43,-0.15,0.3,-0.73,-0.15,0.45,-0.16,0,"Phylogenetic+Spatial: local+L1_log10:L2 proportion (linear)"
"764",44,-0.22,0.27,-0.75,-0.22,0.31,-0.23,0,"Phylogenetic+Spatial: local+L1_log10:L2 proportion (linear)"
"765",45,0.57,0.3,-0.04,0.57,1.14,0.58,0,"Phylogenetic+Spatial: local+L1_log10:L2 proportion (linear)"
"766",46,-0.8,0.31,-1.39,-0.8,-0.17,-0.81,0,"Phylogenetic+Spatial: local+L1_log10:L2 proportion (linear)"
"767",47,-1.45,0.39,-2.2,-1.46,-0.64,-1.48,0,"Phylogenetic+Spatial: local+L1_log10:L2 proportion (linear)"
"768",48,0.62,0.38,-0.12,0.62,1.36,0.61,0,"Phylogenetic+Spatial: local+L1_log10:L2 proportion (linear)"
"769",49,0.01,0.37,-0.7,0.01,0.75,0,0,"Phylogenetic+Spatial: local+L1_log10:L2 proportion (linear)"
"770",50,-0.08,0.4,-0.85,-0.09,0.72,-0.1,0,"Phylogenetic+Spatial: local+L1_log10:L2 proportion (linear)"
"771",51,-0.19,0.39,-0.95,-0.2,0.6,-0.21,0,"Phylogenetic+Spatial: local+L1_log10:L2 proportion (linear)"
"772",52,-0.2,0.4,-0.96,-0.2,0.6,-0.21,0,"Phylogenetic+Spatial: local+L1_log10:L2 proportion (linear)"
"773",53,0.41,0.39,-0.38,0.41,1.18,0.42,0,"Phylogenetic+Spatial: local+L1_log10:L2 proportion (linear)"
"774",54,-0.04,0.39,-0.83,-0.04,0.72,-0.04,0,"Phylogenetic+Spatial: local+L1_log10:L2 proportion (linear)"
"775",55,0.01,0.42,-0.82,0.01,0.83,0.01,0,"Phylogenetic+Spatial: local+L1_log10:L2 proportion (linear)"
"776",56,0.53,0.41,-0.28,0.53,1.35,0.52,0,"Phylogenetic+Spatial: local+L1_log10:L2 proportion (linear)"
"777",57,-0.95,0.43,-1.76,-0.96,-0.08,-0.99,0,"Phylogenetic+Spatial: local+L1_log10:L2 proportion (linear)"
"778",58,-0.61,0.4,-1.39,-0.61,0.18,-0.61,0,"Phylogenetic+Spatial: local+L1_log10:L2 proportion (linear)"
"779",59,0.46,0.39,-0.32,0.47,1.22,0.48,0,"Phylogenetic+Spatial: local+L1_log10:L2 proportion (linear)"
"780",60,-0.3,0.39,-1.08,-0.3,0.46,-0.3,0,"Phylogenetic+Spatial: local+L1_log10:L2 proportion (linear)"
"781",61,0.9,0.4,0.1,0.91,1.67,0.93,0,"Phylogenetic+Spatial: local+L1_log10:L2 proportion (linear)"
"782",62,0.11,0.29,-0.46,0.11,0.68,0.11,0,"Phylogenetic+Spatial: local+L1_log10:L2 proportion (linear)"
"783",63,-0.39,0.28,-0.92,-0.4,0.16,-0.41,0,"Phylogenetic+Spatial: local+L1_log10:L2 proportion (linear)"
"784",64,-0.52,0.29,-1.08,-0.52,0.07,-0.53,0,"Phylogenetic+Spatial: local+L1_log10:L2 proportion (linear)"
"785",65,-0.06,0.24,-0.54,-0.06,0.42,-0.05,0,"Phylogenetic+Spatial: local+L1_log10:L2 proportion (linear)"
"786",66,0.34,0.3,-0.26,0.34,0.92,0.34,0,"Phylogenetic+Spatial: local+L1_log10:L2 proportion (linear)"
"787",67,0.3,0.3,-0.29,0.3,0.88,0.3,0,"Phylogenetic+Spatial: local+L1_log10:L2 proportion (linear)"
"788",68,0.19,0.29,-0.4,0.19,0.76,0.19,0,"Phylogenetic+Spatial: local+L1_log10:L2 proportion (linear)"
"789",69,0.16,0.31,-0.45,0.16,0.76,0.16,0,"Phylogenetic+Spatial: local+L1_log10:L2 proportion (linear)"
"790",70,-0.86,0.31,-1.46,-0.87,-0.23,-0.88,0,"Phylogenetic+Spatial: local+L1_log10:L2 proportion (linear)"
"791",71,0.14,0.35,-0.54,0.14,0.83,0.14,0,"Phylogenetic+Spatial: local+L1_log10:L2 proportion (linear)"
"792",72,0.28,0.31,-0.34,0.28,0.87,0.28,0,"Phylogenetic+Spatial: local+L1_log10:L2 proportion (linear)"
"793",73,-0.15,0.37,-0.88,-0.15,0.59,-0.16,0,"Phylogenetic+Spatial: local+L1_log10:L2 proportion (linear)"
"794",74,-0.2,0.3,-0.8,-0.2,0.4,-0.2,0,"Phylogenetic+Spatial: local+L1_log10:L2 proportion (linear)"
"795",75,-0.29,0.31,-0.89,-0.29,0.33,-0.3,0,"Phylogenetic+Spatial: local+L1_log10:L2 proportion (linear)"
"796",76,0.3,0.31,-0.32,0.3,0.91,0.3,0,"Phylogenetic+Spatial: local+L1_log10:L2 proportion (linear)"
"797",77,0.58,0.31,-0.03,0.59,1.17,0.59,0,"Phylogenetic+Spatial: local+L1_log10:L2 proportion (linear)"
"798",78,0.59,0.31,-0.03,0.59,1.18,0.6,0,"Phylogenetic+Spatial: local+L1_log10:L2 proportion (linear)"
"799",79,0.15,0.31,-0.45,0.15,0.75,0.15,0,"Phylogenetic+Spatial: local+L1_log10:L2 proportion (linear)"
"800",80,0.72,0.32,0.08,0.73,1.34,0.74,0,"Phylogenetic+Spatial: local+L1_log10:L2 proportion (linear)"
"801",81,0.16,0.33,-0.5,0.16,0.8,0.17,0,"Phylogenetic+Spatial: local+L1_log10:L2 proportion (linear)"
"802",82,0.22,0.3,-0.38,0.23,0.79,0.24,0,"Phylogenetic+Spatial: local+L1_log10:L2 proportion (linear)"
"803",83,-0.15,0.32,-0.78,-0.15,0.48,-0.14,0,"Phylogenetic+Spatial: local+L1_log10:L2 proportion (linear)"
"804",84,0.17,0.28,-0.4,0.17,0.71,0.18,0,"Phylogenetic+Spatial: local+L1_log10:L2 proportion (linear)"
"805",85,0.53,0.31,-0.09,0.53,1.12,0.54,0,"Phylogenetic+Spatial: local+L1_log10:L2 proportion (linear)"
"806",86,0.55,0.31,-0.08,0.56,1.15,0.57,0,"Phylogenetic+Spatial: local+L1_log10:L2 proportion (linear)"
"807",87,0.55,0.33,-0.11,0.56,1.18,0.57,0,"Phylogenetic+Spatial: local+L1_log10:L2 proportion (linear)"
"808",88,0.52,0.34,-0.17,0.53,1.17,0.54,0,"Phylogenetic+Spatial: local+L1_log10:L2 proportion (linear)"
"809",89,-0.21,0.33,-0.87,-0.21,0.44,-0.21,0,"Phylogenetic+Spatial: local+L1_log10:L2 proportion (linear)"
"810",90,0.54,0.36,-0.18,0.54,1.22,0.55,0,"Phylogenetic+Spatial: local+L1_log10:L2 proportion (linear)"
"811",91,0.38,0.35,-0.31,0.39,1.05,0.4,0,"Phylogenetic+Spatial: local+L1_log10:L2 proportion (linear)"
"812",92,-0.71,0.33,-1.35,-0.71,-0.05,-0.72,0,"Phylogenetic+Spatial: local+L1_log10:L2 proportion (linear)"
"813",93,1.35,0.34,0.66,1.36,2,1.37,0,"Phylogenetic+Spatial: local+L1_log10:L2 proportion (linear)"
"814",94,0.82,0.34,0.14,0.83,1.48,0.84,0,"Phylogenetic+Spatial: local+L1_log10:L2 proportion (linear)"
"815",95,0.59,0.39,-0.17,0.59,1.36,0.59,0,"Phylogenetic+Spatial: local+L1_log10:L2 proportion (linear)"
"816",96,0.86,0.33,0.19,0.86,1.5,0.87,0,"Phylogenetic+Spatial: local+L1_log10:L2 proportion (linear)"
"817",97,0.76,0.33,0.1,0.76,1.4,0.77,0,"Phylogenetic+Spatial: local+L1_log10:L2 proportion (linear)"
"818",98,0.57,0.33,-0.08,0.57,1.22,0.57,0,"Phylogenetic+Spatial: local+L1_log10:L2 proportion (linear)"
"819",99,0.64,0.33,-0.01,0.65,1.28,0.65,0,"Phylogenetic+Spatial: local+L1_log10:L2 proportion (linear)"
"820",100,0.55,0.34,-0.12,0.55,1.22,0.56,0,"Phylogenetic+Spatial: local+L1_log10:L2 proportion (linear)"
"821",101,0.76,0.34,0.08,0.76,1.42,0.76,0,"Phylogenetic+Spatial: local+L1_log10:L2 proportion (linear)"
"822",102,-1.17,0.33,-1.8,-1.18,-0.49,-1.2,0,"Phylogenetic+Spatial: local+L1_log10:L2 proportion (linear)"
"823",103,0.45,0.32,-0.19,0.45,1.07,0.46,0,"Phylogenetic+Spatial: local+L1_log10:L2 proportion (linear)"
"824",104,-2.12,0.36,-2.8,-2.13,-1.37,-2.16,0,"Phylogenetic+Spatial: local+L1_log10:L2 proportion (linear)"
"825",105,-2.37,0.38,-3.07,-2.38,-1.58,-2.41,0,"Phylogenetic+Spatial: local+L1_log10:L2 proportion (linear)"
"826",106,-0.55,0.34,-1.21,-0.55,0.12,-0.56,0,"Phylogenetic+Spatial: local+L1_log10:L2 proportion (linear)"
"827",107,0.92,0.34,0.22,0.92,1.58,0.93,0,"Phylogenetic+Spatial: local+L1_log10:L2 proportion (linear)"
"828",108,-0.95,0.51,-1.91,-0.96,0.09,-0.99,0,"Phylogenetic+Spatial: local+L1_log10:L2 proportion (linear)"
"829",109,-0.22,0.47,-1.13,-0.23,0.73,-0.24,0,"Phylogenetic+Spatial: local+L1_log10:L2 proportion (linear)"
"830",110,-0.24,0.45,-1.13,-0.25,0.67,-0.26,0,"Phylogenetic+Spatial: local+L1_log10:L2 proportion (linear)"
"831",111,-0.28,0.41,-1.13,-0.27,0.51,-0.24,0,"Phylogenetic+Spatial: local+L1_log10:L2 proportion (linear)"
"832",112,0.48,0.4,-0.3,0.47,1.28,0.46,0,"Phylogenetic+Spatial: local+L1_log10:L2 proportion (linear)"
"833",113,0.85,0.35,0.15,0.85,1.54,0.86,0,"Phylogenetic+Spatial: local+L1_log10:L2 proportion (linear)"
"834",114,-0.38,0.35,-1.06,-0.38,0.3,-0.38,0,"Phylogenetic+Spatial: local+L1_log10:L2 proportion (linear)"
"835",115,-0.12,0.35,-0.81,-0.12,0.56,-0.12,0,"Phylogenetic+Spatial: local+L1_log10:L2 proportion (linear)"
"836",116,0.23,0.34,-0.45,0.23,0.91,0.23,0,"Phylogenetic+Spatial: local+L1_log10:L2 proportion (linear)"
"837",117,0.05,0.33,-0.6,0.05,0.69,0.05,0,"Phylogenetic+Spatial: local+L1_log10:L2 proportion (linear)"
"838",118,-0.61,0.34,-1.29,-0.62,0.06,-0.62,0,"Phylogenetic+Spatial: local+L1_log10:L2 proportion (linear)"
"839",119,0.51,0.35,-0.18,0.51,1.18,0.51,0,"Phylogenetic+Spatial: local+L1_log10:L2 proportion (linear)"
"840",120,-0.34,0.47,-1.26,-0.35,0.61,-0.37,0,"Phylogenetic+Spatial: local+L1_log10:L2 proportion (linear)"
