"","model","response","effect","2.5%","50%","97.5%","WAIC","sample"
"1","Phylogenetic+Spatial: local","fusion","phylogenetic SD",1.51,1.73,2,1821.88,"entire"
"2","Phylogenetic+Spatial: local","fusion","spatial SD",0.28,0.34,0.41,1821.88,"entire"
"3","Phylogenetic+Spatial: local","fusion","Intercept",-0.02,0,0.02,1821.88,"entire"
"4","Phylogenetic","fusion","phylogenetic SD",1.99,2.19,2.42,1941.21,"entire"
"5","Phylogenetic","fusion","Intercept",-0.03,0,0.03,1941.21,"entire"
"6","Phylogenetic+Areal","fusion","phylogenetic SD",1.79,2.01,2.26,2015.61,"entire"
"7","Phylogenetic+Areal","fusion","areal SD",0.09,0.16,0.28,2015.61,"entire"
"8","Phylogenetic+Areal","fusion","Intercept",-0.06,0.03,0.13,2015.61,"entire"
"9","Phylogenetic+Spatial: regional","fusion","phylogenetic SD",1.23,1.47,1.75,2056.58,"entire"
"10","Phylogenetic+Spatial: regional","fusion","spatial SD",0.47,0.61,0.79,2056.58,"entire"
"11","Phylogenetic+Spatial: regional","fusion","Intercept",-0.03,0,0.03,2056.58,"entire"
"12","Spatial: local","fusion","spatial SD",0.74,0.8,0.85,2259.25,"entire"
"13","Spatial: local","fusion","Intercept",-0.02,0,0.03,2259.25,"entire"
"14","Spatial: regional","fusion","spatial SD",0.87,1.03,1.21,2423.66,"entire"
"15","Spatial: regional","fusion","Intercept",-0.03,0,0.03,2423.66,"entire"
"16","Areal","fusion","areal SD",0.44,0.58,0.8,2866.67,"entire"
"17","Areal","fusion","Intercept",0.08,0.32,0.55,2866.67,"entire"
"18","Phylogenetic+Spatial: local+L1 speakers (linear)","fusion","phylogenetic SD",1.53,1.75,2.02,1796.34,"entire"
"19","Phylogenetic+Spatial: local+L1 speakers (linear)","fusion","spatial SD",0.28,0.34,0.41,1796.34,"entire"
"20","Phylogenetic+Spatial: local+L1 speakers (linear)","fusion","Intercept",-0.02,0,0.02,1796.34,"entire"
"21","Phylogenetic+Spatial: local+L1 speakers (linear)","fusion","L1",0.03,0.07,0.12,1796.34,"entire"
"22","Phylogenetic+Spatial: local+L1 speakers (nonlinear)","fusion","phylogenetic SD",1.53,1.75,2.02,1797.16,"entire"
"23","Phylogenetic+Spatial: local+L1 speakers (nonlinear)","fusion","spatial SD",0.28,0.34,0.41,1797.16,"entire"
"24","Phylogenetic+Spatial: local+L1 speakers (nonlinear)","fusion","Intercept",-0.02,0,0.03,1797.16,"entire"
"25","Phylogenetic+Spatial: local+L1 speakers (nonlinear)","fusion","social SD:
L1",0,0.01,0.03,1797.16,"entire"
"26","Phylogenetic+Spatial: local+L1 speakers (linear)+Vehicularity","fusion","phylogenetic SD",1.53,1.75,2.02,1798.71,"entire"
"27","Phylogenetic+Spatial: local+L1 speakers (linear)+Vehicularity","fusion","spatial SD",0.27,0.34,0.4,1798.71,"entire"
"28","Phylogenetic+Spatial: local+L1 speakers (linear)+Vehicularity","fusion","Intercept",-0.04,-0.01,0.02,1798.71,"entire"
"29","Phylogenetic+Spatial: local+L1 speakers (linear)+Vehicularity","fusion","L1",0.01,0.06,0.11,1798.71,"entire"
"30","Phylogenetic+Spatial: local+L1 speakers (linear)+Vehicularity","fusion","Vehicularity",-0.03,0.09,0.21,1798.71,"entire"
"31","Phylogenetic+Spatial: local+L1_log10:Vehicularity","fusion","phylogenetic SD",1.52,1.74,2.01,1814.65,"entire"
"32","Phylogenetic+Spatial: local+L1_log10:Vehicularity","fusion","spatial SD",0.27,0.34,0.4,1814.65,"entire"
"33","Phylogenetic+Spatial: local+L1_log10:Vehicularity","fusion","Intercept",-0.04,-0.01,0.01,1814.65,"entire"
"34","Phylogenetic+Spatial: local+L1_log10:Vehicularity","fusion","L1*Vehicularity",0.01,0.02,0.04,1814.65,"entire"
"35","Phylogenetic+Spatial: local+Vehicularity","fusion","phylogenetic SD",1.52,1.74,2.01,1814.82,"entire"
"36","Phylogenetic+Spatial: local+Vehicularity","fusion","spatial SD",0.27,0.34,0.4,1814.82,"entire"
"37","Phylogenetic+Spatial: local+Vehicularity","fusion","Intercept",-0.04,-0.01,0.01,1814.82,"entire"
"38","Phylogenetic+Spatial: local+Vehicularity","fusion","Vehicularity",0.03,0.14,0.26,1814.82,"entire"
"39","Phylogenetic+Spatial: local+Neighbours","fusion","phylogenetic SD",1.52,1.74,2.01,1818.78,"entire"
"40","Phylogenetic+Spatial: local+Neighbours","fusion","spatial SD",0.27,0.34,0.41,1818.78,"entire"
"41","Phylogenetic+Spatial: local+Neighbours","fusion","Intercept",-0.03,0,0.02,1818.78,"entire"
"42","Phylogenetic+Spatial: local+Neighbours","fusion","Neighbours",-0.01,0.02,0.05,1818.78,"entire"
"43","Phylogenetic+Spatial: local+Official","fusion","phylogenetic SD",1.5,1.72,1.99,1820.45,"entire"
"44","Phylogenetic+Spatial: local+Official","fusion","spatial SD",0.28,0.34,0.41,1820.45,"entire"
"45","Phylogenetic+Spatial: local+Official","fusion","Intercept",-0.03,-0.01,0.02,1820.45,"entire"
"46","Phylogenetic+Spatial: local+Official","fusion","Official status",0.01,0.17,0.34,1820.45,"entire"
"47","Phylogenetic+Spatial: local+Education","fusion","phylogenetic SD",1.5,1.72,1.99,1821.36,"entire"
"48","Phylogenetic+Spatial: local+Education","fusion","spatial SD",0.28,0.34,0.41,1821.36,"entire"
"49","Phylogenetic+Spatial: local+Education","fusion","Intercept",-0.04,-0.01,0.01,1821.36,"entire"
"50","Phylogenetic+Spatial: local+Education","fusion","Education",0.01,0.15,0.29,1821.36,"entire"
"51","L1 speakers (nonlinear)","fusion","Intercept",0.08,0.17,0.25,3609.09,"entire"
"52","L1 speakers (nonlinear)","fusion","social SD:
L1",0.06,0.14,0.47,3609.09,"entire"
"53","Education","fusion","Intercept",-0.09,-0.03,0.02,3627.87,"entire"
"54","Education","fusion","Education",0.26,0.46,0.66,3627.87,"entire"
"55","Official","fusion","Intercept",-0.08,-0.03,0.03,3630.71,"entire"
"56","Official","fusion","Official status",0.26,0.5,0.74,3630.71,"entire"
"57","L1_log10:Vehicularity","fusion","Intercept",-0.09,-0.03,0.02,3634.12,"entire"
"58","L1_log10:Vehicularity","fusion","L1*Vehicularity",0.03,0.05,0.08,3634.12,"entire"
"59","Vehicularity","fusion","Intercept",-0.09,-0.03,0.03,3637.69,"entire"
"60","Vehicularity","fusion","Vehicularity",0.11,0.29,0.46,3637.69,"entire"
"61","L1 speakers (linear)+Vehicularity","fusion","Intercept",-0.09,-0.03,0.03,3639.72,"entire"
"62","L1 speakers (linear)+Vehicularity","fusion","L1",-0.07,0,0.06,3639.72,"entire"
"63","L1 speakers (linear)+Vehicularity","fusion","Vehicularity",0.09,0.29,0.49,3639.72,"entire"
"64","L1 speakers (linear)","fusion","Intercept",-0.05,0,0.05,3646.12,"entire"
"65","L1 speakers (linear)","fusion","L1",-0.02,0.04,0.1,3646.12,"entire"
"66","Neighbours","fusion","Intercept",-0.05,0,0.06,3648.08,"entire"
"67","Neighbours","fusion","Neighbours",-0.06,-0.01,0.03,3648.08,"entire"
"68","Phylogenetic+Spatial: local","informativity","phylogenetic SD",0.88,1.19,1.56,3152.71,"entire"
"69","Phylogenetic+Spatial: local","informativity","spatial SD",0.36,0.45,0.54,3152.71,"entire"
"70","Phylogenetic+Spatial: local","informativity","Intercept",-0.01,0.03,0.07,3152.71,"entire"
"71","Phylogenetic","informativity","phylogenetic SD",1.48,1.78,2.12,3201.82,"entire"
"72","Phylogenetic","informativity","Intercept",-0.01,0.03,0.07,3201.82,"entire"
"73","Phylogenetic+Areal","informativity","phylogenetic SD",1.29,1.63,2.01,3224.01,"entire"
"74","Phylogenetic+Areal","informativity","areal SD",0.05,0.14,0.29,3224.01,"entire"
"75","Phylogenetic+Areal","informativity","Intercept",-0.04,0.05,0.16,3224.01,"entire"
"76","Phylogenetic+Spatial: regional","informativity","phylogenetic SD",0.6,0.9,1.38,3225.33,"entire"
"77","Phylogenetic+Spatial: regional","informativity","spatial SD",0.49,0.65,0.85,3225.33,"entire"
"78","Phylogenetic+Spatial: regional","informativity","Intercept",-0.01,0.03,0.08,3225.33,"entire"
"79","Spatial: local","informativity","spatial SD",0.58,0.65,0.72,3302.19,"entire"
"80","Spatial: local","informativity","Intercept",-0.01,0.03,0.07,3302.19,"entire"
"81","Spatial: regional","informativity","spatial SD",0.55,0.71,0.89,3305.44,"entire"
"82","Spatial: regional","informativity","Intercept",-0.01,0.03,0.08,3305.44,"entire"
"83","Areal","informativity","areal SD",0.31,0.42,0.59,3437.41,"entire"
"84","Areal","informativity","Intercept",0,0.18,0.37,3437.41,"entire"
"85","Phylogenetic+Spatial: local+L1 speakers (linear)+Vehicularity","informativity","phylogenetic SD",0.92,1.24,1.6,3128.92,"entire"
"86","Phylogenetic+Spatial: local+L1 speakers (linear)+Vehicularity","informativity","spatial SD",0.36,0.44,0.53,3128.92,"entire"
"87","Phylogenetic+Spatial: local+L1 speakers (linear)+Vehicularity","informativity","Intercept",-0.04,0,0.04,3128.92,"entire"
"88","Phylogenetic+Spatial: local+L1 speakers (linear)+Vehicularity","informativity","L1",-0.02,0.05,0.13,3128.92,"entire"
"89","Phylogenetic+Spatial: local+L1 speakers (linear)+Vehicularity","informativity","Vehicularity",0.12,0.31,0.49,3128.92,"entire"
"90","Phylogenetic+Spatial: local+L1 speakers (linear)","informativity","phylogenetic SD",0.97,1.28,1.66,3132.73,"entire"
"91","Phylogenetic+Spatial: local+L1 speakers (linear)","informativity","spatial SD",0.35,0.43,0.53,3132.73,"entire"
"92","Phylogenetic+Spatial: local+L1 speakers (linear)","informativity","Intercept",-0.01,0.03,0.07,3132.73,"entire"
"93","Phylogenetic+Spatial: local+L1 speakers (linear)","informativity","L1",0.03,0.1,0.17,3132.73,"entire"
"94","Phylogenetic+Spatial: local+L1 speakers (nonlinear)","informativity","phylogenetic SD",0.97,1.29,1.65,3134.4,"entire"
"95","Phylogenetic+Spatial: local+L1 speakers (nonlinear)","informativity","spatial SD",0.35,0.43,0.54,3134.4,"entire"
"96","Phylogenetic+Spatial: local+L1 speakers (nonlinear)","informativity","Intercept",0,0.04,0.08,3134.4,"entire"
"97","Phylogenetic+Spatial: local+L1 speakers (nonlinear)","informativity","social SD:
L1",0,0.01,0.03,3134.4,"entire"
"98","Phylogenetic+Spatial: local+L1_log10:Vehicularity","informativity","phylogenetic SD",0.89,1.2,1.57,3135.58,"entire"
"99","Phylogenetic+Spatial: local+L1_log10:Vehicularity","informativity","spatial SD",0.36,0.44,0.54,3135.58,"entire"
"100","Phylogenetic+Spatial: local+L1_log10:Vehicularity","informativity","Intercept",-0.05,0,0.04,3135.58,"entire"
"101","Phylogenetic+Spatial: local+L1_log10:Vehicularity","informativity","L1*Vehicularity",0.03,0.06,0.09,3135.58,"entire"
"102","Phylogenetic+Spatial: local+Vehicularity","informativity","phylogenetic SD",0.87,1.18,1.55,3136.39,"entire"
"103","Phylogenetic+Spatial: local+Vehicularity","informativity","spatial SD",0.36,0.44,0.54,3136.39,"entire"
"104","Phylogenetic+Spatial: local+Vehicularity","informativity","Intercept",-0.05,0,0.04,3136.39,"entire"
"105","Phylogenetic+Spatial: local+Vehicularity","informativity","Vehicularity",0.19,0.36,0.53,3136.39,"entire"
"106","Phylogenetic+Spatial: local+Neighbours","informativity","phylogenetic SD",0.88,1.2,1.57,3153.06,"entire"
"107","Phylogenetic+Spatial: local+Neighbours","informativity","spatial SD",0.36,0.44,0.54,3153.06,"entire"
"108","Phylogenetic+Spatial: local+Neighbours","informativity","Intercept",-0.01,0.03,0.07,3153.06,"entire"
"109","Phylogenetic+Spatial: local+Neighbours","informativity","Neighbours",-0.04,0.01,0.05,3153.06,"entire"
"110","Phylogenetic+Spatial: local+Education","informativity","phylogenetic SD",0.85,1.15,1.54,3156.96,"entire"
"111","Phylogenetic+Spatial: local+Education","informativity","spatial SD",0.37,0.45,0.54,3156.96,"entire"
"112","Phylogenetic+Spatial: local+Education","informativity","Intercept",-0.02,0.02,0.06,3156.96,"entire"
"113","Phylogenetic+Spatial: local+Education","informativity","Education",-0.03,0.18,0.38,3156.96,"entire"
"114","Phylogenetic+Spatial: local+Official","informativity","phylogenetic SD",0.83,1.14,1.52,3157.39,"entire"
"115","Phylogenetic+Spatial: local+Official","informativity","spatial SD",0.37,0.45,0.54,3157.39,"entire"
"116","Phylogenetic+Spatial: local+Official","informativity","Intercept",-0.02,0.02,0.06,3157.39,"entire"
"117","Phylogenetic+Spatial: local+Official","informativity","Official status",-0.03,0.21,0.45,3157.39,"entire"
"118","L1 speakers (linear)+Vehicularity","informativity","Intercept",-0.06,-0.01,0.05,3642.42,"entire"
"119","L1 speakers (linear)+Vehicularity","informativity","L1",-0.15,-0.09,-0.02,3642.42,"entire"
"120","L1 speakers (linear)+Vehicularity","informativity","Vehicularity",0.18,0.38,0.58,3642.42,"entire"
"121","Official","informativity","Intercept",-0.04,0.01,0.07,3645.36,"entire"
"122","Official","informativity","Official status",0.15,0.39,0.62,3645.36,"entire"
"123","Education","informativity","Intercept",-0.05,0.01,0.06,3646.32,"entire"
"124","Education","informativity","Education",0.11,0.31,0.51,3646.32,"entire"
"125","Vehicularity","informativity","Intercept",-0.05,0.01,0.06,3647.35,"entire"
"126","Vehicularity","informativity","Vehicularity",0.08,0.26,0.43,3647.35,"entire"
"127","L1_log10:Vehicularity","informativity","Intercept",-0.05,0.01,0.07,3648.47,"entire"
"128","L1_log10:Vehicularity","informativity","L1*Vehicularity",0.01,0.04,0.07,3648.47,"entire"
"129","Neighbours","informativity","Intercept",-0.02,0.04,0.09,3649.32,"entire"
"130","Neighbours","informativity","Neighbours",-0.1,-0.06,-0.01,3649.32,"entire"
"131","L1 speakers (nonlinear)","informativity","Intercept",-0.02,0.04,0.12,3652.78,"entire"
"132","L1 speakers (nonlinear)","informativity","social SD:
L1",0,0.01,0.05,3652.78,"entire"
"133","L1 speakers (linear)","informativity","Intercept",-0.02,0.03,0.09,3654.32,"entire"
"134","L1 speakers (linear)","informativity","L1",-0.09,-0.03,0.03,3654.32,"entire"
"135","Phylogenetic+Spatial: local","fusion","phylogenetic SD",0.26,0.5,0.91,99.56,"L2"
"136","Phylogenetic+Spatial: local","fusion","spatial SD",0.58,0.71,0.86,99.56,"L2"
"137","Phylogenetic+Spatial: local","fusion","Intercept",0.35,0.4,0.46,99.56,"L2"
"138","Spatial: local","fusion","spatial SD",0.64,0.77,0.94,146.04,"L2"
"139","Spatial: local","fusion","Intercept",0.34,0.4,0.47,146.04,"L2"
"140","Spatial: regional","fusion","spatial SD",0.53,0.83,1.23,221.59,"L2"
"141","Spatial: regional","fusion","Intercept",0.31,0.4,0.5,221.59,"L2"
"142","Phylogenetic+Spatial: regional","fusion","phylogenetic SD",0.02,0.14,0.54,221.95,"L2"
"143","Phylogenetic+Spatial: regional","fusion","spatial SD",0.5,0.81,1.22,221.95,"L2"
"144","Phylogenetic+Spatial: regional","fusion","Intercept",0.31,0.41,0.5,221.95,"L2"
"145","Areal","fusion","areal SD",0.31,0.5,0.83,239.92,"L2"
"146","Areal","fusion","Intercept",0.09,0.41,0.72,239.92,"L2"
"147","Phylogenetic+Areal","fusion","phylogenetic SD",0.03,0.15,0.52,241.99,"L2"
"148","Phylogenetic+Areal","fusion","areal SD",0.27,0.48,0.82,241.99,"L2"
"149","Phylogenetic+Areal","fusion","Intercept",0.11,0.42,0.73,241.99,"L2"
"150","Phylogenetic","fusion","phylogenetic SD",0.23,0.44,0.85,257.9,"L2"
"151","Phylogenetic","fusion","Intercept",0.28,0.41,0.53,257.9,"L2"
"152","Phylogenetic+Spatial: local+L1_log10:L2 proportion (linear)","fusion","phylogenetic SD",0.26,0.51,0.92,99.06,"L2"
"153","Phylogenetic+Spatial: local+L1_log10:L2 proportion (linear)","fusion","spatial SD",0.58,0.71,0.87,99.06,"L2"
"154","Phylogenetic+Spatial: local+L1_log10:L2 proportion (linear)","fusion","Intercept",0.25,0.39,0.53,99.06,"L2"
"155","Phylogenetic+Spatial: local+L1_log10:L2 proportion (linear)","fusion","L1*L2 proportion",-0.1,0.02,0.14,99.06,"L2"
"156","Phylogenetic+Spatial: local+L1 speakers (linear)","fusion","phylogenetic SD",0.25,0.5,0.94,101.35,"L2"
"157","Phylogenetic+Spatial: local+L1 speakers (linear)","fusion","spatial SD",0.58,0.7,0.86,101.35,"L2"
"158","Phylogenetic+Spatial: local+L1 speakers (linear)","fusion","Intercept",0.35,0.4,0.46,101.35,"L2"
"159","Phylogenetic+Spatial: local+L1 speakers (linear)","fusion","L1",-0.11,0.06,0.24,101.35,"L2"
"160","Phylogenetic+Spatial: local+L1 speakers (nonlinear)","fusion","phylogenetic SD",0.25,0.5,0.93,101.45,"L2"
"161","Phylogenetic+Spatial: local+L1 speakers (nonlinear)","fusion","spatial SD",0.58,0.71,0.86,101.45,"L2"
"162","Phylogenetic+Spatial: local+L1 speakers (nonlinear)","fusion","Intercept",0.32,0.39,0.46,101.45,"L2"
"163","Phylogenetic+Spatial: local+L1 speakers (nonlinear)","fusion","social SD:
L1",0,0.01,0.03,101.45,"L2"
"164","Phylogenetic+Spatial: local+L2 proportion (linear)","fusion","phylogenetic SD",0.26,0.51,0.92,101.68,"L2"
"165","Phylogenetic+Spatial: local+L2 proportion (linear)","fusion","spatial SD",0.58,0.71,0.87,101.68,"L2"
"166","Phylogenetic+Spatial: local+L2 proportion (linear)","fusion","Intercept",0.27,0.4,0.54,101.68,"L2"
"167","Phylogenetic+Spatial: local+L2 proportion (linear)","fusion","L2 proportion",-0.6,0,0.59,101.68,"L2"
"168","Phylogenetic+Spatial: local+L2 proportion (nonlinear)","fusion","phylogenetic SD",0.26,0.51,0.92,102.54,"L2"
"169","Phylogenetic+Spatial: local+L2 proportion (nonlinear)","fusion","spatial SD",0.58,0.71,0.87,102.54,"L2"
"170","Phylogenetic+Spatial: local+L2 proportion (nonlinear)","fusion","Intercept",0.24,0.4,0.55,102.54,"L2"
"171","Phylogenetic+Spatial: local+L2 proportion (nonlinear)","fusion","social SD:
L2 proportion",0,0.01,0.03,102.54,"L2"
"172","Phylogenetic+Spatial: local+L1 speakers (linear)+L2 proportion (linear)","fusion","phylogenetic SD",0.25,0.51,0.94,102.98,"L2"
"173","Phylogenetic+Spatial: local+L1 speakers (linear)+L2 proportion (linear)","fusion","spatial SD",0.58,0.7,0.87,102.98,"L2"
"174","Phylogenetic+Spatial: local+L1 speakers (linear)+L2 proportion (linear)","fusion","Intercept",0.27,0.4,0.54,102.98,"L2"
"175","Phylogenetic+Spatial: local+L1 speakers (linear)+L2 proportion (linear)","fusion","L1",-0.11,0.06,0.24,102.98,"L2"
"176","Phylogenetic+Spatial: local+L1 speakers (linear)+L2 proportion (linear)","fusion","L2 proportion",-0.58,0.02,0.62,102.98,"L2"
"177","Phylogenetic+Spatial: local+L1 speakers (nonlinear)+L2 proportion (nonlinear)","fusion","phylogenetic SD",0.25,0.51,0.94,103.27,"L2"
"178","Phylogenetic+Spatial: local+L1 speakers (nonlinear)+L2 proportion (nonlinear)","fusion","spatial SD",0.58,0.7,0.87,103.27,"L2"
"179","Phylogenetic+Spatial: local+L1 speakers (nonlinear)+L2 proportion (nonlinear)","fusion","Intercept",0.23,0.39,0.54,103.27,"L2"
"180","Phylogenetic+Spatial: local+L1 speakers (nonlinear)+L2 proportion (nonlinear)","fusion","social SD:
L1",0,0.01,0.03,103.27,"L2"
"181","Phylogenetic+Spatial: local+L1 speakers (nonlinear)+L2 proportion (nonlinear)","fusion","social SD:
L2 proportion",0,0.01,0.03,103.27,"L2"
"182","L1 speakers (linear)","fusion","Intercept",0.27,0.41,0.54,272.91,"L2"
"183","L1 speakers (linear)","fusion","L1",-0.01,0.16,0.32,272.91,"L2"
"184","L1 speakers (nonlinear)","fusion","Intercept",0.22,0.36,0.51,272.96,"L2"
"185","L1 speakers (nonlinear)","fusion","social SD:
L1",0,0.01,0.03,272.96,"L2"
"186","L1 speakers (linear)+L2 proportion (linear)","fusion","Intercept",0.22,0.4,0.58,275.12,"L2"
"187","L1 speakers (linear)+L2 proportion (linear)","fusion","L1",-0.01,0.16,0.32,275.12,"L2"
"188","L1 speakers (linear)+L2 proportion (linear)","fusion","L2 proportion",-0.54,0.04,0.62,275.12,"L2"
"189","L1 speakers (nonlinear)+L2 proportion (nonlinear)","fusion","Intercept",0.17,0.37,0.58,275.32,"L2"
"190","L1 speakers (nonlinear)+L2 proportion (nonlinear)","fusion","social SD:
L1",0,0.01,0.03,275.32,"L2"
"191","L1 speakers (nonlinear)+L2 proportion (nonlinear)","fusion","social SD:
L2 proportion",0,0.01,0.03,275.32,"L2"
"192","L1_log10:L2 proportion (linear)","fusion","Intercept",0.17,0.35,0.53,275.84,"L2"
"193","L1_log10:L2 proportion (linear)","fusion","L1*L2 proportion",-0.05,0.05,0.16,275.84,"L2"
"194","L2 proportion (nonlinear)","fusion","Intercept",0.22,0.42,0.62,276.27,"L2"
"195","L2 proportion (nonlinear)","fusion","social SD:
L2 proportion",0,0.01,0.03,276.27,"L2"
"196","L2 proportion (linear)","fusion","Intercept",0.21,0.39,0.57,276.5,"L2"
"197","L2 proportion (linear)","fusion","L2 proportion",-0.51,0.07,0.66,276.5,"L2"
"198","Phylogenetic+Spatial: local","informativity","phylogenetic SD",0.03,0.19,0.7,281.18,"L2"
"199","Phylogenetic+Spatial: local","informativity","spatial SD",0.26,0.48,0.75,281.18,"L2"
"200","Phylogenetic+Spatial: local","informativity","Intercept",0.03,0.15,0.27,281.18,"L2"
"201","Spatial: local","informativity","spatial SD",0.23,0.43,0.68,287.7,"L2"
"202","Spatial: local","informativity","Intercept",0.02,0.15,0.28,287.7,"L2"
"203","Phylogenetic+Spatial: regional","informativity","phylogenetic SD",0.04,0.22,0.68,289.22,"L2"
"204","Phylogenetic+Spatial: regional","informativity","spatial SD",0.15,0.4,0.79,289.22,"L2"
"205","Phylogenetic+Spatial: regional","informativity","Intercept",0.02,0.15,0.29,289.22,"L2"
"206","Areal","informativity","areal SD",0.11,0.28,0.58,291.11,"L2"
"207","Areal","informativity","Intercept",-0.05,0.19,0.45,291.11,"L2"
"208","Phylogenetic+Areal","informativity","phylogenetic SD",0.02,0.15,0.62,291.26,"L2"
"209","Phylogenetic+Areal","informativity","areal SD",0.12,0.3,0.61,291.26,"L2"
"210","Phylogenetic+Areal","informativity","Intercept",-0.06,0.2,0.49,291.26,"L2"
"211","Spatial: regional","informativity","spatial SD",0.08,0.31,0.71,292.27,"L2"
"212","Spatial: regional","informativity","Intercept",0.01,0.15,0.29,292.27,"L2"
"213","Phylogenetic","informativity","phylogenetic SD",0.02,0.16,0.72,297.19,"L2"
"214","Phylogenetic","informativity","Intercept",0,0.15,0.3,297.19,"L2"
"215","Phylogenetic+Spatial: local+L1_log10:L2 proportion (linear)","informativity","phylogenetic SD",0.03,0.17,0.66,282.23,"L2"
"216","Phylogenetic+Spatial: local+L1_log10:L2 proportion (linear)","informativity","spatial SD",0.26,0.48,0.75,282.23,"L2"
"217","Phylogenetic+Spatial: local+L1_log10:L2 proportion (linear)","informativity","Intercept",-0.1,0.09,0.28,282.23,"L2"
"218","Phylogenetic+Spatial: local+L1_log10:L2 proportion (linear)","informativity","L1*L2 proportion",-0.08,0.06,0.19,282.23,"L2"
"219","Phylogenetic+Spatial: local+L2 proportion (linear)","informativity","phylogenetic SD",0.03,0.18,0.68,282.59,"L2"
"220","Phylogenetic+Spatial: local+L2 proportion (linear)","informativity","spatial SD",0.26,0.48,0.75,282.59,"L2"
"221","Phylogenetic+Spatial: local+L2 proportion (linear)","informativity","Intercept",-0.09,0.1,0.29,282.59,"L2"
"222","Phylogenetic+Spatial: local+L2 proportion (linear)","informativity","L2 proportion",-0.47,0.24,0.95,282.59,"L2"
"223","Phylogenetic+Spatial: local+L2 proportion (nonlinear)","informativity","phylogenetic SD",0.03,0.17,0.7,283.71,"L2"
"224","Phylogenetic+Spatial: local+L2 proportion (nonlinear)","informativity","spatial SD",0.25,0.47,0.73,283.71,"L2"
"225","Phylogenetic+Spatial: local+L2 proportion (nonlinear)","informativity","Intercept",-0.01,0.2,0.42,283.71,"L2"
"226","Phylogenetic+Spatial: local+L2 proportion (nonlinear)","informativity","social SD:
L2 proportion",0,0.01,0.03,283.71,"L2"
"227","Phylogenetic+Spatial: local+L1 speakers (linear)","informativity","phylogenetic SD",0.04,0.21,0.76,283.99,"L2"
"228","Phylogenetic+Spatial: local+L1 speakers (linear)","informativity","spatial SD",0.25,0.46,0.73,283.99,"L2"
"229","Phylogenetic+Spatial: local+L1 speakers (linear)","informativity","Intercept",0.03,0.15,0.28,283.99,"L2"
"230","Phylogenetic+Spatial: local+L1 speakers (linear)","informativity","L1",-0.25,-0.04,0.17,283.99,"L2"
"231","Phylogenetic+Spatial: local+L1 speakers (nonlinear)","informativity","phylogenetic SD",0.04,0.21,0.76,284.45,"L2"
"232","Phylogenetic+Spatial: local+L1 speakers (nonlinear)","informativity","spatial SD",0.24,0.45,0.71,284.45,"L2"
"233","Phylogenetic+Spatial: local+L1 speakers (nonlinear)","informativity","Intercept",0.03,0.16,0.3,284.45,"L2"
"234","Phylogenetic+Spatial: local+L1 speakers (nonlinear)","informativity","social SD:
L1",0,0.01,0.03,284.45,"L2"
"235","Phylogenetic+Spatial: local+L1 speakers (linear)+L2 proportion (linear)","informativity","phylogenetic SD",0.03,0.19,0.72,285.31,"L2"
"236","Phylogenetic+Spatial: local+L1 speakers (linear)+L2 proportion (linear)","informativity","spatial SD",0.25,0.46,0.73,285.31,"L2"
"237","Phylogenetic+Spatial: local+L1 speakers (linear)+L2 proportion (linear)","informativity","Intercept",-0.09,0.1,0.29,285.31,"L2"
"238","Phylogenetic+Spatial: local+L1 speakers (linear)+L2 proportion (linear)","informativity","L1",-0.25,-0.04,0.17,285.31,"L2"
"239","Phylogenetic+Spatial: local+L1 speakers (linear)+L2 proportion (linear)","informativity","L2 proportion",-0.48,0.24,0.94,285.31,"L2"
"240","Phylogenetic+Spatial: local+L1 speakers (nonlinear)+L2 proportion (nonlinear)","informativity","phylogenetic SD",0.03,0.19,0.73,285.85,"L2"
"241","Phylogenetic+Spatial: local+L1 speakers (nonlinear)+L2 proportion (nonlinear)","informativity","spatial SD",0.24,0.45,0.72,285.85,"L2"
"242","Phylogenetic+Spatial: local+L1 speakers (nonlinear)+L2 proportion (nonlinear)","informativity","Intercept",-0.01,0.21,0.43,285.85,"L2"
"243","Phylogenetic+Spatial: local+L1 speakers (nonlinear)+L2 proportion (nonlinear)","informativity","social SD:
L1",0,0.01,0.03,285.85,"L2"
"244","Phylogenetic+Spatial: local+L1 speakers (nonlinear)+L2 proportion (nonlinear)","informativity","social SD:
L2 proportion",0,0.01,0.03,285.85,"L2"
"245","L1_log10:L2 proportion (linear)","informativity","Intercept",-0.12,0.08,0.27,296.98,"L2"
"246","L1_log10:L2 proportion (linear)","informativity","L1*L2 proportion",-0.05,0.07,0.19,296.98,"L2"
"247","L2 proportion (nonlinear)","informativity","Intercept",0,0.22,0.44,297.25,"L2"
"248","L2 proportion (nonlinear)","informativity","social SD:
L2 proportion",0,0.01,0.03,297.25,"L2"
"249","L2 proportion (linear)","informativity","Intercept",-0.12,0.08,0.28,297.28,"L2"
"250","L2 proportion (linear)","informativity","L2 proportion",-0.32,0.32,0.96,297.28,"L2"
"251","L1 speakers (nonlinear)","informativity","Intercept",0,0.16,0.32,297.9,"L2"
"252","L1 speakers (nonlinear)","informativity","social SD:
L1",0,0.01,0.03,297.9,"L2"
"253","L1 speakers (linear)","informativity","Intercept",0,0.15,0.3,298.14,"L2"
"254","L1 speakers (linear)","informativity","L1",-0.21,-0.03,0.15,298.14,"L2"
"255","L1 speakers (linear)+L2 proportion (linear)","informativity","Intercept",-0.12,0.08,0.28,299.04,"L2"
"256","L1 speakers (linear)+L2 proportion (linear)","informativity","L1",-0.22,-0.03,0.15,299.04,"L2"
"257","L1 speakers (linear)+L2 proportion (linear)","informativity","L2 proportion",-0.32,0.33,0.97,299.04,"L2"
"258","L1 speakers (nonlinear)+L2 proportion (nonlinear)","informativity","Intercept",0.01,0.24,0.46,299.05,"L2"
"259","L1 speakers (nonlinear)+L2 proportion (nonlinear)","informativity","social SD:
L1",0,0.01,0.03,299.05,"L2"
"260","L1 speakers (nonlinear)+L2 proportion (nonlinear)","informativity","social SD:
L2 proportion",0,0.01,0.03,299.05,"L2"
