ISO_639,Name,Language_ID,92A,112A,26A,38A,57A,101A,70A,20A,28A,29A,39A,48A,49A,65A,66A,67A,77A,98A,100A,102A,22A,34A,36A,41A,59A,73A,74A,75A,76A,na_proportion
axb,Abipón,abip1241,NA,2,2,NA,3,NA,NA,1,1,2,3,2,1,2,4,2,1,1,2,5,NA,NA,NA,NA,NA,NA,NA,NA,NA,0.4482758620689655
abk,Abkhaz,abkh1244,6,1,4,2,1,2,1,1,1,3,5,4,2,1,1,1,2,1,3,5,6,6,2,2,1,1,2,1,2,0
ace,Acehnese,achi1257,5,NA,1,5,4,NA,5,NA,NA,NA,NA,2,NA,NA,NA,NA,NA,NA,4,5,NA,1,NA,3,NA,NA,2,1,2,0.5517241379310345
kjq,Acoma,west2632,NA,2,4,5,1,2,1,1,1,3,1,2,1,2,4,2,3,1,4,5,3,4,4,3,1,2,1,2,3,0.034482758620689655
arz,Arabic (Egyptian),egyp1253,1,2,3,4,2,2,1,6,1,2,3,3,1,1,1,1,1,1,2,5,4,6,4,2,1,2,2,1,1,0
ain,Ainu,ainu1240,2,2,4,NA,1,2,4,NA,1,3,5,3,9,2,4,2,3,1,6,5,3,4,1,2,1,2,2,3,2,0.06896551724137931
aka,Akan,akan1250,5,1,6,NA,1,NA,2,NA,NA,NA,NA,NA,NA,1,4,1,NA,NA,NA,NA,NA,NA,1,NA,NA,NA,2,3,3,0.5862068965517241
amp,Alamblak,alam1246,6,2,2,4,4,2,1,1,1,3,3,2,7,1,2,1,1,1,2,5,6,6,3,2,1,2,NA,NA,NA,0.10344827586206896
sqi,Albanian,,1,2,2,1,4,2,2,NA,NA,NA,NA,2,4,NA,NA,NA,2,NA,2,5,NA,NA,4,NA,NA,1,2,1,2,0.41379310344827586
aey,Amele,amel1241,2,2,2,1,2,NA,5,1,1,2,3,2,1,2,2,1,1,1,2,5,4,3,4,3,4,2,3,3,3,0.034482758620689655
amh,Amharic,amha1245,NA,6,3,2,2,2,1,NA,NA,NA,NA,3,2,2,1,2,NA,NA,2,5,NA,NA,2,NA,1,NA,2,1,3,0.3793103448275862
ary,Arabic (Moroccan),moro1292,1,6,3,3,2,2,1,NA,NA,NA,NA,NA,NA,NA,NA,NA,NA,NA,NA,NA,NA,NA,NA,NA,NA,2,2,1,2,0.6206896551724138
aro,Araona,arao1248,6,6,2,5,4,NA,1,1,3,1,5,2,5,2,4,2,2,4,1,1,NA,NA,1,NA,NA,2,1,2,3,0.1724137931034483
apy,Apalaí,apal1257,6,1,4,5,1,2,1,NA,NA,NA,NA,NA,NA,NA,NA,NA,3,NA,NA,NA,NA,NA,1,3,NA,2,NA,NA,NA,0.6206896551724138
apu,Apurinã,apur1254,6,2,4,5,1,2,3,1,1,3,3,1,9,2,4,1,2,1,4,5,4,6,4,2,1,2,2,2,NA,0.034482758620689655
afb,Arabic (Gulf),gulf1241,6,2,3,4,2,2,1,NA,NA,NA,NA,NA,NA,NA,NA,NA,2,NA,NA,NA,NA,NA,NA,2,NA,NA,2,1,2,0.5862068965517241
hye,Armenian (Eastern),nucl1235,6,5,2,1,2,2,1,NA,3,3,3,2,5,1,1,2,NA,2,2,2,2,6,4,NA,1,2,2,3,2,0.10344827586206896
ape,Arapesh (Mountain),buki1249,2,2,5,1,NA,2,1,1,1,3,3,1,1,2,4,1,1,1,4,5,3,NA,2,2,1,2,NA,NA,NA,0.1724137931034483
cns,Asmat,cent2117,2,2,2,NA,4,2,4,1,1,3,3,2,1,2,2,1,2,1,2,5,3,NA,3,4,2,2,1,2,3,0.06896551724137931
kwi,Awa Pit,awac1239,2,6,2,5,4,2,1,1,1,2,3,2,8,1,1,1,1,2,5,4,5,NA,NA,NA,1,2,1,2,2,0.10344827586206896
kmn,Awtuw,awtu1239,2,1,3,2,4,5,NA,NA,NA,NA,NA,1,NA,NA,NA,NA,NA,NA,1,1,NA,NA,1,NA,1,NA,NA,NA,NA,0.6206896551724138
ayr,Aymara (Central),cent2142,2,2,2,2,2,2,4,1,1,2,4,3,6,NA,NA,NA,3,3,5,5,5,NA,NA,NA,1,1,2,3,3,0.20689655172413793
bav,Babungo,veng1238,2,6,NA,4,NA,1,1,NA,NA,NA,NA,2,NA,NA,NA,NA,NA,NA,1,1,NA,6,NA,NA,NA,NA,2,3,3,0.5862068965517241
bmi,Bagirmi,bagi1246,2,2,3,4,2,NA,5,1,1,2,3,3,1,1,4,2,NA,1,2,5,4,6,NA,NA,1,2,2,NA,NA,0.20689655172413793
bam,Bambara,bamb1269,2,NA,2,NA,NA,NA,1,NA,1,1,3,2,1,NA,NA,NA,NA,1,1,1,NA,NA,1,NA,NA,2,2,1,2,0.4482758620689655
bgr,Bawm,bawm1236,2,4,1,5,4,4,5,NA,4,3,3,2,4,NA,NA,NA,1,4,2,5,NA,4,NA,NA,NA,2,2,NA,2,0.3103448275862069
bej,Beja,beja1238,6,1,3,NA,2,2,1,6,1,2,3,2,2,1,1,2,2,NA,2,5,3,NA,NA,NA,1,NA,2,3,NA,0.2413793103448276
byw,Belhare,belh1239,2,1,3,NA,1,2,1,1,NA,NA,NA,NA,NA,NA,NA,NA,NA,NA,NA,NA,4,5,1,2,1,NA,NA,NA,NA,0.5862068965517241
btx,Batak (Karo),bata1293,3,4,2,4,2,6,4,NA,1,3,5,2,1,NA,NA,NA,1,1,2,3,NA,NA,NA,NA,NA,2,1,3,3,0.3103448275862069
tzm,Berber (Middle Atlas),cent2194,1,2,4,NA,2,2,1,6,1,3,3,3,2,1,4,2,NA,3,2,5,4,NA,NA,NA,2,2,2,NA,NA,0.2413793103448276
brh,Brahui,brah1256,NA,1,2,NA,2,2,1,1,4,3,3,2,8,1,1,2,1,2,2,2,2,6,2,NA,1,2,1,2,3,0.10344827586206896
bzd,Bribri,brib1243,NA,2,2,NA,4,NA,NA,NA,1,1,5,2,9,NA,NA,NA,NA,4,1,1,NA,NA,NA,NA,NA,NA,NA,2,NA,0.5862068965517241
mya,Burmese,nucl1310,6,6,2,5,NA,5,5,1,1,1,2,2,7,2,4,2,1,2,1,1,2,NA,1,2,1,2,3,3,2,0.06896551724137931
bsn,Barasano,bara1380,6,1,2,NA,4,2,4,1,1,3,5,2,2,2,2,2,3,2,2,2,3,6,3,3,2,2,2,3,3,0.034482758620689655
eus,Basque,basq1248,4,2,4,2,4,2,1,1,2,3,3,2,8,1,1,1,2,6,3,5,3,6,3,3,1,2,1,2,1,0
bul,Bulgarian,bulg1262,3,2,2,NA,4,2,1,NA,NA,NA,NA,NA,1,1,1,2,3,NA,NA,NA,NA,NA,2,NA,NA,2,NA,NA,NA,0.5517241379310345
bsk,Burushaski,buru1296,6,1,3,NA,1,2,1,1,3,2,3,3,7,1,1,1,1,4,6,5,5,6,NA,2,3,2,NA,2,NA,0.13793103448275862
chl,Cahuilla,cahu1264,6,2,4,NA,1,2,1,1,4,3,3,2,5,NA,NA,NA,2,2,2,5,NA,NA,NA,NA,NA,2,NA,3,NA,0.3793103448275862
car,Carib,gali1262,6,1,4,NA,1,NA,1,NA,1,2,5,4,1,NA,NA,NA,3,1,3,5,NA,NA,NA,NA,NA,2,NA,NA,NA,0.4827586206896552
cha,Chamorro,cham1312,1,2,1,NA,2,NA,NA,7,1,3,5,3,1,1,4,2,2,1,3,2,4,2,1,3,1,2,1,3,2,0.10344827586206896
ckt,Chukchi,chuk1273,6,2,3,5,4,2,5,1,3,2,3,2,8,1,4,1,1,4,6,5,3,6,1,3,1,2,3,3,3,0
crw,Chrau,chra1242,2,4,1,5,4,NA,5,NA,NA,NA,NA,2,NA,NA,NA,NA,1,NA,1,1,NA,NA,NA,NA,NA,2,NA,NA,NA,0.6206896551724138
chv,Chuvash,chuv1255,6,1,2,5,2,NA,1,NA,NA,NA,NA,NA,6,NA,NA,NA,NA,NA,NA,NA,NA,5,1,NA,NA,2,1,2,NA,0.5862068965517241
cle,Chinantec (Lealao),leal1235,1,2,1,5,3,2,1,NA,1,2,5,3,1,NA,NA,NA,1,1,2,2,NA,NA,NA,3,NA,1,2,NA,NA,0.3448275862068966
com,Comanche,coma1245,3,2,2,4,4,3,1,NA,3,1,5,2,3,NA,NA,NA,2,2,2,5,NA,3,1,3,NA,2,NA,2,NA,0.27586206896551724
ram,Canela,ramk1239,1,2,1,5,1,NA,4,1,1,2,4,3,1,2,2,2,1,1,3,3,3,NA,NA,2,1,NA,NA,3,NA,0.20689655172413793
yue,Cantonese,yuec1235,NA,2,1,2,4,NA,5,NA,NA,NA,NA,NA,NA,1,4,2,2,NA,NA,NA,NA,NA,2,2,NA,NA,2,3,2,0.5172413793103449
csz,Coos (Hanis),coos1249,2,2,3,4,4,2,1,1,1,3,5,1,7,NA,NA,NA,2,4,2,5,NA,3,NA,2,NA,2,NA,3,2,0.2413793103448276
crk,Cree (Plains),plai1258,3,2,4,NA,1,3,1,7,1,3,5,1,9,2,4,2,NA,NA,5,5,4,6,3,3,1,2,2,2,3,0.10344827586206896
cyb,Cayuvava,cayu1262,NA,1,5,NA,3,2,1,1,1,2,5,1,9,NA,NA,NA,1,1,6,5,4,NA,NA,NA,4,NA,2,2,3,0.3103448275862069
dgz,Daga,daga1275,NA,2,2,5,2,2,1,1,1,2,3,2,9,2,1,1,1,1,2,5,5,NA,NA,NA,2,NA,1,2,3,0.1724137931034483
dih,Diegueño (Mesa Grande),kumi1248,6,3,5,4,1,2,1,NA,NA,NA,NA,NA,NA,NA,NA,NA,1,NA,NA,NA,NA,NA,NA,NA,2,NA,NA,2,3,0.6206896551724138
dyo,Diola-Fogny,jola1263,6,1,4,1,2,2,5,NA,1,2,5,2,1,2,4,1,1,1,2,5,NA,NA,NA,NA,NA,2,1,NA,NA,0.27586206896551724
dni,Dani (Lower Grand Valley),lowe1415,6,2,2,5,1,2,1,1,1,2,3,3,6,1,2,1,2,4,2,5,4,NA,1,NA,2,2,1,2,2,0.06896551724137931
dhv,Drehu,dehu1237,1,4,1,NA,2,1,5,NA,1,1,5,2,1,NA,NA,NA,1,6,1,1,NA,NA,NA,2,2,2,2,3,3,0.27586206896551724
dan,Danish,dani1285,6,2,2,1,4,1,4,NA,NA,NA,NA,NA,NA,NA,NA,NA,NA,NA,NA,NA,NA,NA,NA,NA,NA,2,2,1,1,0.6206896551724138
nld,Dutch,dutc1256,6,2,2,1,4,1,4,NA,NA,NA,NA,2,1,NA,NA,NA,2,NA,2,2,NA,6,4,NA,NA,NA,2,1,1,0.41379310344827586
ekg,Ekari,ekar1243,NA,2,NA,NA,NA,NA,1,1,1,2,3,2,9,NA,NA,NA,2,1,2,5,3,NA,NA,NA,2,NA,1,2,3,0.41379310344827586
eng,English,stan1293,6,2,2,1,4,1,5,1,2,2,3,2,2,2,1,2,1,1,2,2,2,6,4,2,1,2,2,1,1,0
sja,Epena Pedee,epen1239,6,1,2,4,4,5,1,1,4,1,3,2,8,NA,NA,NA,2,4,1,1,3,3,NA,2,1,2,NA,2,NA,0.20689655172413793
evn,Evenki,even1259,2,6,2,5,2,1,1,1,4,3,5,3,8,1,1,1,3,2,2,2,4,6,1,2,1,1,1,2,3,0
ewe,Ewe,ewee1241,2,6,4,1,2,2,5,NA,1,2,3,3,1,2,4,1,1,1,2,5,NA,NA,1,2,2,2,2,1,2,0.10344827586206896
fij,Fijian,fiji1243,6,NA,1,5,2,4,5,2,2,1,5,4,1,2,1,2,1,1,2,5,4,NA,NA,3,1,2,2,3,3,0.10344827586206896
fin,Finnish,finn1318,3,3,2,5,2,6,1,1,3,3,3,3,8,2,1,2,2,2,2,2,2,6,4,2,1,2,2,1,1,0
fra,French,stan1290,1,2,2,2,4,1,2,1,3,2,3,2,1,1,1,1,2,1,2,2,3,6,4,1,1,2,2,1,1,0
fub,Fulfulde (Adamawa),adam1253,2,1,3,NA,2,2,1,NA,NA,NA,NA,2,1,NA,NA,NA,NA,NA,2,5,NA,NA,1,NA,2,NA,1,2,2,0.4827586206896552
fvr,Fur,furr1244,NA,6,3,NA,4,2,5,NA,1,3,3,3,4,NA,NA,NA,1,2,2,2,NA,NA,NA,NA,1,2,NA,2,NA,0.41379310344827586
grt,Garo,garo1247,6,1,2,5,4,5,4,1,4,1,5,1,7,NA,NA,NA,2,2,1,1,2,4,1,NA,NA,2,1,2,3,0.1724137931034483
kat,Georgian,nucl1302,6,2,3,NA,4,4,5,1,3,3,3,2,6,1,1,1,3,6,2,5,5,6,2,3,1,1,2,3,2,0.034482758620689655
deu,German,stan1295,6,2,2,2,4,1,2,1,3,2,3,2,4,2,1,2,2,2,2,2,2,6,3,1,1,2,2,1,1,0
gni,Gooniyandi,goon1238,NA,2,5,NA,2,2,5,7,1,3,5,2,8,2,1,1,2,4,2,5,4,NA,1,2,2,2,NA,2,NA,0.1724137931034483
grj,Grebo,sout2826,1,3,2,5,4,4,2,1,1,3,3,2,1,1,2,1,1,1,1,1,4,6,NA,NA,1,2,NA,1,NA,0.13793103448275862
ell,Greek (Modern),mode1248,1,2,2,2,4,2,1,1,3,3,3,2,3,1,1,2,1,2,2,5,3,6,4,3,1,2,2,1,1,0
kal,Greenlandic (West),kala1399,6,1,2,5,2,2,1,1,2,3,3,3,7,2,4,1,2,4,2,5,3,6,2,3,1,2,1,2,1,0
gug,Guaraní,para1311,NA,6,6,4,1,2,2,1,1,3,5,3,1,2,1,1,2,2,4,5,3,2,4,3,1,1,NA,NA,NA,0.13793103448275862
hai,Haida,haid1248,3,6,2,4,4,1,4,1,1,1,3,2,1,NA,NA,NA,3,1,1,1,5,NA,NA,NA,2,2,1,2,2,0.20689655172413793
hmt,Hamtai,hamt1247,2,1,4,NA,1,2,1,NA,1,2,3,1,8,NA,NA,NA,2,1,2,5,NA,NA,NA,NA,NA,2,1,2,3,0.3448275862068966
had,Hatam,hata1243,2,2,6,5,1,2,5,1,NA,NA,NA,2,NA,NA,NA,NA,NA,NA,2,2,2,2,NA,NA,2,NA,NA,NA,NA,0.5172413793103449
hau,Hausa,haus1257,2,2,1,1,2,4,2,2,4,1,3,3,1,2,4,2,1,1,1,1,4,6,3,4,1,2,2,1,2,0
haw,Hawaiian,hawa1245,NA,2,1,1,4,5,5,NA,NA,NA,NA,NA,NA,1,4,2,NA,NA,NA,NA,NA,NA,3,3,NA,NA,2,3,2,0.5172413793103449
heb,Hebrew (Modern),hebr1245,1,2,3,2,2,6,1,6,1,2,3,3,1,2,1,1,1,2,2,2,3,6,4,2,1,2,2,1,1,0
hin,Hindi,hind1269,1,2,2,5,NA,NA,1,1,3,2,3,2,NA,1,1,1,1,5,2,2,2,6,4,NA,1,2,2,1,2,0.13793103448275862
hix,Hixkaryana,hixk1239,6,1,4,5,1,2,1,1,1,2,5,3,1,1,2,2,3,1,6,5,3,2,1,3,1,2,NA,3,NA,0.06896551724137931
hto,Huitoto (Minica),mini1256,6,1,2,5,NA,2,1,NA,4,3,NA,3,6,NA,NA,NA,1,NA,NA,NA,NA,NA,NA,NA,NA,NA,1,NA,NA,0.5862068965517241
hnj,Hmong Njua,hmon1264,4,4,1,2,NA,1,5,2,1,1,3,2,1,2,4,2,1,1,1,1,2,1,NA,3,1,2,2,NA,NA,0.13793103448275862
ygr,Hua,huaa1250,6,1,3,NA,3,2,NA,NA,NA,NA,NA,2,7,NA,NA,NA,NA,NA,2,5,NA,NA,NA,3,3,NA,NA,NA,NA,0.6206896551724138
hun,Hungarian,hung1274,NA,2,2,1,2,2,5,1,4,3,3,3,8,2,1,2,1,2,2,5,3,6,2,2,1,2,1,1,2,0.034482758620689655
huz,Hunzib,hunz1247,6,1,2,5,4,NA,4,1,4,3,3,2,8,NA,NA,NA,2,4,2,2,4,6,NA,3,NA,1,2,3,3,0.20689655172413793
isl,Icelandic,icel1247,NA,2,2,4,4,1,2,NA,NA,NA,NA,NA,4,2,1,2,NA,NA,NA,NA,NA,6,3,NA,NA,2,2,1,2,0.4482758620689655
ibo,Igbo,nucl1417,6,NA,NA,NA,4,4,1,NA,1,1,3,2,1,NA,NA,NA,1,3,1,1,NA,NA,NA,NA,NA,2,2,1,2,0.41379310344827586
ijc,Ijo (Kolokuma),izon1238,6,5,3,3,1,NA,2,NA,NA,NA,NA,3,NA,NA,NA,NA,NA,NA,2,3,NA,NA,NA,NA,2,2,NA,NA,NA,0.6206896551724138
arh,Ika,arhu1242,2,1,3,5,1,2,5,NA,4,2,3,2,6,NA,NA,NA,3,4,4,5,NA,NA,NA,3,NA,2,1,2,2,0.27586206896551724
imn,Imonda,imon1245,NA,2,NA,5,4,5,4,1,4,1,4,2,5,1,1,1,1,6,1,1,6,1,NA,2,2,2,1,2,3,0.10344827586206896
ind,Indonesian,stin1234,5,4,2,4,4,1,5,2,1,1,5,2,1,2,4,2,1,1,2,3,3,4,3,2,1,2,1,3,3,0
inh,Ingush,ingu1240,6,1,2,5,4,1,4,1,3,3,5,2,8,NA,NA,NA,3,4,1,1,6,NA,4,2,1,1,2,NA,NA,0.20689655172413793
gle,Irish,iris1253,1,2,4,4,4,6,1,NA,3,2,3,3,2,NA,NA,NA,1,1,2,2,NA,6,4,3,NA,2,2,1,1,0.20689655172413793
irk,Iraqw,iraq1241,6,1,2,5,2,2,1,NA,1,2,3,2,9,NA,NA,NA,1,2,2,2,NA,6,NA,4,NA,2,2,3,2,0.2413793103448276
ita,Italian,ital1282,6,2,2,2,4,2,2,NA,NA,NA,NA,2,1,NA,NA,NA,NA,NA,2,2,NA,6,4,2,NA,NA,2,1,1,0.41379310344827586
jac,Jakaltek,,6,2,6,2,1,6,1,1,1,3,3,4,1,1,4,2,2,1,3,5,3,4,NA,2,1,2,1,3,2,0.034482758620689655
jpn,Japanese,nucl1643,2,1,2,1,4,5,4,1,1,1,3,2,7,2,1,2,2,2,1,1,3,2,1,3,1,2,1,3,2,0
ktz,Ju|'hoan,juho1239,3,4,1,1,4,1,5,NA,1,1,5,2,1,1,4,2,1,1,1,1,NA,6,NA,3,3,2,NA,3,NA,0.1724137931034483
kas,Kashmiri,kash1277,NA,1,NA,NA,NA,4,1,NA,NA,NA,NA,2,4,NA,NA,NA,NA,NA,6,5,NA,NA,NA,2,NA,2,2,1,1,0.5862068965517241
gyd,Kayardild,kaya1319,6,1,2,2,NA,5,4,1,3,1,5,1,8,2,4,1,3,2,1,1,3,1,3,2,2,2,1,2,2,0.034482758620689655
khq,Koyra Chiini,koyr1240,6,4,1,NA,4,1,NA,2,NA,NA,NA,2,NA,NA,NA,NA,NA,NA,1,1,2,6,NA,NA,2,NA,NA,NA,NA,0.5862068965517241
ker,Kera,kera1255,2,2,2,NA,2,NA,5,NA,1,1,5,2,9,NA,NA,NA,1,1,2,3,NA,NA,3,1,NA,2,2,3,3,0.3103448275862069
ket,Ket,kett1243,NA,NA,5,5,1,NA,1,1,4,2,3,4,8,1,4,2,1,1,4,5,2,6,NA,3,1,2,2,3,3,0.13793103448275862
kew,Kewa,kewa1250,2,1,2,5,4,2,1,1,1,2,3,2,6,2,2,1,3,4,4,2,4,NA,NA,NA,1,2,NA,3,NA,0.1724137931034483
kfz,Koromfe,koro1298,2,2,3,4,4,2,4,NA,1,1,3,3,1,NA,NA,NA,1,1,2,5,NA,6,NA,1,NA,2,2,1,2,0.2413793103448276
khk,Khalkha,halh1238,2,1,2,5,2,5,4,1,4,1,3,2,7,2,1,2,3,2,1,1,2,4,1,2,1,1,2,3,3,0
khm,Khmer,cent1989,2,NA,1,NA,4,NA,5,NA,1,1,3,2,1,2,4,2,1,1,1,1,NA,4,NA,NA,NA,2,2,NA,NA,0.3448275862068966
naq,Nama,nama1264,3,2,2,3,NA,1,5,7,1,2,5,2,2,1,2,2,1,2,2,3,4,NA,2,2,2,2,2,3,3,0.06896551724137931
kha,Khasi,khas1269,NA,4,1,5,4,1,NA,2,1,1,3,2,1,NA,NA,NA,1,2,2,2,3,NA,NA,3,1,NA,2,3,3,0.27586206896551724
kio,Kiowa,kiow1266,1,6,4,5,1,2,1,1,1,2,2,1,9,1,4,1,2,1,5,4,5,NA,NA,2,2,2,1,2,2,0.06896551724137931
kss,Kisi,kiss1245,6,6,NA,5,NA,4,1,3,NA,NA,NA,2,NA,NA,NA,NA,NA,NA,2,3,2,NA,NA,2,NA,2,NA,NA,NA,0.5862068965517241
kij,Kilivila,kili1267,6,2,5,5,2,2,5,NA,1,3,5,3,1,NA,NA,NA,1,1,2,5,NA,NA,NA,3,NA,2,1,2,3,0.27586206896551724
kjg,Khmu',khmu1256,2,NA,1,NA,4,5,5,NA,1,1,3,2,1,2,4,2,1,1,1,1,NA,NA,NA,NA,NA,2,2,3,3,0.27586206896551724
kan,Kannada,nucl1305,2,1,2,2,4,2,1,1,4,2,3,2,6,2,1,1,2,2,2,2,2,5,3,2,1,2,2,1,1,0
kun,Kunama,kuna1268,6,1,3,4,2,2,1,7,1,2,5,2,6,NA,NA,NA,1,2,2,5,NA,NA,NA,2,2,NA,2,NA,NA,0.3103448275862069
knc,Kanuri,cent2050,6,1,2,1,2,2,1,NA,1,3,3,2,6,1,1,1,1,2,2,5,NA,6,1,2,1,2,2,3,3,0.06896551724137931
cku,Koasati,koas1236,NA,1,4,NA,1,2,1,1,4,3,3,3,6,2,2,1,3,2,4,5,7,2,NA,5,2,2,1,2,2,0.10344827586206896
kpw,Kobon,kobo1249,2,1,2,1,1,2,1,NA,1,2,3,2,1,NA,NA,NA,1,1,2,2,NA,3,NA,2,2,2,1,3,3,0.20689655172413793
kng,Kongo,koon1244,NA,6,6,NA,4,2,2,NA,1,2,3,2,1,NA,NA,NA,1,1,2,5,NA,NA,3,NA,NA,2,2,NA,NA,0.41379310344827586
kor,Korean,kore1280,6,2,2,5,NA,5,4,1,1,1,3,2,6,1,1,2,2,2,1,1,4,NA,1,3,1,2,3,3,2,0.06896551724137931
gil,Kiribati,gilb1244,NA,4,4,NA,2,4,1,NA,1,1,3,4,1,NA,NA,NA,1,1,2,5,NA,NA,3,NA,NA,2,2,3,NA,0.3793103448275862
kyh,Karok,karo1304,NA,6,4,NA,1,2,1,1,1,2,3,2,3,2,4,1,2,1,5,5,5,NA,NA,NA,1,2,NA,3,NA,0.2413793103448276
kgo,Krongo,kron1241,6,6,5,5,4,6,1,1,3,3,5,2,6,1,4,2,1,1,1,1,3,6,1,3,2,2,2,3,NA,0.034482758620689655
ses,Koyraboro Senni,koyr1242,5,2,1,4,4,1,1,NA,1,1,3,2,1,1,4,2,1,1,1,1,NA,NA,1,1,NA,2,2,NA,2,0.1724137931034483
kca,Khanty,khan1273,NA,2,2,NA,2,2,1,NA,NA,NA,NA,NA,3,NA,NA,NA,NA,NA,NA,NA,NA,NA,1,NA,NA,2,2,3,3,0.6206896551724138
kut,Kutenai,kute1249,1,2,3,4,2,4,1,1,1,3,3,1,1,2,4,1,1,1,2,5,3,3,4,3,1,2,3,3,3,0
eky,Kayah Li (Eastern),east2342,2,4,1,NA,4,5,5,NA,1,1,3,2,1,NA,NA,NA,3,1,1,1,NA,NA,3,2,NA,2,3,NA,NA,0.3448275862068966
lbj,Ladakhi,lada1244,6,1,2,3,NA,5,1,NA,4,1,5,2,5,NA,NA,NA,3,4,1,1,NA,NA,NA,NA,NA,1,1,2,3,0.3448275862068966
lhu,Lahu,lahu1253,2,NA,1,2,NA,5,NA,2,NA,NA,NA,2,NA,2,4,2,2,NA,1,1,NA,NA,1,NA,NA,2,NA,NA,NA,0.5172413793103449
cnh,Lai,haka1240,2,4,1,5,4,4,NA,2,NA,NA,NA,NA,NA,2,4,2,NA,NA,NA,NA,5,NA,NA,NA,NA,NA,NA,NA,NA,0.6206896551724138
lbe,Lak,lakk1252,NA,NA,NA,NA,NA,NA,1,NA,2,2,3,2,8,NA,NA,NA,1,4,3,3,NA,6,1,NA,NA,NA,2,1,2,0.4827586206896552
laj,Lango,lang1324,6,2,4,3,NA,2,1,3,1,2,3,3,1,1,4,2,1,1,2,5,4,3,4,3,2,2,2,3,2,0.034482758620689655
lav,Latvian,latv1249,1,1,3,2,4,1,3,NA,3,2,3,2,5,2,1,1,2,2,2,2,NA,6,NA,2,NA,2,2,1,1,0.13793103448275862
lvk,Lavukaleve,lavu1241,2,5,3,2,1,2,1,1,1,2,5,4,1,2,4,1,1,1,2,5,3,6,4,3,1,2,1,3,3,0
lep,Lepcha,lepc1244,2,6,1,2,4,1,4,NA,4,1,3,2,2,NA,NA,NA,1,2,1,1,NA,6,1,NA,NA,2,2,2,3,0.2413793103448276
lez,Lezgian,lezg1247,6,1,2,2,4,5,4,1,3,1,3,2,8,1,1,1,2,4,1,1,2,6,1,3,1,1,2,3,3,0
lif,Limbu,limb1266,NA,6,2,3,NA,2,1,NA,NA,NA,NA,2,NA,NA,NA,NA,2,NA,5,5,NA,NA,1,2,3,1,NA,NA,NA,0.5517241379310345
lit,Lithuanian,lith1251,1,1,2,5,NA,2,1,NA,NA,NA,NA,NA,6,NA,NA,NA,2,NA,NA,NA,NA,6,NA,2,NA,NA,2,1,1,0.5517241379310345
lkt,Lakhota,lako1247,2,2,5,1,1,2,5,7,1,3,3,3,1,2,4,2,2,1,4,5,6,NA,4,3,2,2,2,2,3,0.034482758620689655
lue,Luvale,luva1239,NA,6,6,5,2,2,1,1,1,2,3,2,1,2,2,1,1,1,2,5,5,6,1,NA,2,2,NA,3,NA,0.13793103448275862
mde,Maba,maba1277,6,1,3,NA,4,2,1,NA,1,3,3,3,3,NA,NA,NA,1,NA,2,5,NA,NA,NA,NA,NA,2,NA,NA,2,0.4482758620689655
mbc,Macushi,macu1259,6,2,2,5,1,2,1,NA,NA,NA,NA,3,NA,NA,NA,NA,1,NA,3,5,NA,5,NA,2,NA,2,NA,NA,NA,0.5172413793103449
myh,Makah,maka1318,3,NA,1,NA,4,3,1,NA,NA,NA,3,1,1,1,4,2,3,NA,2,5,NA,NA,1,2,NA,2,2,NA,NA,0.3793103448275862
plt,Malagasy,plat1254,5,2,1,4,4,1,4,1,1,3,5,3,1,1,4,2,1,2,1,1,3,NA,1,5,1,2,2,3,3,0.034482758620689655
mri,Maori,maor1246,6,4,1,1,4,5,5,7,1,1,5,2,1,2,1,2,1,2,1,1,NA,6,3,3,1,2,2,3,3,0.034482758620689655
arn,Mapudungun,mapu1245,NA,1,2,4,4,2,1,1,1,3,2,2,2,2,4,1,1,1,5,5,5,1,NA,3,1,2,2,2,2,0.06896551724137931
mrc,Maricopa,mari1440,6,6,4,4,1,2,1,1,4,3,2,1,6,2,4,1,3,3,2,5,5,2,NA,5,3,1,NA,2,NA,0.10344827586206896
mph,Maung,maun1240,1,2,5,NA,1,2,1,1,1,3,5,2,1,1,1,1,1,1,2,5,3,NA,NA,3,2,NA,1,NA,NA,0.20689655172413793
ayz,Maybrat,maib1239,2,2,6,4,1,5,5,1,1,3,3,4,2,2,4,2,1,1,2,2,1,1,NA,3,2,2,2,NA,NA,0.10344827586206896
mni,Meithei,mani1292,2,1,3,2,1,5,4,1,4,1,3,2,6,2,4,2,3,2,1,1,3,NA,2,2,1,1,NA,1,3,0.06896551724137931
zmr,Maranungku,mara1386,6,2,1,NA,2,2,5,NA,1,3,5,2,9,NA,NA,NA,1,1,2,5,NA,1,NA,NA,NA,2,2,3,3,0.3103448275862069
mnb,Muna,muna1247,6,2,4,NA,2,2,1,NA,NA,NA,NA,2,NA,NA,NA,NA,NA,NA,2,5,NA,NA,3,NA,NA,NA,2,3,3,0.5517241379310345
cmn,Mandarin,mand1415,2,2,2,NA,4,5,5,7,1,1,5,2,1,1,4,2,1,1,1,1,1,2,3,2,1,2,2,1,1,0.034482758620689655
nmu,Maidu (Northeast),nort2952,6,1,2,NA,1,2,NA,NA,NA,NA,NA,1,NA,2,2,1,2,NA,2,2,NA,NA,NA,NA,2,NA,NA,NA,NA,0.5517241379310345
mkj,Mokilese,moki1238,1,2,3,1,2,5,5,NA,NA,NA,NA,NA,1,NA,NA,NA,NA,NA,NA,NA,NA,6,NA,3,NA,2,2,1,3,0.5172413793103449
mrz,Marind,nucl1622,2,2,NA,NA,1,NA,1,NA,1,2,2,2,1,NA,NA,NA,2,1,2,5,NA,NA,3,NA,NA,1,1,3,3,0.3793103448275862
mrt,Margi,marg1265,2,2,3,4,2,NA,1,NA,NA,NA,NA,NA,NA,1,4,1,NA,NA,NA,NA,NA,NA,1,2,2,NA,NA,NA,NA,0.5862068965517241
mur,Murle,murl1244,6,2,3,NA,2,2,5,NA,2,2,3,3,4,NA,NA,NA,1,3,2,5,NA,NA,NA,NA,NA,NA,2,NA,NA,0.4482758620689655
vma,Martuthunira,mart1255,6,2,2,NA,2,5,4,1,3,1,5,1,8,2,1,1,2,2,1,1,2,NA,4,2,2,2,NA,3,NA,0.13793103448275862
skd,Miwok (Southern Sierra),sout2985,NA,2,2,NA,2,2,1,1,4,3,5,1,6,NA,NA,NA,2,2,2,5,3,NA,NA,2,1,2,1,2,2,0.2413793103448276
unr,Mundari,mund1320,2,NA,2,5,2,3,1,1,1,3,5,2,7,NA,NA,NA,1,1,2,5,4,NA,NA,NA,NA,1,2,3,3,0.27586206896551724
sur,Mupun,mwag1236,2,4,1,1,4,1,4,NA,NA,NA,NA,3,NA,NA,NA,NA,NA,NA,2,3,NA,NA,1,NA,NA,NA,NA,NA,NA,0.6206896551724138
mig,Mixtec (Chalcatongo),sanm1296,6,2,6,5,4,6,4,1,1,3,4,3,1,1,4,1,1,1,2,2,3,4,4,2,1,2,2,2,3,0
mpc,Mangarrayi,mang1381,2,2,4,NA,2,2,1,1,2,3,5,1,7,2,1,2,2,2,2,5,4,NA,2,NA,2,2,1,2,3,0.10344827586206896
mal,Malayalam,mala1464,2,1,NA,NA,NA,5,1,NA,NA,NA,NA,NA,6,NA,NA,NA,NA,NA,NA,NA,NA,6,1,2,NA,2,2,1,2,0.5862068965517241
niq,Nandi,nand1266,2,1,4,NA,2,2,1,5,NA,NA,NA,2,NA,NA,NA,NA,NA,NA,2,5,3,NA,NA,3,1,2,NA,NA,NA,0.5172413793103449
nav,Navajo,nava1243,5,2,6,NA,1,2,5,1,1,3,3,4,1,NA,NA,NA,2,1,2,5,NA,NA,NA,5,NA,2,1,2,2,0.27586206896551724
dgl,Nubian (Dongolese),dong1288,6,1,2,1,1,2,1,1,4,2,3,3,6,NA,NA,NA,1,2,2,2,NA,6,NA,2,2,2,3,NA,NA,0.2413793103448276
djk,Ndyuka,ndyu1242,6,4,1,2,4,1,5,NA,1,1,3,2,1,NA,NA,NA,1,1,1,1,NA,NA,3,2,NA,2,2,3,3,0.2413793103448276
nez,Nez Perce,nezp1238,1,2,4,NA,1,2,1,NA,4,3,3,1,8,NA,NA,NA,1,5,6,5,NA,NA,NA,2,1,2,1,3,3,0.27586206896551724
wyb,Ngiyambaa,wang1291,3,2,2,5,4,3,4,1,3,1,5,1,5,2,1,1,3,4,6,5,3,4,1,2,2,2,2,3,2,0
nig,Ngalakan,ngal1293,NA,1,3,5,2,NA,5,NA,NA,NA,NA,1,NA,NA,NA,NA,NA,NA,6,5,NA,2,NA,2,NA,2,NA,NA,NA,0.6206896551724138
nhg,Nahuatl (Tetelcingo),tete1251,6,2,4,5,1,2,1,NA,1,3,3,4,1,NA,NA,NA,2,1,2,5,NA,NA,NA,NA,NA,2,3,3,3,0.3103448275862069
niv,Nivkh,gily1242,2,1,3,NA,1,5,1,1,4,2,5,3,7,2,4,1,2,1,1,1,5,4,1,2,NA,2,2,2,3,0.06896551724137931
cgg,Nkore-Kiga,chig1238,2,1,6,NA,NA,2,2,NA,1,2,3,3,1,NA,NA,NA,1,1,2,5,NA,NA,NA,3,NA,2,2,3,3,0.3448275862068966
nab,Nambikuára (Southern),sout2994,6,1,2,3,1,2,NA,1,NA,NA,NA,1,NA,NA,NA,NA,NA,NA,2,5,5,NA,NA,NA,NA,NA,NA,NA,NA,0.6206896551724138
niy,Ngiti,ngit1239,5,2,4,4,2,2,1,NA,1,2,5,3,1,NA,NA,NA,1,1,2,5,NA,3,NA,3,NA,2,NA,NA,NA,0.3448275862068966
yrk,Nenets,nene1249,NA,3,2,NA,2,2,2,1,3,2,3,3,6,2,1,1,3,2,2,2,2,NA,NA,NA,1,2,2,NA,2,0.20689655172413793
nuy,Nunggubuyu,nung1290,5,2,4,5,NA,2,5,NA,4,2,5,1,8,NA,NA,NA,1,1,5,5,NA,NA,2,3,2,2,1,3,3,0.2413793103448276
one,Oneida,onei1249,3,2,5,4,1,2,4,1,NA,3,2,1,1,1,4,1,2,NA,4,5,5,NA,4,2,1,2,2,2,2,0.10344827586206896
ood,O'odham,toho1245,1,2,4,4,1,3,1,NA,NA,NA,NA,NA,NA,1,2,2,2,NA,NA,NA,NA,NA,NA,NA,NA,NA,NA,NA,NA,0.6206896551724138
hae,Oromo (Harar),east2652,6,6,2,5,4,2,1,1,2,2,3,2,6,1,1,2,1,3,2,2,4,2,NA,2,2,2,2,1,2,0.034482758620689655
ote,Otomí (Mezquital),mezq1235,1,2,5,NA,NA,2,1,1,1,NA,NA,2,NA,NA,NA,NA,2,1,2,5,5,NA,4,NA,1,2,2,3,3,0.3448275862068966
pwn,Paiwan,paiw1248,6,2,4,NA,NA,2,4,7,4,3,5,2,1,2,4,2,2,NA,1,1,3,NA,NA,2,1,2,1,2,3,0.1724137931034483
pau,Palauan,pala1344,6,2,5,5,2,NA,5,NA,NA,NA,NA,2,1,NA,NA,NA,NA,NA,2,5,NA,3,NA,NA,NA,2,NA,NA,NA,0.5862068965517241
pan,Panjabi,panj1256,1,2,2,5,NA,2,1,NA,NA,NA,NA,NA,2,1,1,1,NA,NA,NA,NA,NA,6,1,2,NA,2,2,1,3,0.41379310344827586
pad,Paumarí,paum1247,6,5,4,5,3,2,1,NA,2,3,3,2,3,NA,NA,NA,2,4,6,2,NA,NA,3,3,2,2,2,3,3,0.20689655172413793
ppl,Pipil,pipi1250,6,2,4,1,1,NA,1,NA,NA,NA,NA,4,NA,NA,NA,NA,1,NA,2,5,3,NA,NA,2,NA,2,NA,NA,NA,0.5517241379310345
pjt,Pitjantjatjara,pitj1243,NA,5,NA,NA,NA,NA,4,NA,2,1,3,2,8,NA,NA,NA,2,4,2,5,NA,NA,NA,NA,NA,2,1,3,3,0.4827586206896552
pma,Paamese,paam1238,6,1,5,4,2,2,1,NA,1,3,5,3,1,NA,NA,NA,1,1,2,5,NA,NA,NA,NA,3,2,NA,2,NA,0.3448275862068966
pol,Polish,poli1260,1,2,2,5,NA,3,1,NA,NA,NA,NA,2,6,NA,NA,NA,NA,NA,2,2,NA,NA,1,NA,NA,NA,2,1,1,0.5172413793103449
por,Portuguese,port1283,1,2,2,2,NA,2,2,NA,NA,NA,NA,NA,NA,1,1,2,NA,NA,NA,NA,NA,6,4,NA,NA,NA,2,1,1,0.5172413793103449
myp,Pirahã,pira1253,2,1,2,5,NA,NA,5,1,1,1,1,2,9,1,4,2,3,1,2,5,5,1,NA,2,1,2,NA,2,NA,0.1724137931034483
pes,Persian,west2369,1,1,3,NA,4,2,2,1,1,3,3,3,2,1,1,2,3,2,2,5,3,NA,3,2,1,2,2,3,2,0.06896551724137931
pqm,Passamaquoddy-Maliseet,male1292,NA,6,NA,4,NA,3,1,NA,1,3,5,1,9,NA,NA,NA,2,1,5,5,NA,NA,NA,3,NA,2,2,2,3,0.3793103448275862
pom,Pomo (Southeastern),sout2982,6,6,2,5,NA,1,4,1,4,1,3,2,6,NA,NA,NA,3,2,1,1,3,NA,NA,NA,3,1,1,2,3,0.2413793103448276
tsz,Purépecha,pure1242,NA,2,2,2,2,NA,1,1,NA,NA,NA,2,NA,NA,NA,NA,2,NA,2,5,NA,NA,NA,NA,NA,2,NA,NA,NA,0.6206896551724138
alc,Qawasqar,qawa1238,6,NA,2,NA,NA,NA,NA,NA,1,1,2,2,2,NA,NA,NA,1,NA,1,1,NA,NA,NA,NA,NA,NA,NA,3,NA,0.6206896551724138
qvi,Quechua (Imbabura),imba1240,2,2,2,5,4,2,1,1,4,3,3,2,7,2,1,1,3,2,2,5,5,6,4,NA,1,2,2,2,3,0.034482758620689655
qui,Quileute,quil1240,6,3,3,1,2,NA,NA,NA,NA,NA,NA,1,NA,NA,NA,NA,2,NA,2,5,NA,NA,NA,4,2,NA,NA,NA,NA,0.6206896551724138
rma,Rama,rama1270,NA,2,4,1,1,2,1,1,1,1,3,3,7,2,1,1,1,1,2,2,2,3,NA,2,2,2,NA,NA,NA,0.1724137931034483
rap,Rapanui,rapa1244,1,4,1,2,NA,5,5,2,1,1,5,2,1,2,1,2,1,1,1,1,5,4,3,3,2,2,2,3,2,0.034482758620689655
ron,Romanian,roma1327,6,2,2,2,4,NA,2,NA,NA,NA,NA,NA,2,1,1,2,1,NA,NA,NA,NA,6,NA,NA,NA,NA,2,1,1,0.4827586206896552
rus,Russian,russ1263,3,2,2,5,4,1,1,1,3,3,3,2,6,1,1,2,1,2,2,2,3,6,4,2,1,2,2,1,1,0
sag,Sango,sang1328,2,2,6,NA,4,2,5,1,1,3,3,2,1,2,4,2,1,1,1,1,1,NA,1,NA,1,NA,2,3,2,0.13793103448275862
hbs,Serbian-Croatian,sout1528,5,2,2,5,4,2,1,NA,NA,NA,NA,NA,5,NA,NA,NA,NA,NA,NA,NA,NA,6,NA,NA,NA,NA,2,1,1,0.5862068965517241
ona,Selknam,onaa1245,NA,3,NA,NA,NA,NA,4,NA,1,1,3,3,9,NA,NA,NA,1,NA,2,3,NA,NA,NA,NA,NA,2,2,2,3,0.5172413793103449
shp,Shipibo-Konibo,ship1254,3,1,2,5,4,NA,1,1,1,1,3,2,6,NA,NA,NA,2,4,1,1,4,4,NA,NA,NA,2,2,2,3,0.2413793103448276
shs,Shuswap,shus1248,5,2,4,NA,3,2,1,NA,NA,NA,NA,NA,NA,1,4,2,2,NA,NA,NA,NA,NA,NA,NA,NA,2,NA,NA,NA,0.6206896551724138
den,Slave,slav1253,1,2,6,5,1,2,5,1,1,3,3,3,1,1,2,1,2,1,2,5,5,NA,3,2,3,2,3,3,3,0.034482758620689655
sza,Semelai,seme1247,6,2,NA,NA,NA,2,5,NA,NA,NA,4,2,3,2,4,2,NA,5,6,2,NA,NA,NA,2,NA,2,2,2,3,0.3793103448275862
xsu,Sanuma,sanu1240,6,3,1,NA,4,1,5,1,1,1,5,2,2,2,2,2,3,4,1,1,3,NA,NA,3,2,2,2,3,3,0.10344827586206896
sme,Saami (Northern),nort2671,NA,3,2,5,2,NA,1,NA,NA,NA,NA,NA,6,NA,NA,NA,NA,NA,NA,NA,NA,6,2,NA,NA,NA,2,1,3,0.6206896551724138
set,Sentani,nucl1632,NA,1,2,NA,4,NA,1,NA,1,2,3,2,1,NA,NA,NA,1,NA,2,5,NA,NA,NA,NA,3,2,NA,3,NA,0.4827586206896552
teu,So,sooo1256,2,2,3,NA,2,2,1,NA,NA,NA,NA,3,NA,NA,NA,NA,NA,NA,2,2,NA,NA,NA,2,NA,NA,NA,3,NA,0.6206896551724138
som,Somali,soma1255,4,2,2,4,2,4,NA,NA,NA,NA,NA,NA,3,2,1,1,NA,NA,NA,NA,NA,6,NA,4,NA,2,2,2,3,0.4482758620689655
spa,Spanish,stan1288,6,2,2,2,4,2,1,1,3,2,3,2,1,1,1,1,1,2,2,5,3,6,4,3,1,2,2,1,1,0
squ,Squamish,squa1248,3,3,2,1,3,2,NA,1,1,3,3,1,2,NA,NA,NA,3,1,2,5,5,NA,NA,NA,1,2,1,2,3,0.2413793103448276
sue,Suena,suen1241,6,NA,2,NA,4,5,1,NA,2,2,5,2,4,2,2,1,2,4,2,2,NA,2,NA,NA,1,2,2,NA,NA,0.27586206896551724
sun,Sundanese,sund1252,1,4,1,4,NA,NA,NA,NA,NA,NA,NA,2,NA,2,4,2,NA,NA,1,1,NA,4,NA,NA,NA,NA,NA,NA,NA,0.6206896551724138
spp,Supyire,supy1237,2,2,3,1,4,1,2,2,1,1,3,2,9,1,2,2,1,1,1,1,2,6,3,1,1,2,2,1,3,0
swh,Swahili,swah1253,1,1,5,NA,2,2,1,1,1,2,3,2,1,2,1,1,1,1,2,5,3,6,3,2,1,2,1,2,2,0.034482758620689655
swe,Swedish,swed1254,6,2,2,2,4,1,4,NA,NA,NA,NA,NA,2,2,1,2,2,NA,NA,NA,NA,6,NA,2,NA,2,2,1,1,0.3793103448275862
mky,Taba,east2440,6,2,1,5,NA,1,5,NA,1,3,5,2,1,NA,NA,NA,1,1,4,2,NA,3,NA,NA,NA,2,2,2,3,0.3103448275862069
tgl,Tagalog,taga1270,3,2,1,NA,NA,NA,1,1,1,1,5,1,1,1,4,1,2,1,1,1,2,4,3,3,1,1,1,3,1,0.10344827586206896
tya,Tauya,tauy1241,2,2,3,1,1,2,1,NA,NA,NA,NA,1,NA,NA,NA,NA,1,NA,2,5,NA,4,NA,2,2,NA,NA,NA,NA,0.5172413793103449
tig,Tigré,tigr1270,NA,1,3,2,2,2,1,NA,NA,NA,NA,NA,NA,2,1,2,NA,NA,NA,NA,NA,NA,NA,NA,NA,2,2,3,3,0.5517241379310345
tha,Thai,thai1261,2,3,1,1,4,5,5,7,1,1,2,2,1,2,4,2,1,1,1,1,2,NA,4,NA,1,2,2,1,1,0.06896551724137931
cir,Tinrin,tiri1258,4,4,1,4,2,4,5,NA,NA,NA,NA,2,1,NA,NA,NA,NA,NA,2,2,NA,3,NA,3,NA,NA,NA,3,NA,0.5172413793103449
tiw,Tiwi,tiwi1244,2,2,6,5,4,2,1,1,1,2,5,2,1,2,1,1,1,1,2,5,3,3,NA,2,2,2,NA,2,NA,0.10344827586206896
dih,Tiipay (Jamul),kumi1248,2,2,5,4,1,2,NA,NA,NA,NA,NA,1,NA,NA,NA,NA,NA,NA,2,5,NA,3,NA,NA,NA,NA,2,2,NA,0.5862068965517241
tkm,Takelma,take1257,3,2,3,5,2,2,1,NA,NA,NA,NA,4,NA,NA,NA,NA,2,NA,2,5,NA,4,1,NA,2,NA,NA,NA,NA,0.5172413793103449
tli,Tlingit,tlin1245,NA,2,4,NA,1,2,5,1,1,3,3,4,7,NA,NA,NA,1,NA,4,5,NA,NA,NA,4,2,NA,1,3,3,0.3448275862068966
tam,Tamil,tami1289,6,1,2,NA,NA,NA,1,NA,NA,NA,NA,NA,NA,2,1,1,2,NA,NA,NA,NA,5,NA,2,NA,NA,1,2,2,0.5517241379310345
tuv,Turkana,turk1308,2,1,6,5,NA,2,1,NA,NA,NA,NA,2,6,NA,NA,NA,NA,NA,6,5,NA,NA,NA,2,NA,NA,NA,NA,NA,0.6206896551724138
tqw,Tonkawa,tonk1249,6,1,3,NA,1,2,2,NA,NA,NA,NA,2,NA,NA,NA,NA,2,NA,4,5,NA,NA,NA,3,2,NA,NA,NA,NA,0.5862068965517241
ntp,Tepehuan (Northern),nort2959,3,2,4,4,1,6,1,NA,NA,NA,NA,3,NA,NA,NA,NA,2,NA,2,5,NA,6,NA,NA,NA,NA,NA,NA,NA,0.5862068965517241
tpy,Trumai,trum1247,NA,2,2,NA,3,1,5,7,4,1,2,2,5,NA,NA,NA,2,4,3,3,5,3,NA,2,3,2,2,2,3,0.20689655172413793
tsi,Tsimshian (Coast),nucl1649,6,6,3,4,2,4,NA,NA,1,3,3,2,1,NA,NA,NA,2,4,6,5,NA,NA,NA,2,NA,NA,NA,2,NA,0.41379310344827586
bhq khc,Tukang Besi,tuka1247,2,NA,5,4,4,2,2,7,1,3,3,2,1,2,4,1,1,4,2,5,4,NA,3,3,2,2,2,1,3,0.06896551724137931
tun,Tunica,tuni1252,6,1,2,NA,1,2,1,NA,1,3,3,2,9,NA,NA,NA,2,1,4,5,NA,NA,NA,NA,2,2,2,NA,NA,0.3793103448275862
tur,Turkish,nucl1301,2,1,2,2,2,2,1,1,4,3,3,2,6,1,1,1,3,2,2,2,4,6,1,2,1,2,1,2,1,0
tyv,Tuvan,tuvi1240,2,1,2,5,2,2,1,NA,NA,NA,NA,NA,NA,NA,NA,NA,NA,NA,NA,NA,NA,NA,NA,NA,1,2,2,1,1,0.5862068965517241
tzj,Tzutujil,tzut1248,1,2,6,1,1,NA,1,NA,NA,NA,NA,4,NA,NA,NA,NA,2,NA,3,5,NA,6,NA,3,3,2,NA,NA,NA,0.5172413793103449
ude,Udihe,udih1248,6,3,NA,NA,NA,NA,1,NA,NA,NA,NA,4,7,NA,NA,NA,NA,NA,2,2,NA,2,1,2,NA,2,2,2,2,0.5172413793103449
mtg,Una,unaa1239,6,2,2,NA,1,2,1,NA,4,3,3,2,1,NA,NA,NA,1,4,2,5,NA,NA,NA,NA,NA,2,1,2,3,0.3448275862068966
ung,Ungarinjin,ngar1284,NA,2,1,4,3,2,NA,NA,1,3,5,1,7,NA,NA,NA,1,1,6,5,NA,NA,NA,NA,3,NA,3,3,3,0.3793103448275862
urb,Urubú-Kaapor,urub1250,2,2,5,5,1,2,2,NA,1,3,3,3,1,NA,NA,NA,2,2,2,2,NA,NA,1,3,NA,2,NA,3,NA,0.3103448275862069
wnu,Usan,usan1239,6,2,NA,NA,NA,2,NA,NA,1,2,3,3,9,NA,NA,NA,1,1,2,5,NA,1,NA,NA,NA,2,1,2,3,0.41379310344827586
vie,Vietnamese,viet1252,2,4,1,NA,4,5,5,2,1,1,2,2,1,2,4,2,1,1,1,1,1,4,4,2,1,2,2,1,2,0.034482758620689655
wmb,Wambaya,wamb1258,NA,2,2,NA,NA,4,5,NA,2,3,5,1,7,NA,NA,NA,1,4,6,5,NA,4,NA,2,NA,2,3,2,3,0.3448275862068966
pav,Wari',wari1268,6,4,1,5,2,4,5,2,1,1,5,4,1,2,4,2,1,1,2,5,3,NA,NA,3,3,2,NA,2,NA,0.13793103448275862
mzh,Wichí,wich1264,1,2,4,4,1,NA,1,2,1,3,3,1,1,2,2,1,1,1,2,5,2,NA,1,NA,3,2,2,3,3,0.10344827586206896
cym,Welsh,wels1247,1,2,2,4,NA,NA,1,NA,NA,NA,NA,3,1,NA,NA,NA,NA,NA,2,2,NA,NA,NA,2,NA,NA,2,3,2,0.5517241379310345
wic,Wichita,wich1260,NA,2,5,NA,1,2,1,1,1,3,5,1,9,1,4,1,2,1,4,5,7,NA,4,2,1,1,2,NA,NA,0.1724137931034483
wol,Wolof,nucl1347,1,4,1,1,2,4,1,NA,NA,NA,NA,NA,NA,2,1,2,NA,NA,NA,NA,NA,NA,NA,NA,NA,NA,2,1,2,0.5517241379310345
wba,Warao,wara1303,6,1,3,NA,1,NA,1,7,2,1,3,2,5,2,1,2,2,1,2,3,3,NA,NA,3,1,2,1,2,3,0.13793103448275862
wrr,Wardaman,ward1246,NA,2,4,NA,NA,2,1,1,4,3,5,1,7,NA,NA,NA,1,4,2,5,NA,4,2,3,NA,2,NA,2,NA,0.3448275862068966
gae,Warekena,guar1293,6,6,3,NA,1,2,1,NA,NA,NA,NA,3,NA,NA,NA,NA,1,NA,4,5,NA,NA,4,2,NA,2,NA,NA,NA,0.5517241379310345
yad,Yagua,yagu1244,3,2,2,5,1,3,5,1,1,1,5,4,9,1,3,2,1,1,4,5,6,NA,2,2,1,2,NA,2,NA,0.10344827586206896
yaq,Yaqui,yaqu1251,1,2,2,1,4,6,1,1,2,1,3,2,2,1,1,1,2,2,1,1,3,6,2,NA,1,2,2,2,3,0.034482758620689655
yii,Yidiny,yidi1250,6,2,2,5,4,5,4,1,2,1,3,1,7,NA,NA,NA,1,4,1,1,NA,1,2,3,NA,2,NA,3,NA,0.2413793103448276
yee,Yimas,yima1243,NA,1,4,5,NA,2,1,NA,1,2,3,3,9,NA,NA,NA,1,1,6,5,NA,6,NA,3,1,2,1,2,1,0.27586206896551724
yux,Yukaghir (Kolyma),sout2750,6,1,2,5,2,2,1,NA,2,2,3,2,7,2,4,1,2,2,2,2,NA,NA,2,2,2,2,2,2,3,0.10344827586206896
yor,Yoruba,yoru1245,6,4,1,5,4,5,5,4,4,1,3,2,1,2,4,2,1,1,1,1,4,4,1,2,1,2,2,1,1,0
esu,Yup'ik (Central),cent2127,3,1,2,5,2,2,1,NA,2,3,3,1,6,NA,NA,NA,2,4,3,5,NA,6,2,NA,NA,NA,1,2,3,0.27586206896551724
yuc,Yuchi,yuch1247,3,NA,4,4,1,2,NA,NA,1,3,5,3,9,NA,NA,NA,1,NA,4,5,NA,NA,NA,NA,3,NA,1,2,3,0.41379310344827586
yur,Yurok,yuro1248,3,2,3,NA,1,2,1,1,2,3,3,2,9,NA,NA,NA,1,1,2,5,4,NA,NA,NA,2,2,3,3,3,0.2413793103448276
zoc,Zoque (Copainalá),copa1236,6,3,4,NA,1,2,1,1,4,3,5,1,2,1,1,2,2,4,2,5,4,NA,NA,NA,1,NA,2,2,3,0.1724137931034483
zul,Zulu,zulu1248,2,1,6,5,NA,2,1,1,1,2,3,2,1,1,2,1,1,1,2,5,3,6,1,NA,1,2,1,2,2,0.06896551724137931
zun,Zuni,zuni1245,NA,6,NA,NA,4,NA,5,NA,NA,NA,NA,1,1,2,1,2,1,NA,1,1,NA,6,NA,NA,NA,1,NA,NA,NA,0.5517241379310345
