lang,langFamily,silCode,walsCode,logpop2,roundComp
Yahgan,Yámana,YAG,yah,1.69897,-6
Selknam,Chon,ONA,sel,1.69897,-12
Qawasqar,Alacalufan,ALC,qaw,1.69897,-9
Tehuelche,Chon,TEH,teh,1.69897,0
Gününa Küne,Chon,PUE,gku,1.69897,-4
Maori,Austronesian,MBF,mao,4.69897,-15
Mapudungun,Araucanian,ARU,map,5.47712,-10
Paakantyi,Australian,DRL,pkn,1.69897,-3
Xhosa,Niger-Congo,XOS,xho,6.85818,-3
Wirangu,Australian,WIW,wir,1.69897,-8
Ngiyambaa,Australian,dWYB,ngi,1.69897,-8
/Xam,Khoisan,XAM,xam,1.69897,0
Afrikaans,Indo-European,AFK,afr,6.77567,-3
Adynyamathanha,Australian,ADT,adn,1.69897,0
Gumbaynggir,Australian,KGS,gum,1.69897,-8
Zulu,Niger-Congo,ZUU,zul,6.98061,-7
Gugada,Australian,KTD,gug,1.69897,-3
Korana,Khoisan,KQZ,krn,1.69897,-10
Yuwaalaraay,Australian,dKLD,yuw,1.69897,-3
Bandjalang,Australian,BDY,bnj,1.69897,-3
Arabana,Australian,ARD,abn,1.69897,-3
Rapanui,Austronesian,PBA,rap,3.53046,-14
Yankuntjatjara,Australian,KDD,ynk,2.30103,0
Margany,Australian,ZMC,mny,1.69897,-3
Gunya,Australian,GYY,gny,1.69897,0
Guaraní,Tupian,GUG,gua,6.68556,-4
Kaingang,Macro-Ge,KGP,kng,4.25527,-5
Watjarri,Australian,WBV,wat,1.69897,-3
Ngaanyatjarra,Australian,NTJ,ntj,3.07918,0
Pitjantjatjara,Australian,PJT,pit,3.39794,-8
Khoekhoe,Khoisan,NAQ,kho,5.36866,-10
Ndebele (in South Africa),Niger-Congo,NEL,ndb,5.76861,-6
Pilagá,Guaicuruan,PLG,pga,3.30103,-3
Xokleng,Macro-Ge,XOK,xok,2.39794,-10
!Xóõ,Khoisan,NMN,xoo,3.62325,0
Sotho (Northern),Niger-Congo,SRT,stn,6.56934,-4
Tsonga,Niger-Congo,TSO,tsn,6.51523,0
Arrernte (Mparntwe),Australian,AER,amp,3.33746,-5
Dhargari,Australian,DHR,dhr,1.69897,-4
Chiriguano,Tupian,GUI,crg,4.68997,0
Atacameño,Kunza,KUZ,atm,1.69897,0
Panyjima,Australian,PNW,pny,1.69897,-5
Pitta Pitta,Australian,PIT,ppi,1.69897,-8
Wichí,Matacoan,MZH/...,wch,4.17609,-6
Chorote,Matacoan,CRT/ CRQ,crt,3.30276,-6
Alyawarra,Australian,ALY,aly,3.17609,-2
Paita,Austronesian,DUF,pta,2.97589,-8
Venda,Niger-Congo,VEN,ven,5.98246,0
Tinrin,Austronesian,CIR,tin,2.4216,-10
Tongan,Austronesian,TOV,tng,5.02251,-14
Kalkatungu,Australian,KTG,kgu,1.69897,0
Drehu,Austronesian,DEU,dre,4.05454,-17
Martuthunira,Australian,VMA,mrt,1.69897,-7
Cèmuhî,Austronesian,CAM,cem,3.31197,-9
Herero,Niger-Congo,HER,her,5.12385,-8
Biri,Australian,BZR,bii,1.69897,-6
Iaai,Austronesian,IAI,iaa,3.19368,-15
Mauritian Creole,Creoles and Pidgins,MFE,mcr,5.78104,-8
Ayoreo,Zamucoan,AYO,ayr,3.57646,0
Nelemwa,Austronesian,NEE,nel,2.97635,-6
Anejom,Austronesian,ATY,anj,2.77815,-5
Kadiwéu,Guaicuruan,KBC,kdw,3.07918,-4
Terena,Arawakan,TEA,trn,4.17609,0
Kwamera,Austronesian,TNK,kwr,3.39794,0
Futuna-Aniwa,Austronesian,FUT,fut,2.77815,-10
Walmatjari,Australian,WMT,wlm,3,0
Lenakel,Austronesian,TNL,len,3.81291,-3
Niuean,Austronesian,NIQ,niu,3.89988,-14
Ju|'hoan,Khoisan,KTZ,juh,3.69897,-14
Ngawun,Australian,NXN,ngw,1.69897,0
Nyawaygi,Australian,NYT,nya,1.69897,-5
//Ani,Khoisan,HNH,ani,3,-7
Erromangan,Austronesian,ERG,err,3.13098,-6
Djaru,Australian,DDJ,djr,2.39794,-4
Wambaya,Australian,WMB,wam,1.69897,-8
Ura,Austronesian,UUR,ura,1.69897,-4
Warrgamay,Australian,WGY,wrg,1.69897,-3
Gooniyandi,Australian,GNI,goo,2,-7
Ndonga,Niger-Congo,NDG,ndo,5.84025,-5
Kwangali,Niger-Congo,KWN,kwn,4.92416,-3
Shona,Niger-Congo,SHD,shn,7.02956,-6
Sena,Niger-Congo,SEH,sen,5.94279,0
Nyigina,Australian,NYH,nyn,1.69897,0
Lozi,Niger-Congo,LOZ,loz,5.75603,-7
Dyirbal,Australian,DBL,dyi,1.69897,-3
Fijian,Austronesian,FJI,fij,5.52383,-11
Subiya,Niger-Congo,SBS,sub,4.62309,0
Bunuba,Australian,BCK,bnb,1.69897,0
Tahitian,Austronesian,THT,tah,5.09434,-5
Gurindji,Australian,GUE,gji,2.39794,0
Quechua (Cochabamba),Quechuan,dQUH,qco,6.5608,-4
Mbalanhu,Niger-Congo,LNB,mhu,1.699,0
Yukulta,Australian,GCD,yuk,1.69897,-5
Garrwa,Australian,GBC,grr,2.30103,-4
Kayardild,Australian,GYD,kay,1.69897,-9
Aymara,Aymaran,AYM/ AYC,aym,6.34785,-4
Guató,Macro-Ge,GTA,gto,1.69897,0
Nyulnyul,Australian,NYV,nyu,1.69897,-3
Yidiny,Australian,YII,yid,1.69897,-12
Nguna,Austronesian,dLLP,ngu,3.47712,0
Lewo,Austronesian,LWW,lew,2.87506,-6
Ekoti,Niger-Congo,EKO,eko,4.80754,0
Paamese,Austronesian,PMA,pms,3.77815,-6
Yanyuwa,Australian,JAO,yny,1.8451,0
Ungarinjin,Australian,UNG,ung,1.91381,-4
Bororo,Macro-Ge,BOR,brr,2.92942,-3
Bilinara,Australian,dNBJ,bnr,2.23045,0
Kuku-Yalanji,Australian,GVN,kya,2.8451,-3
Mae,Austronesian,MME,mae,2.87506,-13
Atchin,Austronesian,UPV,atc,3.77815,-4
Worora,Australian,UNP,wor,1.69897,-3
Miriwung,Australian,MEP,mir,1.69897,0
Araki,Austronesian,AKR,ark,1.69897,-6
Sirionó,Tupian,SRQ,srn,2.60097,-3
Wardaman,Australian,WRR,wrd,1.69897,-5
Ignaciano,Arawakan,IGN,ign,3.65321,-6
Alawa,Australian,ALH,alw,1.69897,-2
Xavante,Macro-Ge,XAV,xav,4,-3
Makua,Niger-Congo,VMW,mua,6.39794,0
Mara,Australian,MEC,mra,1.69897,-3
Guugu Yimidhirr,Australian,KKY,guu,1.69897,-8
Kriol (Ngukurr),Creoles and Pidgins,dROP,knq,4,0
Murrinh-Patha,Australian,MWF,mpa,2.95424,0
Mangarrayi,Australian,MPC,myi,1.69897,-5
Thaayorre,Australian,THD,thy,2.17609,-8
Nsenga,Niger-Congo,NSE,nse,5.76649,0
Yao (in Malawi),Niger-Congo,YAO,yao,6.28825,0
Kugu Nganhcara,Australian,UWA,knc,1.69897,-8
Futuna (East),Austronesian,FUD,fue,3.81954,-8
Gunin,Australian,GWW,gnn,1.69897,0
Ngalakan,Australian,NIG,ngl,1.69897,-10
Parecis,Arawakan,PAB,prc,3.07918,0
Lucazi,Niger-Congo,LCH,luc,5.32098,0
Ngankikurungkurr,Australian,NAM,ngk,2.43933,0
Wagiman,Australian,WAQ,wag,1.69897,0
Samoan,Austronesian,SMY,sam,5.5686,-11
Wik Munkan,Australian,WIM,wmu,2.60206,0
Movima,Movima,MZP,mov,3.16197,-5
Marrithiyel,Australian,MFR,mrh,1.69897,0
Nunggubuyu,Australian,NUY,nug,2.47712,-8
Maranungku,Australian,ZMR,mku,1.69897,-12
Mwotlap,Austronesian,MLV,mwo,3.10551,-8
Tacana,Tacanan,TNA,tac,3.26031,-8
Cayuvava,Cayuvava,CAT,cyv,1.69897,-5
Malakmalak,Australian,MPB,mlk,1.69897,0
Cavineña,Tacanan,CAV,cav,3.07188,-10
Wallisian,Austronesian,WAL,wll,4.47375,-6
Bachamal,Australian,WDJ,bac,1.69897,0
Waray (in Australia),Australian,WRZ,wry,1.69897,0
Baure,Arawakan,BRG,baq,1.69897,-3
Iranxe,Arawakan,IRA,irx,2.28103,0
Lamba,Niger-Congo,LAB,lmb,5.33041,0
Tyeraity,Australian,WOA,tye,1.69897,0
Djapu,Australian,dDUJ,djp,2.69897,-10
Gaagudju,Australian,GBU,gaa,1.69897,0
Kuuku Ya'u,Australian,QKL,kuu,2,0
Waurá,Arawakan,WAU,wur,2.38021,0
Limilngan,Australian,LMC,lml,1.69897,0
Bininj Gun-Wok,Australian,GUP,bbw,3.17926,-3
Rotuman,Austronesian,RTM,rot,3.95424,-4
Araona,Tacanan,ARO,ana,1.90849,-11
Jabutí,Jabutí,JBT,jbt,1.69897,0
Burarra,Australian,BVR,bua,2.60206,0
Chácobo,Panoan,CAO,cbo,2.74036,-4
Ndjébbana,Australian,DJJ,ndj,2,-3
Djambarrpuyngu,Australian,DJR,djm,2.65321,0
Nakkara,Australian,NCK,nkk,1.87506,0
Campa (Axininca),Arawakan,CNI,cax,4.37566,-7
Machiguenga,Arawakan,MCB,mch,4.00642,-5
Trumai,Trumai,TPY,tru,1.89209,-10
Kamaiurá,Tupian,KAY,kma,2.4456,-3
Luvale,Niger-Congo,LUE,luv,5.82543,-9
Gunbalang,Australian,WLG,gnb,1.69897,0
Maung,Australian,MPH,mau,2.30103,-4
Uradhi,Australian,URF,uhi,1.69897,-11
Rikbaktsa,Macro-Ge,ART,rik,2.90309,0
Buma,Austronesian,TKW,bum,1.69897,-4
Sawu,Austronesian,HVN,saw,5.04139,-8
Tiwi,Australian,TIW,tiw,3.17609,-10
Iwaidja,Australian,IBD,iwa,2.17609,0
Sudest,Austronesian,TGO,sud,3.30103,0
Quechua (Tarma),Quechuan,QJU,qta,4.77815,0
Yelî Dnye,Yele,YLE,yel,3.57403,-4
Wari',Chapacura-Wanhan,PAV,war,3.26316,-13
Piro,Arawakan,PIB,pir,3.60206,-4
Sharanahua,Panoan,MCD,shh,2.97772,0
Ese Ejja,Tacanan,ESE,ese,3.24846,-8
Ngoni,Niger-Congo,NGU,ngo,5.31175,-3
Makonde,Niger-Congo,KDE,mkd,6.13778,0
Gavião,Tupian,GVO,gav,2.67394,0
Lunda,Niger-Congo,LVN,lbu,5.60206,-3
Saliba,Austronesian,SBE,slb,3.36173,-5
Amuesha,Arawakan,AME,amu,3.9926,-4
Amahuaca,Panoan,AMC,amc,2.49136,-3
Cashinahua,Panoan,CBS,csh,3.30103,-8
Karó (Arára),Tupian,ARR,kaa,2.17609,-6
Magi,Trans-New Guinea,MGU,mgi,3.77815,0
Tawala,Austronesian,TBO,taw,4.30103,-3
Arosi,Austronesian,AIA,aro,3.8293,-9
Broken,Creoles and Pidgins,TCS,bro,4.36922,-10
Javaé,Macro-Ge,dKPJ,jva,3.23045,0
Bemba,Niger-Congo,BMY,bem,5.47097,-7
Nyiha,Niger-Congo,NIH,nyh,5.79657,0
Pangwa,Niger-Congo,PBR,png,4.97772,0
Daga,Dagan,DGZ,dag,3.77815,-7
Kambera,Austronesian,SMI,kam,5.37028,-8
Gapapaiwa,Austronesian,PWG,gap,3.37712,0
Longgu,Austronesian,LGU,lgu,3.27738,-9
Sa'a,Austronesian,APB,saa,4.06141,-8
Minaveha,Austronesian,MVN,mnv,3.30103,0
Karitiâna,Tupian,KTN,kna,2.30103,-5
Tok Pisin,Creoles and Pidgins,PDG,tpi,5.08279,-4
Koiari,Trans-New Guinea,KBK,koi,3.23045,0
Maisin,Austronesian,MBQ,msn,3.41697,-5
Motu,Austronesian,MEU,mtu,4.14613,-6
Iduna,Austronesian,VIV,idn,3.77815,0
Gumawana,Austronesian,GVS,gmw,2.67117,-5
Mambwe,Niger-Congo,MGR,mmw,5.55606,0
Lavukaleve,Solomons East Papuan,LVK,lav,3.25115,-8
Gela,Austronesian,NLG,gel,4.07467,-4
Ömie,Trans-New Guinea,AOM,omi,2.90309,-7
Tokelauan,Austronesian,TOK,tke,3.51081,-4
Apurinã,Arawakan,APU,apu,3.30103,-7
Kayapó,Macro-Ge,TXU,kyp,3.60206,0
Tetun,Austronesian,TTM,ttn,5.65321,-13
Kwaio,Austronesian,KWD,kwa,4.12218,-11
Ala'ala,Austronesian,NRZ,all,2.9952,0
Ngad'a,Austronesian,NXG,ngd,4.77815,-13
Kanum (Bädi),Morehead and Upper Maro Rivers,KHD,knb,1.69897,0
Moraori,Morehead and Upper Maro Rivers,MOK,mri,1.69897,0
Cashibo,Panoan,dCBR,cas,3.69897,0
Matuumbi,Niger-Congo,MGW,mtb,4.85733,-4
Manggarai,Austronesian,MQY,mng,5.69897,-7
Kilivila,Austronesian,KIJ,klv,4.30103,-6
Tuvaluan,Austronesian,ELL,tvl,4.11564,-3
Toqabaqita,Austronesian,MLU,toq,4.0994,-5
Balinese,Austronesian,BZC,bal,6.59106,-5
Mekeo,Austronesian,MEK,mke,4.27875,0
Lamaholot,Austronesian,SLP,lmh,5.17609,0
Woisika,Trans-New Guinea,WOI,woi,4.21806,0
Mombum,Mombum,MSO,mom,2.39794,0
Binandere,Trans-New Guinea,BHG,bin,3.83897,-8
Roviana,Austronesian,RUG,rov,3.99436,-4
Leti,Austronesian,LTI,let,3.87506,0
Cholon,Cholon,CHT,cln,1.69897,0
Hehe,Niger-Congo,HEH,heh,5.87506,0
Kimaghama,Kolopom,KIG,kim,3.47712,-15
Kiwai,Kiwaian,KIW/ KJD,kiw,3.98677,-6
Kaki Ae,Eleman,TBD,kae,2.70927,0
Kunimaipa,Trans-New Guinea,KUP,kmp,4.04139,-6
Kokota,Austronesian,KKK,kkt,2.72428,-9
Yei,Morehead and Upper Maro Rivers,JEI,yei,2.95424,0
Marind,Marind,MRZ,mrd,3.8451,-5
Suena,Trans-New Guinea,SUE,sue,3.47712,-11
Bilua,Solomons East Papuan,BLB,bil,3.94151,-6
Tugun,Austronesian,TZN,tgn,3.07918,-5
Yelmek,Bulaka River,JEL,ylm,2.60206,0
Maklew,Bulaka River,MGF,mkl,2.07918,0
Shipibo-Konibo,Panoan,SHP,shk,4.41497,-10
Jamamadi,Arauan,JAA,jmm,2.29003,0
Hamtai,Trans-New Guinea,HMT,ham,4.65321,-5
Rumu,Turama-Kikorian,KLQ,rum,3,-4
Mono-Alu,Austronesian,MTE,moa,3.52336,-7
Capanahua,Panoan,KAQ,cap,2.58771,-5
Pirahã,Mura,MYP,prh,2.17609,-9
Mundurukú,Tupian,MYU,muu,3.8451,-4
Kete,Niger-Congo,KCV,kte,3.92428,-8
Sundanese,Austronesian,SUO,sun,7.43136,-12
Javanese,Austronesian,JAN,jav,7.87799,-8
Boazi,Marind,KVG,boa,3.39794,0
Pawaian,Teberan-Pawaian,PWA,paw,3.60206,-4
Sisiqa,Austronesian,dBBQ,sis,3.72428,-13
Kami,Niger-Congo,KCU,kmi,4.21514,0
Fore,Trans-New Guinea,FOR,for,4.23045,-4
Aribwatsa,Austronesian,LAZ,ari,1.69897,0
Yaqay,Marind,JAQ,yqy,4,0
Musom,Austronesian,MSU,msm,2.30103,0
Jabêm,Austronesian,JAE,jab,3.3189,-3
Swahili,Niger-Congo,SWA,swa,5.88798,-7
Kaluli,Bosavi,BCO,kll,3.39794,0
Foe,Trans-New Guinea,FOI,foe,3.44716,0
Kewa,Trans-New Guinea,KJS/ KEW,kew,4.65321,-9
Burum,Trans-New Guinea,BMU,bmr,3.91661,0
Tamagario,Kayagar,TCG,tmg,3.54407,-10
Nabak,Trans-New Guinea,NAF,nab,4.20412,-3
Banoni,Austronesian,BCM,bnn,3,-4
Kaguru,Niger-Congo,KKI,kgr,5.33646,0
Golin,Trans-New Guinea,GVF,gln,4.70846,-6
Yagaria,Trans-New Guinea,YGR,ygr,4.32461,-2
Nasioi,East Bougainville,NAS,nas,4,-6
Salt-Yui,Trans-New Guinea,SLL,syu,3.81291,-5
Binumarien,Trans-New Guinea,BJR,bnm,2.5563,0
Hemba,Niger-Congo,HEM,hem,5.25758,0
Adzera,Austronesian,AZR,adz,4.31545,-10
Benabena,Trans-New Guinea,BEF,beb,4.65321,-6
Selepet,Trans-New Guinea,SEL,slp,3.8451,-6
Ono,Trans-New Guinea,ONS,ono,3.74036,-4
Kaulong,Austronesian,PSS,kau,3.60206,-4
Tabare,Trans-New Guinea,dSST,tba,4.69966,-5
Siane,Trans-New Guinea,SNP,sia,4.46207,-6
Dení,Arauan,DAN,den,2.87506,0
Paumarí,Arauan,PAD,pau,2.8451,-8
Canela-Krahô,Macro-Ge,RAM/ XRA,ckr,3.15229,-10
Kei,Austronesian,KEI,kei,4.92942,-6
Wahgi,Trans-New Guinea,WAK/WHG,wah,4.6721,-3
Rawa,Trans-New Guinea,RWO,rwa,4.0607,0
Kati (in West Papua Indonesia),Trans-New Guinea,dYON,kti,3.60206,0
Tauya,Trans-New Guinea,TYA,tau,2.54033,-4
Maleu,Austronesian,MGL,mlu,3.716,-4
Mangap-Mbula,Austronesian,MNA,mmb,3.39794,-4
Amara,Austronesian,AIE,ama,3.06819,0
Teop,Austronesian,TIO,teo,3.69897,-6
Kaliai-Kove,Austronesian,KHL/ KVC,kkv,3.8293,-3
Nakanai,Austronesian,NAK,nak,4.11394,-10
Kyaka,Trans-New Guinea,KYC,kyk,4.18662,-9
Taiof,Austronesian,SPS,taf,3.14613,-5
Apinayé,Macro-Ge,APN,api,2.90309,-4
Wolio,Austronesian,WLO,wlo,4.53818,-4
Tukang Besi,Austronesian,KHC/ BHQ,tuk,5.11394,-11
Asmat,Trans-New Guinea,TML/...,asm,2.4624,-5
Wambon,Trans-New Guinea,WMS,wbn,3.47712,-5
Duna,Trans-New Guinea,DUC,dun,4.04139,0
Bongu,Trans-New Guinea,BPU,bon,2.93146,-4
Siroi,Trans-New Guinea,SSD,sro,3.11694,-11
Konjo,Austronesian,KJC,kjo,5.09691,-5
Jebero,Cahuapanan,JEB,jeb,3.39794,-3
Arop-Lokep,Austronesian,APR,alk,3.47929,-4
Burunge,Afro-Asiatic,BDS,brn,4.11394,-2
Amele,Trans-New Guinea,AMI,ame,3.72428,-9
Bau,Trans-New Guinea,BBD,bau,3.48544,0
Halia,Austronesian,HLA,hal,4.30103,-8
Holoholo,Niger-Congo,HOO,hol,4.19033,0
Pisa,Trans-New Guinea,PSA,pis,3.81291,0
Oksapmin,Oksapmin,OPM,oks,3.90309,0
Kobon,Trans-New Guinea,KPW,kob,3.77815,-7
Sulka,Sulka,SLK,sul,3.39794,-3
Aguaruna,Jivaroan,AGR,agr,4.58309,-6
Cocama,Tupian,COD,coc,3.31175,-6
Nyamwezi,Niger-Congo,NYZ,nym,6.07918,-6
Rimi,Niger-Congo,RIM,rim,5.74507,0
Sandawe,Khoisan,SBR,sdw,4.60206,0
Lampung,Austronesian,LJP,lmp,6.17609,-4
Muna,Austronesian,MYN,mna,5.35603,-4
Garus,Trans-New Guinea,GYB,grs,3.42357,0
Bali-Vitu,Austronesian,WIV/BBN,bvi,4,-7
Mugil,Trans-New Guinea,MLP,mug,3.57403,0
Usan,Trans-New Guinea,WNU,usa,3.14613,-7
Enya,Niger-Congo,GEY,eny,4.17609,0
Rao,Lower Sepik-Ramu,RAO,rao,3.77815,-8
Una,Trans-New Guinea,MTG,una,3.60206,-6
Alamblak,Sepik,AMP,ala,3.18384,-6
Yimas,Lower Sepik-Ramu,YEE,yim,2.47712,-8
Anamuxra,Trans-New Guinea,IMI,amx,3.09795,-4
Takia,Austronesian,TBC,tak,4.29268,-3
Siar,Austronesian,SJR,sir,3.31723,-6
Baining,Baining-Taulil,BYX,bng,3.80277,-4
Langi,Niger-Congo,LAG,lgi,5.54407,0
Sare,Sepik,DJU,sar,3.21431,-4
Waskia,Trans-New Guinea,WSK,wsk,4.20243,-3
Nehan,Austronesian,NSN,neh,3.81291,0
Matis,Panoan,MPQ,mts,2.07918,-3
Mikarew,Lower Sepik-Ramu,MSY,mkr,3.90309,0
Mbugu,Afro-Asiatic,MHD,mbg,3.8451,0
Dani (Lower Grand Valley),Trans-New Guinea,DNI,dni,4.30103,-5
Manambu,Sepik,MLE,mbu,3.32325,0
Kambot,Lower Sepik-Ramu,KBX,kbo,3.8451,0
Kire,Lower Sepik-Ramu,GEB,kie,3.38364,0
Monumbo,Monumbo,MXK,mbo,2.6149,-6
Tolai,Austronesian,KSD,tla,4.78533,-11
Candoshi,Candoshi,CBU,can,3.47712,-4
Yessan-Mayo,Sepik,YSS,yes,3.29842,-6
Kwoma,Sepik,KMO,kwo,3.47712,-6
Chambri,Lower Sepik-Ramu,CAN,chb,3.23045,0
Yale (Kosarek),Trans-New Guinea,KKL,yal,3.36173,0
Taiap,Gapun,GPN,tap,1.90309,0
Kaian,Lower Sepik-Ramu,KCT,kai,2.50786,-5
Urarina,Urarina,URA,urn,3.47712,0
Ticuna,Ticuna,TCA,tic,4.61278,0
Tetela,Niger-Congo,TEL,tet,5.87506,0
Iraqw,Afro-Asiatic,IRK,irq,5.66464,-9
Dabida,Niger-Congo,DAV,dbd,5.30833,-8
Manam,Austronesian,MVA,mnm,3.90031,-10
Watam,Lower Sepik-Ramu,WAX,wtm,2.77085,0
Ekari,Trans-New Guinea,EKG,eka,5,-5
Namia,Sepik,NNM,nam,3.69408,-6
Hanga Hundi,Sepik,WOS,hhu,3.77873,0
Ambulas,Sepik,ABT,amb,4.64345,-4
Larike,Austronesian,ALO,lrk,4.09889,0
Karkar-Yuri,Karkar-Yuri,YUJ,kyr,3.05767,0
Anggor,Senagi,AGG,ang,3.10243,-6
Ifumu,Niger-Congo,IFM,ifm,3.91116,0
Moni,Trans-New Guinea,MNZ,mni,4.30103,0
Amanab,Border,AMN,amn,3.64532,-8
Awtuw,Sepik,KMN,awt,2.70415,-7
Au,Torricelli,AVT,au,3.90309,-3
Urim,Torricelli,URI,uri,3.5731,0
Yagua,Peba-Yaguan,YAD,yag,3.75526,-6
Asuriní,Tupian,ASU,asu,2.28103,0
Rundi,Niger-Congo,RUD,rnd,6.68582,0
Buru,Austronesian,MHS,buu,4.51825,0
Mairasi,Trans-New Guinea,FRY,mrs,3.51851,0
Boiken,Sepik,BZF,boi,4.49593,0
Arapesh,Torricelli,APE/AON,arp,4.2104,-8
Tangga,Austronesian,TGG,tga,3.76343,-4
Oromo (Waata),Afro-Asiatic,SSN,orw,3.69897,-8
Imonda,Border,IMN,imo,2.39794,-10
Kairiru,Austronesian,KXA,krr,3.54494,-6
Iquito,Zaparoan,IQU,iqu,1.69897,-6
Paulohi,Austronesian,PLH,plh,1.69897,-3
One,Torricelli,AUN,one,2.69897,0
Walman,Torricelli,VAN,wal,3.24055,-4
Tumleo,Austronesian,TMQ,tum,2.89927,0
Kuot,Kuot,KTO,kuo,3.38021,-6
Maasai,Nilo-Saharan,MET,maa,5.94596,-3
Alune,Austronesian,ALP,aln,4.23661,-3
Irarutu,Austronesian,IRH,irr,3.60206,-3
Mor,Austronesian,MHZ,mor,2.8451,0
Nalik,Austronesian,NAL,nal,3.71079,-6
Iha,West Bomberai,IHP,iha,3.74036,0
Sukuma,Niger-Congo,SUA,skm,6.50515,0
I'saka,Sko,KRO,isa,2.62428,0
Poko-Rawo,Sko,RWA,pok,2.80618,-9
Tigak,Austronesian,TGC,tgk,3.77815,-11
Sko,Sko,SKV,sko,2.8451,-6
Dumu,Sko,VAM,dum,3.42602,-4
Sentani,Sentani,SET,snt,4.47712,-12
Tobati,Austronesian,TTI,tbt,2.54407,0
Tungak,Austronesian,LCM,tnk,4.07918,-10
Jivaro,Jivaroan,JIV,jiv,4.66903,-3
Bauzi,East Geelvink Bay,PAU,bzi,3.17609,0
Nimboran,Nimboran,NIR,nim,3.30103,-7
Tabla,Sentani,TNM,tbl,3.57403,0
Resígaro,Arawakan,RGR,res,1.69897,-3
Huitoto (Muinane),Huitotoan,HUX,hmu,2,0
Lou,Austronesian,LOJ,lou,3,-7
Urubu-Kaapor,Tupian,URB,urk,2.69897,-4
Bora,Huitotoan,BOA,bor,3.45148,0
Arandai,Marind,JBJ,ard,3,0
Kele,Austronesian,SBC,kel,2.77815,-4
Loniu,Austronesian,LOS,lon,2.66276,-7
Ntomba,Niger-Congo,NTO,nto,5,0
Kinyarwanda,Niger-Congo,RUA,kin,6.86185,-8
Ma'anyan,Austronesian,MHY,myn,5.17609,-6
Sobei,Austronesian,SOB,sob,3,0
Sengele,Niger-Congo,SZG,sgl,4.23045,0
Uma,Austronesian,PPK,uma,4.30103,-4
Ambai,Austronesian,AMK,amq,4.0023,-3
Yawa,Yawa,YVA,yaw,3.77815,-5
Ndumu,Niger-Congo,NMD,ndu,3.63397,-7
Warembori,Lower Mamberamo,WSA,wrm,2.77815,-6
Tsogo,Niger-Congo,TSV,tgo,4.07918,-5
Sangu,Niger-Congo,SNQ,sgu,4.32037,0
Kamba,Niger-Congo,KIK,kba,6.38886,-3
Mentawai,Austronesian,MWV,mnt,4.69897,0
Mussau,Austronesian,EMI,mus,3.69897,-10
Bobangi,Niger-Congo,BNI,bob,5.07464,0
Maybrat,West Papuan,AYZ,may,4.30103,-10
Mpongwe,Niger-Congo,dMYE,mpo,4.66972,0
Bolia,Niger-Congo,BLI,bol,5,0
Nyanga,Niger-Congo,NYA,nng,5.17609,0
Meyah,East Bird's Head,MEJ,mea,4.16976,-3
Waorani,Waorani,AUC,wao,3.21748,-5
Nadëb,Vaupés-Japurá,MBJ,nad,2.47712,-4
Hixkaryana,Cariban,HIX,hix,2.77815,-6
Minangkabau,Austronesian,MPU,min,6.81291,-16
Hatam,West Papuan,HAD,hat,4.20412,-6
Nkore-Kiga,Niger-Congo,CHG,nko,6.14347,-7
Kikuyu,Niger-Congo,KIU,kik,6.72811,-2
Andoke,Andoke,ANO,adk,2.79169,0
Mbole,Niger-Congo,MDQ,mbl,5,0
Retuarã,Tucanoan,TNC,ret,2.47712,-2
Mbere,Niger-Congo,MDT,mbe,5.02482,0
Runyankore,Niger-Congo,NYN,rny,6.21569,-3
Luo,Nilo-Saharan,LUO,luo,6.5397,-6
Abun,West Papuan,KGR,abu,3.47712,-16
Secoya,Tucanoan,SEY,sec,2.63749,0
Huitoto (Minica),Huitotoan,HTO,hmi,3.23172,-2
Dâw,Vaupés-Japurá,KWA,daw,1.91908,0
Barasano,Tucanoan,BSN,brs,2.54407,-7
Nande,Niger-Congo,NNB,nde,5.95569,0
Apalaí,Cariban,APA,apl,2.65321,-7
Mongo,Niger-Congo,MOM,mgo,5.60206,-8
Indonesian,Austronesian,INZ,ind,7.36443,-10
Taba,Austronesian,MKY,tab,4.30103,-11
Angolar,Creoles and Pidgins,AOA,ago,3.69897,0
Nandi,Nilo-Saharan,dKLN,nan,6.3906,-5
Quechua (Imbabura),Quechuan,QHO,qim,5.47712,-7
Talinga,Niger-Congo,TLJ,tal,4.92612,0
Tucano,Tucanoan,TUO,tuc,3.66567,-4
Luganda,Niger-Congo,LAP,lda,6.47943,-2
West Makian,West Papuan,MQS,wma,4.07918,-3
Cayapa,Barbacoan,CBI,cay,3.53782,-4
Nubi,Creoles and Pidgins,KCN,nub,4.39338,0
Bukusu,Niger-Congo,BUL,buk,5.75205,0
Tidore,West Papuan,TVO,tid,4.41497,-7
Desano,Tucanoan,DES,des,3.24551,0
Koreguaje,Tucanoan,COE,kje,3.30103,0
Tariana,Arawakan,TAE,tar,2,-2
Wai Wai,Cariban,WAW,wai,3.30103,0
Bira,Niger-Congo,BRF/BIP,bia,5.07918,0
Nias,Austronesian,NIP,nia,5.68124,-5
Buli (in Indonesia),Austronesian,BZQ,bui,3.40209,-8
Babole,Niger-Congo,BVX,bbl,3.60206,0
Toratán,Austronesian,RTH,tor,4.47712,-4
Benga,Niger-Congo,BEN,bga,3.47712,0
Sahu,West Papuan,SUX,sah,3.87506,-8
Tondano,Austronesian,TDN,tno,4.90309,-6
Cubeo,Tucanoan,CUB,cub,3.78888,-5
Ngiti,Nilo-Saharan,NIY,nti,5,-6
Sebei,Nilo-Saharan,KPZ,seb,5.07918,0
Kiribati,Austronesian,GLB,krb,4.83117,-10
Awa Pit,Barbacoan,KWI,awp,4.32222,-8
Warekena,Arawakan,GAE,wrk,2.84819,-5
Runyoro-Rutooro,Niger-Congo,NYR,rru,5.69499,0
Manadonese,Austronesian,XMM,mds,5.92942,0
Tobelo,West Papuan,TLB,tlo,4.44279,-3
Lebeo,Niger-Congo,AGH,leb,4.13316,0
Teso,Nilo-Saharan,TEO,tes,6.10671,-3
Lingala,Niger-Congo,LIN,lin,6.33025,-8
Rendille,Afro-Asiatic,REL,ren,4.50515,-4
Iban,Austronesian,IBA,iba,5.61805,-14
Lango,Nilo-Saharan,LAJ,lan,5.9902,-7
Galela,West Papuan,GBI,gll,4.89763,-6
Simeulue,Austronesian,SMR,sim,5,0
Batak (Toba),Austronesian,BBC,bto,6.30103,-7
Baka (in Cameroon),Niger-Congo,BKC,bak,4.45025,-4
Páez,Páezan,PBB,pae,4.8537,-3
Baniwa,Arawakan,BAI,bnw,3.77034,0
Epena Pedee,Choco,SJA,epe,3.9058,-7
Palikur,Arawakan,PAL,plk,3.11394,-6
Doko,Niger-Congo,dNGC,dok,5.17609,0
Karimojong,Nilo-Saharan,KDJ,kmj,5.5682,-3
Turkana,Nilo-Saharan,TUV,tna,5.56249,-4
Somali,Afro-Asiatic,SOM,som,7.10221,-6
Semelai,Austro-Asiatic,SZA,sml,3.46716,-10
Lugbara,Nilo-Saharan,LUG,lug,6.01703,-5
Wayana,Cariban,WAY,wyn,2.87332,-6
Ma'di,Nilo-Saharan,MHI,mad,5.1719,-8
Batak (Karo),Austronesian,BTX,bkr,5.77815,-8
Makaa,Niger-Congo,MCP,mkz,4.90309,0
Shiriana,Yanomam,SHB,shi,2.75282,-4
Ngbaka,Niger-Congo,NGA,ngb,6.0081,0
Ma,Niger-Congo,MSJ,ma,3.6721,-4
Logoti,Nilo-Saharan,LOG,lgt,5.32222,0
Basaá,Niger-Congo,BAA,bas,5.36173,0
Macushi,Cariban,MBC,mac,4.39094,-6
Duala,Niger-Congo,DOU,dua,4.943,0
Ewondo,Niger-Congo,EWO,ewo,5.7617,-3
Zande,Niger-Congo,ZAN,zan,6.05767,-3
Bakueri,Niger-Congo,BRI,bku,4.50786,0
Bagiro,Nilo-Saharan,FUU,bgr,4.20412,-6
Bankon,Niger-Congo,ABB,bnk,4.07918,0
Yakoma,Niger-Congo,YKY,ykm,5.04139,-6
Tennet,Nilo-Saharan,TEX,ten,3.60206,-6
Sanuma,Yanomam,SAM,snm,3.70535,-14
Saramaccan,Creoles and Pidgins,SRM,srm,4.41497,-10
Mbodomo,Niger-Congo,dMDO,mdo,5.24797,0
Didinga,Nilo-Saharan,DID,did,5,-7
Gokana,Niger-Congo,GKN,gok,5,-6
Obolo,Niger-Congo,ANN,obo,5.30103,-8
Tuki,Niger-Congo,BAG,tki,4.41497,0
Avokaya,Nilo-Saharan,AVU,avo,4.81291,-3
Dhaasanac,Afro-Asiatic,DSH,dha,4.53862,0
Klao,Niger-Congo,KLU,kla,5.2833,0
Degema,Niger-Congo,DEG,deg,4,0
Ogbronuagum,Niger-Congo,OGU,obg,4.07918,-3
Tunen,Niger-Congo,BAZ,tnn,4.54777,-3
Moru,Nilo-Saharan,MGD,mou,4.8451,-3
Bakundu,Niger-Congo,BDU,bkn,5.02524,0
Baka (in Sudan),Nilo-Saharan,BDH,bka,4.41996,-4
Ijo (Kolokuma),Niger-Congo,IJC,ijo,6,-5
Efik,Niger-Congo,EFK,efi,5.60206,0
Embera Chami,Choco,CMI,emc,4.04139,0
Piaroa,Sáliban,PID,pia,4.08207,-3
Ndyuka,Creoles and Pidgins,DJK,ndy,4.34506,-16
Grebo,Niger-Congo,GRY/ ...,grb,4.37475,-11
Bafia,Niger-Congo,KSF,bfi,4.77815,-5
Sango,Niger-Congo,SAJ,san,5.60638,-11
Bari,Nilo-Saharan,BFA,bar,5.68124,-8
Päri,Nilo-Saharan,LKR,par,4.44716,-3
Hamer,Afro-Asiatic,AMF,hmr,4.63183,-10
Timugon,Austronesian,TIH,tim,4.08271,-7
Engenni,Niger-Congo,ENN,egn,4.30103,-10
Kosraean,Austronesian,KSI,kos,3.90309,-2
Pemon,Cariban,AOC,pem,3.78916,-6
Berbice Dutch Creole,Creoles and Pidgins,BRC,bdc,1.69897,0
Sonsorol-Tobi,Austronesian,SOV,son,2.77815,-7
Adioukrou,Niger-Congo,ADJ,adi,5,-3
Carib,Cariban,CRB,car,4.00971,-5
Arawak,Arawakan,ARW,ara,3.38917,-2
Birri,Nilo-Saharan,BVQ,brz,2.30103,0
Acehnese,Austronesian,ATJ,ace,6.47712,-13
Gã,Niger-Congo,GAC,ga,5.77815,-4
Isekiri,Niger-Congo,ITS,ise,5.70757,-8
Kenyang,Niger-Congo,KEN,kyg,4.81291,0
Mundani,Niger-Congo,MUN,mud,4.53148,0
Tikar,Niger-Congo,TIK,tik,4.39794,-6
Kadazan,Austronesian,KZJ/...,kdz,4.77815,0
Sáliba (in Colombia),Sáliban,SLC,sba,3.19173,-5
Igbo,Niger-Congo,IGR,igb,7.25527,-14
Gbaya Kara,Niger-Congo,GYA,gbk,5.42651,-8
Jur Mödö,Nilo-Saharan,BEX,jmo,5,-6
Aari,Afro-Asiatic,AIZ,aar,5.20101,-6
Maale,Afro-Asiatic,MDY,mle,4.73061,0
Babungo,Niger-Congo,BAV,bab,4.13033,-8
Dime,Afro-Asiatic,DIM,dim,3.81298,-3
Dizi,Afro-Asiatic,MDX,diz,4.32377,-4
Tboli,Austronesian,TBL,tbo,4.9792,-3
Bété,Niger-Congo,BEV/...,bet,5.11394,-6
Bafut,Niger-Congo,BFD,baf,4.69897,0
Ewe,Niger-Congo,EWE,ewe,6.4931,-10
Izi,Niger-Congo,dIZI,izi,5.77305,-6
Bini,Niger-Congo,EDO,bni,6,-10
Noni,Niger-Congo,NHU,non,4.39794,-6
Akan,Niger-Congo,TWS,akn,6.91908,-3
Linda,Niger-Congo,dLIY,lnd,5.26245,-14
Murle,Nilo-Saharan,MUR,mrl,4.7796,-9
Nkem,Niger-Congo,dISI,nke,4.53782,0
Gbeya Bossangoa,Niger-Congo,GBP,gbb,5.24551,-5
Gamo,Afro-Asiatic,dGMO,gam,6.09224,0
Mokilese,Austronesian,MNO,mok,3.02119,-8
Tunebo,Chibchan,TND/...,tnb,1.69897,-6
Majang,Nilo-Saharan,MPE,maj,4.18585,-4
Wolaytta,Afro-Asiatic,WBC,wly,6.0905,-4
Pohnpeian,Austronesian,PNF,poh,4.4624,-7
Vai,Niger-Congo,VAI,vai,5.02119,-9
Idoma,Niger-Congo,IDO,ido,5.77815,-7
Jukun,Niger-Congo,JBU,juk,3.38703,-11
Kpelle,Niger-Congo,KPE,kpe,5.68789,-9
Mano,Niger-Congo,MEV,man,5.40828,-12
Baule,Niger-Congo,BCI,ble,6.32838,0
Anyi,Niger-Congo,ANY,ayi,5.9345,0
Igede,Niger-Congo,IGE,ige,5.39794,0
Koegu,Nilo-Saharan,YID,koe,2.01284,-6
Sinhala,Indo-European,SNH,snh,7.12124,0
Marshallese,Austronesian,MZM,msh,4.64246,0
Nkonya,Niger-Congo,NKO,nkn,4.44716,-3
Lelemi,Niger-Congo,LEF,llm,4.68931,-4
Woleaian,Austronesian,WOE,wol,3.21245,-11
Puluwat,Austronesian,PUW,pul,3.13481,-4
Dan,Niger-Congo,DAF,dan,5.97845,-4
Kposo,Niger-Congo,KPO,kpo,5.21085,0
Palauan,Austronesian,PLU,pal,4.17099,-9
Shabo,Nilo-Saharan,SBF,shb,2.60206,-5
Manobo (Western Bukidnon),Austronesian,MBB,mwb,4.27953,-8
Mbum,Niger-Congo,MDD,mbm,4.70842,-11
Ndogo,Niger-Congo,NDZ,ndg,4.36816,0
Mende,Niger-Congo,MFY,mde,6.17017,-6
Loma,Niger-Congo,LOM,lma,5.15168,0
Yoruba,Niger-Congo,YOR,yor,7.28616,-16
Koh (Lakka),Niger-Congo,KHO,klk,4.17035,-10
Jur Luwo,Nilo-Saharan,LWO,jlu,4.90309,0
Anywa,Nilo-Saharan,ANU,any,4.98965,-3
Urak Lawoi',Austronesian,URK,url,3.47712,-13
Nancowry,Austro-Asiatic,dNCB,nnc,3.34242,-5
Bandi,Niger-Congo,GBA,bnd,5.02938,0
Ebira,Niger-Congo,IGB,ebi,6,0
Fula (Nigerian),Niger-Congo,FUV,fni,6.23247,-4
Mauka,Niger-Congo,MXX,mka,5.22814,-11
Samba Leko,Niger-Congo,NDI,sle,4.79253,-5
Kresh,Nilo-Saharan,KRS,kre,4.20412,-6
Dinka,Nilo-Saharan,DIP/...,din,5.50515,-6
Soddo,Afro-Asiatic,GRU,sod,5.406,0
Ngäbere,Chibchan,GYM,nbr,5.12415,-8
Temne,Niger-Congo,TEJ,tne,6.07918,-4
Tem,Niger-Congo,KDH,tem,5.48728,-4
Goemai,Afro-Asiatic,ANK,goe,5.30103,-9
Doyayo,Niger-Congo,DOW,doy,4.25527,-2
Ngambay,Nilo-Saharan,SBA,ngm,5.87506,-4
Day,Niger-Congo,DAI,day,4.69824,-10
Komo,Nilo-Saharan,KOM,kom,4.0607,-6
Kisi,Niger-Congo,KSS/ KQS,kis,5.51388,-11
Ron,Afro-Asiatic,CLA,ron,5.0607,-5
Mumuye,Niger-Congo,MUL,mum,5.60206,-14
Oromo (Harar),Afro-Asiatic,HAE,orh,6.65571,-11
Nicobarese (Car),Austro-Asiatic,CAQ,nca,4.47712,-13
Lele,Afro-Asiatic,LLN,lel,4.41497,-5
Nupe,Niger-Congo,NUP,nup,5.90309,-10
Teribe,Chibchan,TFR,trb,3.47784,-5
Warao,Warao,WBA,wra,4.25527,-7
Loko,Niger-Congo,LOK,lok,5.0607,0
Bribri,Chibchan,BZD,bri,4.04139,-8
Vagla,Niger-Congo,VAG,vag,4.13033,-6
Mamanwa,Austronesian,MMN,mmn,3.71198,-8
Gwari,Niger-Congo,GBR/GBY,gwa,5.8451,-11
Mupun,Afro-Asiatic,SUR,mup,5.46982,-12
Angas,Afro-Asiatic,ANC,anc,5.60206,-9
Jarawa (in Nigeria),Niger-Congo,JAR,jar,5.17609,-3
Gula (in Central African Republic),Nilo-Saharan,GLU,gul,4.01077,-11
Dagbani,Niger-Congo,DAG,dgb,5.90309,-3
Fyem,Niger-Congo,PYM,fye,3.47712,-3
Pero,Afro-Asiatic,PIP,per,4.39794,-3
Yapese,Austronesian,YPS,yap,3.81902,-8
Kabiyé,Niger-Congo,KBP,kby,5.86332,0
Busa,Niger-Congo,BQP,bus,4.30103,-4
Birom,Niger-Congo,BOM,bir,5.47712,-9
Mundang,Niger-Congo,MUA,mdg,5.31298,-9
Shilluk,Nilo-Saharan,SHK,shl,5.24304,-5
Tangale,Afro-Asiatic,TAN,tan,5.11394,0
Kera,Afro-Asiatic,KER,ker,4.70349,-12
Susu,Niger-Congo,SUD,sus,6.01258,-8
Kanakuru,Afro-Asiatic,KNA,knk,4.30103,-2
Laal,Laal,GDM,laa,2.87448,-3
Amharic,Afro-Asiatic,AMH,amh,7.241,-4
Malayalam,Dravidian,MJS,mym,7.55336,-8
Cebuano,Austronesian,CEB,ceb,7.30197,-8
Anufo,Niger-Congo,CKO,anu,5.13862,-6
Akwa,Niger-Congo,dPON,awk,4.47712,-10
Kirma,Niger-Congo,GOT,kir,4.80003,-8
Hiligaynon,Austronesian,HIL,hil,6.8451,-5
Ga'anda,Afro-Asiatic,GAA,gnd,4.63347,0
Kilba,Afro-Asiatic,KIR,klb,5.24304,0
Runga,Nilo-Saharan,ROU,run,4.63326,-3
Kwami,Afro-Asiatic,KSQ,kwm,4,0
Gude,Afro-Asiatic,GDE,gud,4.98227,-5
Lobi,Niger-Congo,LOB,lob,5.64473,0
Dagaare,Niger-Congo,DGA/...,dga,5.8451,-7
Bimoba,Niger-Congo,BIM,bmb,5.07918,-4
Nateni,Niger-Congo,NTM,ntn,4.81954,0
Mofu-Gudur,Afro-Asiatic,MIF,mof,4.77815,-10
Krongo,Kadugli,KGO,kro,4.33622,-11
Vietnamese,Austro-Asiatic,VIE,vie,7.82891,-16
Ika,Chibchan,ARH,ika,4.15537,-8
Onge,Andamanese,OON,ong,1.98227,-8
Chrau,Austro-Asiatic,CHR,chr,4.35347,-18
Mada (in Cameroon),Afro-Asiatic,MXU,mda,4.23045,-5
Musgu,Afro-Asiatic,MUG,mgu,4.93403,-3
Awngi,Afro-Asiatic,AWN,awn,5.55264,-4
Miya,Afro-Asiatic,MKF,miy,4.47712,-5
Uldeme,Afro-Asiatic,UDL,uld,4.02119,-6
Damana,Chibchan,MBP,dam,3.50853,-5
Seme,Niger-Congo,SIF,sme,4.60206,0
Toussian,Niger-Congo,TSP/ WIB,tou,4.29003,-4
Margi,Afro-Asiatic,MAR,mrg,5.13033,-2
Kadugli,Kadugli,dKAT,kad,4.91116,-4
Moro,Niger-Congo,MOR,mro,4.47712,-8
Tamil,Dravidian,TCV,tml,7.81968,-2
Duka,Niger-Congo,DUD,duk,4.86332,-4
Lamang,Afro-Asiatic,HIA,lmg,4.60206,-3
Supyire,Niger-Congo,SPP,sup,5.5611,-11
Sre,Austro-Asiatic,dKPM,sre,5.10966,-4
Bagirmi,Nilo-Saharan,BMI,bag,4.6509,-8
Rama,Chibchan,RMA,ram,1.69897,-7
Stieng,Austro-Asiatic,STT/ STI,sti,3.7824,-13
Ko (Winye),Niger-Congo,KST,kow,4.30103,0
Hdi,Afro-Asiatic,TUR,hdi,4.4624,0
Mokilko,Afro-Asiatic,MOZ,mko,4.07918,0
Hausa,Afro-Asiatic,HUA,hau,7.38313,-10
Kanuri,Nilo-Saharan,KPH/ ...,knr,6.53468,-7
Kenga,Nilo-Saharan,KYQ,ken,4.60206,-3
Qafar,Afro-Asiatic,AFR,qaf,6.15817,-10
Jarawa (in Andamans),Andamanese,ANQ,jrw,2.47712,0
Great Andamanese,Andamanese,APQ/ ...,gan,1.69897,0
Cham (Western),Austronesian,CJA,chw,5.40329,0
Ngizim,Afro-Asiatic,NGI,ngz,4.90309,-3
Migama,Afro-Asiatic,MMY,mig,4.30103,0
Nyimang,Nilo-Saharan,NYI,nyi,4.8451,-4
Orig,Niger-Congo,dRAS,ori,4.55313,0
Kodava,Dravidian,KFA,kod,5.08636,0
Papiamentu,Creoles and Pidgins,PAE,pap,5.50433,0
Balanta,Niger-Congo,BJY/BLE,blz,5.59439,-5
Sila,Nilo-Saharan,DAU,sil,4.79991,0
Bambara,Niger-Congo,BRA,bam,6.44504,-11
Khmer,Austro-Asiatic,KMR,khm,7.12309,-18
Tulu,Dravidian,TCY,tul,6.28981,-4
Mooré,Niger-Congo,MHM,moo,6.70215,-4
Bade,Afro-Asiatic,BDE,bad,5.39794,0
Diola-Fogny,Niger-Congo,DYO,dio,5.55422,-11
Maninka (Western),Niger-Congo,MLQ,maw,5.69484,0
Karen (Pwo),Sino-Tibetan,KJP/PWO,kpw,6.02119,0
Bikol,Austronesian,BKL/ ...,bkl,6.39794,-10
Mandinka (Gambian),Niger-Congo,dMNK,mkg,6.08434,0
Chamorro,Austronesian,CJD,cha,4.88482,-7
Fur,Nilo-Saharan,FUR,fur,5.70053,-8
Maba,Nilo-Saharan,MDE,mab,5.39794,-7
Pipil,Uto-Aztecan,PPL,pip,1.69897,-6
Zarma,Nilo-Saharan,DJE,zar,6.34013,-5
Arabic (Abbéché Chad),Afro-Asiatic,dSHU,abb,5.99396,0
Miskito,Misumalpan,MIQ,mis,5.2634,-7
Kannada,Dravidian,KJV,knd,7.54834,-9
Brao,Austro-Asiatic,BRB,bra,4.26586,0
Koromfe,Niger-Congo,KFZ,kfe,5.29248,-9
Cakchiquel,Mayan,CKF/ ...,cak,4.63347,-6
Tama,Nilo-Saharan,TMA,tma,4.79886,-4
Kunama,Nilo-Saharan,KUM,knm,5.03696,-6
Tigrinya,Afro-Asiatic,TGN,tig,6.64835,-7
Tzutujil,Mayan,TZJ/TZT,tzu,4.69897,-6
Tol,Tol,JIC,tol,2.54407,-5
Chortí,Mayan,CAA,coi,4.47727,0
Noon,Niger-Congo,SNF,noo,4.47458,-2
Mon,Austro-Asiatic,MNW,mon,5.92969,-17
Sedang,Austro-Asiatic,SED,sed,5.00618,-11
Ndut,Niger-Congo,NDV,ndt,4.54407,-4
Mam,Mayan,MVC/...,mam,5,-5
Pech,Chibchan,PAY,pec,2.99739,-5
Soninke,Niger-Congo,SNN,snn,6.04013,-7
Tagalog,Austronesian,TGL,tag,7.2014,-8
Sapuan,Austro-Asiatic,SPU,sap,3.38021,-5
Wolof,Niger-Congo,WOL,wlf,6.55782,-11
Konkani,Indo-European,KNK,kkn,6.60206,0
Kapampangan,Austronesian,PMP,kpm,6.27815,-8
Ixil,Mayan,IXI/ IXL,ixi,4.54407,0
Jakaltek,Mayan,JAC/ JAI,jak,4.94448,-5
Garífuna,Arawakan,CAB,grf,5.28324,-3
Bilin,Afro-Asiatic,BYN,bln,4.8451,-3
Kanjobal (Western),Mayan,KNJ,kwe,4.7679,0
Chuj,Mayan,CNM/ CAC,chj,4.5001,0
Pangasinan,Austronesian,PNG,pnn,6.06617,-8
Koyraboro Senni,Nilo-Saharan,SON,kse,5.60206,-11
Tubu,Nilo-Saharan,DAK/TUQ,tbu,5.49455,-6
Arabic (San'ani),Afro-Asiatic,AYN,ars,6.88081,0
Telugu,Dravidian,TCW,tel,7.84316,-10
Thai,Tai-Kadai,THJ,tha,7.306,-17
Huave (San Mateo del Mar),Huavean,HUV,hve,4.07918,-3
Mixtec (Jamiltepec),Oto-Manguean,MXT,mja,4,0
Chatino (Yaitepec),Oto-Manguean,dCTP,cya,4.07918,-8
Mixtec (Jicaltepec),Oto-Manguean,MIO,mxj,4.30103,-3
Zapotec (Isthmus),Oto-Manguean,ZAI,zai,4.92942,-3
Tojolabal,Mayan,TOJ,toj,4.5563,-4
Fula (Mauritanian),Niger-Congo,dFUC,fma,6.51108,0
Tigré,Afro-Asiatic,TIE,tgr,5.90309,-8
Mopan,Mayan,MOP,mop,4.0404,-8
Zoque (Chimalapa),Mixe-Zoque,ZOH,zch,3.65321,-4
Zapotec (San Lucas Quiaviní),Oto-Manguean,dZAB,zsq,4.45484,0
Mixtec (Ayutla),Oto-Manguean,MIY,mxt,3.92942,-6
Mixtec (Yosondúa),Oto-Manguean,MPM,mxy,3.69897,-8
Mixe (Coatlán),Mixe-Zoque,MCO,mco,3.69897,-4
Zoque (Copainalá),Mixe-Zoque,ZOC,zqc,4,-4
Itzaj,Mayan,ITZ,itz,1.69897,0
Koyra Chiini,Nilo-Saharan,KHQ,kch,5.30103,-16
Lamani,Indo-European,LMN,lmn,6.45743,-6
Mixtec (Chalcatongo),Oto-Manguean,dMIG,mxc,4.15996,-8
Tlapanec,Subtiaba-Tlapanec,TPX/...,tlp,4.51851,-6
Mixtec (Peñoles),Oto-Manguean,MIL,mxp,4.12766,-6
Mixe (Tlahuitoltepec),Mixe-Zoque,MXP,mth,3.69897,0
Bontok,Austronesian,BNC,btk,4.60206,-3
Trique (Copala),Oto-Manguean,TRC,tri,4.17609,-8
Mixtec (Ocotepec),Oto-Manguean,MIE,mxo,3.69897,-6
Balangao,Austronesian,BLW,blg,4.32779,0
Zapotec (Yatzachi),Oto-Manguean,ZAV,zya,3.39794,-4
Chinantec (Lealao),Oto-Manguean,CLE,cle,3.30103,-9
Zenaga,Afro-Asiatic,ZEN,zen,2.30103,0
Mixtec (Silacayoapan),Oto-Manguean,MKS,mxs,4.27224,0
Chinantec (Quiotepec),Oto-Manguean,CHQ,chq,3.90309,-4
Chinantec (Comaltepec),Oto-Manguean,CCO,ccm,3.30103,-5
Mazatec (Chiquihuitlán),Oto-Manguean,MAQ,mzc,3.39794,0
Chinantec (Tepetotutla),Oto-Manguean,CNT,cte,3.30103,0
Sayultec,Mixe-Zoque,POS,say,3.60206,-6
Agta (Central),Austronesian,AGT,agc,2.89154,-6
Beja,Afro-Asiatic,BEI,bej,6.07115,-4
Remo,Austro-Asiatic,BFW,rem,3.95424,-5
Karen (Sgaw),Sino-Tibetan,KSW,ksg,6.19995,-13
Lao,Tai-Kadai,NOL,lao,6.5036,-13
Mixtec (Coatzospan),Oto-Manguean,MIZ,mxz,3.69897,-6
Popoloca (San Juan Atzingo),Oto-Manguean,POE,psj,3.69897,-5
Jamaican Creole,Creoles and Pidgins,dJAM,jcr,6.50259,0
Nahuatl (Mecayapan Isthmus),Uto-Aztecan,NAU,nmi,4.30103,0
Nubian (Dongolese),Nilo-Saharan,dKNC,nbd,5.44716,-6
Zoque (Soteapan),Mixe-Zoque,POI,zqs,4.47712,-4
Mlabri (Minor),Austro-Asiatic,dMRA,mlm,2.51055,-10
Chinantec (Palantla),Oto-Manguean,CPA,cpl,4.07918,-5
Marathi,Indo-European,MRT,mhi,7.83283,-7
Gondi,Dravidian,GON/ GGO,gon,6.29092,-6
Gadaba,Austro-Asiatic,GBJ/...,gdb,3.90309,0
Kayah Li (Eastern),Sino-Tibetan,EKY,kyl,5.55657,-14
Otomí (Ixtenco),Oto-Manguean,OTA,oix,2.86688,0
Purépecha,Tarascan,TSZ,pur,5.07918,-6
Karen (Bwe),Sino-Tibetan,BWE,kbw,4.1959,-6
Hawaiian,Austronesian,HWI,haw,3,-11
Nahuatl (Tetelcingo),Uto-Aztecan,NHG,nht,3.54407,-5
Bisu,Sino-Tibetan,BII,biu,3.47712,0
Totonac (Misantla),Totonacan,TLC,tot,2.69897,-8
Yucatec,Mayan,YUA,yct,5.8451,-4
Kolami,Dravidian,KFB/ NIT,kol,4.69897,-9
Kui (in India),Dravidian,KXU,kui,5.85552,-8
Sora,Austro-Asiatic,SRB,sor,5.45939,0
Lahu,Sino-Tibetan,LAH,lah,5.76131,-13
Otomí (Mezquital),Oto-Manguean,OTE,otm,5,-7
Totonac (Xicotepec de Juárez),Totonacan,TOO,txj,3.47712,-11
Tepehua,Totonacan,TEE/...,tep,3.47712,-3
Nobiin,Nilo-Saharan,FIA,nob,5.69461,0
Burmese,Sino-Tibetan,BMS,brm,7.50922,-13
Khmu',Austro-Asiatic,KJG,kmu,5.68101,-17
Chichimeca-Jonaz,Oto-Manguean,PEI,cjo,2.30103,-6
Akha,Sino-Tibetan,AKA,akh,5.6525,-4
Nung (in Vietnam),Tai-Kadai,NUT,nun,5.93268,-15
Pame,Oto-Manguean,PBS/...,pam,3.63849,0
Nahuatl (Huasteca),Uto-Aztecan,NAI/ NHW,nhh,5.61278,-3
Huastec,Mayan,HAU/ ...,htc,3.24279,-9
Cora,Uto-Aztecan,COR,cor,3.90309,-3
Korku,Austro-Asiatic,KFQ,kku,5.67943,0
Bawm,Sino-Tibetan,BGR,baw,4.13966,-14
Paiwan,Austronesian,PWN,pai,4.8201,-8
Lai,Sino-Tibetan,CNH,lai,5.64959,-15
Palaung,Austro-Asiatic,PCE/ RBB/...,plg,5.42739,-8
Rukai,Austronesian,DRU,ruk,4.02296,-2
Tuareg (Ahaggar),Afro-Asiatic,THV,tug,4.79239,-4
Gujarati,Indo-European,GJR,guj,7.66376,-6
Mundari,Austro-Asiatic,MUW,mun,6.31696,-7
Chin (Mara),Sino-Tibetan,MRH,cmr,4.62325,-11
Cantonese,Sino-Tibetan,YUH,cnt,7.73886,-7
Mizo,Sino-Tibetan,dLSH,miz,5.73443,-11
Chin (Tiddim),Sino-Tibetan,CTD,cti,5.53668,-6
Magahi,Indo-European,MQM,mgh,7.11394,0
Maru,Sino-Tibetan,MHX,mru,5.01494,-11
Tsou,Austronesian,TSY,tso,3.32777,-5
Chin (Siyin),Sino-Tibetan,CSY,chs,4,-9
Bengali,Indo-European,BNG,ben,8.23317,-3
Punu,Hmong-Mien,BUH/ ...,pnu,3.98749,-14
Hmar,Sino-Tibetan,HMR,hma,4.69897,-7
Seediq,Austronesian,TRV,see,3.67669,-8
Kokborok,Sino-Tibetan,TRP,kok,5.89818,-4
Santali,Austro-Asiatic,SNT,stl,6.78932,-4
Atayal,Austronesian,TAY,ata,4.92598,-6
Meithei,Sino-Tibetan,MNR,mei,6.10072,-8
Urdu,Indo-European,URD,urd,7.78178,-8
Hindi,Indo-European,HND,hin,8.25711,-10
Achang,Sino-Tibetan,ACN,acn,4.46847,0
Mulao,Tai-Kadai,MLM,mul,4.69897,-5
Mien,Hmong-Mien,IUM,mie,5.91312,-11
Naga (Zeme),Sino-Tibetan,NZM,nze,4.48855,-9
Jingpho,Sino-Tibetan,CGP,jng,5.97313,-14
Khasi,Austro-Asiatic,KHI,khs,5.93702,-14
Naga (Mao),Sino-Tibetan,NBI,nma,4.90849,-9
Garo,Sino-Tibetan,GRT,gar,5.83059,-7
Naga Pidgin,Creoles and Pidgins,NAG,npn,4.47712,0
Angami,Sino-Tibetan,NJM/ NRI,agm,5.03743,-7
Coptic,Afro-Asiatic,COP,cop,1.69897,-5
Arabic (Gulf),Afro-Asiatic,AFB,arg,6.36896,-3
Sindhi,Indo-European,SND,sdh,7.32964,-10
Bhojpuri,Indo-European,BHJ,bho,7.42476,-4
Maithili,Indo-European,MKP,mai,7.39441,-9
Sema,Sino-Tibetan,NSM,sem,5.12057,-5
Lisu,Sino-Tibetan,LIS,lis,5.85914,0
Hmong Daw,Hmong-Mien,MWW,hmd,5.71172,-6
Mikir,Sino-Tibetan,MJW,mik,5.67943,-5
Chang,Sino-Tibetan,NBC,chg,4.49136,-3
Lotha,Sino-Tibetan,NJH,lot,4.90309,-6
Ao,Sino-Tibetan,NJO,ao,5.14922,-2
Bodo,Sino-Tibetan,BRX,bod,5.78053,-3
Sherdukpen,Sino-Tibetan,SDP,shd,3.49136,0
Dong,Tai-Kadai,DOC/ KMC,don,6,-9
Limbu,Sino-Tibetan,LIF,lim,5.55827,-5
Lepcha,Sino-Tibetan,LEP,lep,4.87982,-13
Hayu,Sino-Tibetan,VAY,hay,3.2413,-6
Dumi,Sino-Tibetan,DUS,dmi,1.69897,-5
Thulung,Sino-Tibetan,TDH,thu,4.52261,-5
Yaqui,Uto-Aztecan,YAQ,yaq,4.215,-8
Tarahumara (Western),Uto-Aztecan,TAC,twe,4.17609,-7
Tarahumara (Central),Uto-Aztecan,TAR,tce,4.74036,-5
Khaling,Sino-Tibetan,KLR,khg,3.96792,-3
Kulung,Sino-Tibetan,KLE,klg,4.27152,-4
Nishi,Sino-Tibetan,DAP,nis,5.41664,-7
Apatani,Sino-Tibetan,APT,apt,4.36173,-3
Lungchang,Sino-Tibetan,dNST,lun,5.00169,0
Rawang,Sino-Tibetan,RAW,raw,5.08853,-10
Chepang,Sino-Tibetan,CDM,cpn,4.56593,-6
Newari (Kathmandu),Sino-Tibetan,dNEW,new,5.91669,-7
Guarijío,Uto-Aztecan,VAR,grj,3.69897,0
Sikkimese,Sino-Tibetan,SIP,skk,4.45637,-14
Baluchi,Indo-European,BGP/ ...,blc,6.25648,-4
Kusunda,Kusunda,KGG,kus,1.69897,0
Nepali,Indo-European,NEP,nep,7.23576,-3
Tamang,Sino-Tibetan,TAJ/ TGE/...,tam,5.88832,-6
Dulong,Sino-Tibetan,DUU,dul,4.05308,0
Hmong Njua,Hmong-Mien,BLU,hmo,6.11079,-16
Gallong,Sino-Tibetan,dADI,gal,5.04567,-3
Gurung,Sino-Tibetan,GGN/ GVR,gur,5.02119,-8
Sulung,Sino-Tibetan,SUV,slg,3.73584,0
Brahui,Dravidian,BRH,brh,6.34439,-5
Kham,Sino-Tibetan,KGJ/ ...,kmh,4,-3
Mising,Sino-Tibetan,MRG,msg,5.60206,-6
Nar-Phu,Sino-Tibetan,NPA,nph,2.72673,-3
Seri,Hokan,SEI,ser,2.90309,-3
Pima Bajo,Uto-Aztecan,PMB/PIA,pba,3,-2
Thakali,Sino-Tibetan,THS,thk,3.80895,-9
Berber (Siwa),Afro-Asiatic,SIZ,bsi,3.69897,-4
Idu,Sino-Tibetan,CLK,idu,4.04614,0
Atakapa,Atakapa,ALE,atk,1.69897,-5
Arabic (Egyptian),Afro-Asiatic,ARZ,aeg,7.66578,-7
Byansi,Sino-Tibetan,BEE,bya,3.65925,-4
Tonkawa,Tonkawa,TON,ton,1.69897,-2
Biloxi,Siouan,BLL,blx,1.69897,-3
Panjabi,Indo-European,PNJ,pan,7.44726,-7
Hebrew (Modern),Afro-Asiatic,HBR,heb,6.70372,-9
Arabic (Palestinian),Afro-Asiatic,AJP,apa,6.78852,-6
Persian,Indo-European,PES,prs,7.38589,-4
Nyamkad,Sino-Tibetan,TPQ,nyk,2.85914,0
Qiang,Sino-Tibetan,CNG/ QMR,qia,4.91009,-4
Choctaw,Muskogean,CCT,cct,3.96431,-3
Alabama,Muskogean,AKZ,abm,2,0
Tinani,Sino-Tibetan,LBF,tni,3.38917,0
Berber (Mzab),Afro-Asiatic,MZB,bmz,4.8451,0
Gahri,Sino-Tibetan,BFU,ghr,3.60206,0
Diegueño (Mesa Grande),Hokan,dDIH,die,2.46982,-8
Tunica,Tunica,TUK,tun,1.69897,-6
Gojri,Indo-European,GJU,goj,5.99665,0
Quechan,Hokan,YUM,que,2.17609,0
Berber (Middle Atlas),Afro-Asiatic,TZM,bma,6.49831,-6
Arabic (Iraqi),Afro-Asiatic,ACM,arq,7.17898,-3
Pashto,Indo-European,PST/...,psh,6.89887,-6
Maricopa,Hokan,MRC,mar,2.25768,-4
Apache (Chiricahua),Na-Dene,APM,apc,3.25527,0
Wichita,Caddoan,WIC,wic,1.69897,-5
Cahuilla,Uto-Aztecan,CHL,cah,1.69897,-5
Comanche,Uto-Aztecan,COM,cmn,2.30103,-7
Arabic (Moroccan),Afro-Asiatic,ARY,amr,7.2896,-7
Kashmiri,Indo-European,KSH,kas,6.6638,-12
Ladakhi,Sino-Tibetan,LBJ,lad,5.0569,-4
Mandarin,Sino-Tibetan,CHN,mnd,8.94102,-13
Torwali,Indo-European,TRW,trw,4.77815,0
Chemehuevi,Uto-Aztecan,dUTE,cmh,3.29754,-3
Serrano,Uto-Aztecan,SER,srr,1.69897,0
Berber (Rif),Afro-Asiatic,RIF,brf,6.23045,-3
Mojave,Hokan,MOV,moj,1.81291,0
Purki,Sino-Tibetan,BXR,prk,5.12057,-3
Koasati,Muskogean,CKU,koa,2.30103,-4
Acoma,Keresan,KJQ,aco,3.53033,-7
Tiwa (Southern),Kiowa-Tanoan,TIX,tws,3.21245,-6
Berber (Chaouia),Afro-Asiatic,SHY,bch,6.14613,0
Khalaj,Altaic,KLJ,khl,4.62435,-3
Savi,Indo-European,SDG,sav,3.47712,0
Kalasha,Indo-European,KLS,klh,3.70148,0
Balti,Sino-Tibetan,BFT,blt,5.52763,-4
Amdo,Sino-Tibetan,ADX,amd,5.90822,0
Salar,Altaic,SLR,slr,4.77815,0
Zuni,Zuni,ZUN,zun,3.98457,-11
Brokskat,Indo-European,BKK,bkt,3.47712,0
Hualapai,Hokan,dYUF,hlp,3.43024,-3
Cherokee,Iroquoian,CER,che,4.17609,-3
Kati (in Afghanistan),Indo-European,BSH,ktz,4.27184,-8
Prasuni,Indo-European,PRN,pra,3,0
Yuchi,Yuchi,YUC,yuc,1.69897,-2
Tewa (Arizona),Kiowa-Tanoan,TEW,tew,3.11327,0
Jemez,Kiowa-Tanoan,TOW,jem,3.11428,0
Maltese,Afro-Asiatic,MLS,mlt,5.57043,-6
Tuscarora,Iroquoian,TUS,tus,1.69897,-3
Khowar,Indo-European,KHW,khw,5.38382,0
Shina,Indo-European,SCL,sna,5.50651,-4
Mangghuer,Altaic,MJG,mgg,5.18184,-6
Navajo,Na-Dene,NAV,nav,5.17181,-4
Esselen,Esselen,ESQ,ess,1.69897,0
Wikchamni,Penutian,dYOK,wik,1.89209,-8
Mazanderani,Indo-European,MZN,mzn,6.51388,0
Wakhi,Indo-European,WBL,wak,4.50059,-4
Burushaski,Burushaski,BSK,bur,4.93976,-6
Costanoan,Penutian,CST/ CSS,cos,1.69897,0
Tümpisa Shoshone,Uto-Aztecan,PAR,tsh,1.69897,-4
Kiowa,Kiowa-Tanoan,KIO,kio,3.03822,-6
Osage,Siouan,OSA,osa,1.69897,-5
Japanese,Japanese,JPN,jpn,8.0879,-7
Gilaki,Indo-European,GLK,gil,6.51388,-5
Miwok (Southern Sierra),Penutian,SKD,mss,1.69897,-3
Korean,Korean,KKN,kor,7.8262,-6
Romani (Ajia Varvara),Indo-European,dRMN,rav,5.71925,-8
Kurmanji,Indo-European,KUR,kji,6.95969,-6
Neo-Aramaic (Persian Azerbaijan),Afro-Asiatic,TRG,nap,3.64128,0
Shira Yughur,Altaic,YUY,shy,3.47712,0
Rushan,Indo-European,dSGH,rsh,4.77815,0
Wappo,Wappo-Yukian,WAO,wap,1.69897,-5
Kashaya,Hokan,KJU,ksh,1.69897,0
Tajik,Indo-European,PET,taj,6.6415,-3
Pomo (Central),Hokan,POO,pmc,1.69897,0
Pomo (Southeastern),Hokan,PEO,pso,1.69897,-6
Portuguese,Indo-European,POR,por,8.24909,-6
Greek (Modern),Indo-European,GRK,grk,7.08844,-10
Turkish,Altaic,TRK,tur,7.70437,-4
Ordos,Altaic,dMVF,ord,6.52905,0
Pomo (Northern),Hokan,PEJ,pmn,1.69897,0
Kato,Na-Dene,KTW,kto,1.69897,0
Maidu (Northeast),Penutian,NMU,mne,1.69897,-2
Arapaho,Algic,ARP,aho,3.0162,0
Spanish,Indo-European,SPN,spa,8.50826,-11
Ladino,Indo-European,SPJ,lno,5.04139,0
Armenian (Eastern),Indo-European,dARM,arm,6.82762,-8
Mattole,Na-Dene,MVB,mtl,1.69897,0
Azerbaijani,Altaic,AZE/ AZB,aze,7.38675,-2
Wiyot,Algic,WIY,wiy,1.69897,-5
Chimariko,Hokan,CID,chi,1.69897,-3
Wintu,Penutian,WIT,win,1.69897,-5
Shoshone,Uto-Aztecan,SHH,sho,3.3587,0
Albanian,Indo-European,ALS,alb,6.44393,-8
Udi,Nakh-Daghestanian,UDI,udi,3.7574,-3
Hupa,Na-Dene,HUP,hup,1.69897,-3
Budukh,Nakh-Daghestanian,BDK,bdk,3,-5
Tat (Muslim),Indo-European,TTT,tmu,4.41497,0
Yurok,Algic,YUR,yur,1.69897,-7
Achumawi,Hokan,ACH,acm,1.69897,0
Munsee,Algic,UMU,mse,1.69897,-6
Laz,Kartvelian,LZZ,laz,4.51851,0
Rutul,Nakh-Daghestanian,RUT,rut,4.30343,-3
Karok,Karok,KYH,krk,1.69897,-10
Macedonian,Indo-European,MKJ,mcd,6.20364,-11
Tsakhur,Nakh-Daghestanian,TKR,tsa,4.30261,-4
Lezgian,Nakh-Daghestanian,LEZ,lez,5.65428,-7
Catalan,Indo-European,CLN,ctl,6.82395,-7
Aghul,Nakh-Daghestanian,AGX,agl,4.24067,-4
Tabassaran,Nakh-Daghestanian,TAB,tbs,4.98184,0
Paiute (Northern),Uto-Aztecan,PAO,pno,3.21245,-7
Georgian,Kartvelian,GEO,geo,6.62103,-6
Archi,Nakh-Daghestanian,ARC,arc,3,-3
Bezhta,Nakh-Daghestanian,KAP,bez,3.47712,-5
Hunzib,Nakh-Daghestanian,HUZ,hzb,3.30103,-6
Lak,Nakh-Daghestanian,LBE,lak,5.07741,-13
Kickapoo,Algic,KIC,kic,2.92376,0
Tsez,Nakh-Daghestanian,DDO,tsz,3.8451,-4
Dargwa,Nakh-Daghestanian,DAR,drg,5.56994,-4
Takelma,Takelma,TKM,tkl,1.69897,-2
Klamath,Penutian,KLA,klm,1.69897,-3
Seneca,Iroquoian,SEE,snc,2.24304,-4
Bulgarian,Indo-European,BLG,bul,6.95206,-6
Mingrelian,Kartvelian,XMF,mgl,5.69897,0
Tsova-Tush,Nakh-Daghestanian,BBL,ttu,3.53403,-3
Avar,Nakh-Daghestanian,AVR,ava,5.77884,-5
Chamalal,Nakh-Daghestanian,CJI,chm,3.69897,0
Bagvalal,Nakh-Daghestanian,KVA,bgv,3.30103,-4
Karata,Nakh-Daghestanian,KPT,krt,3.69897,0
Godoberi,Nakh-Daghestanian,GDO,god,3.47712,-8
Fox,Algic,SAC,fox,2.30103,0
Oneida,Iroquoian,ONE,ond,2.39794,-4
Galician,Indo-European,GLN,glc,6.50357,0
Basque,Basque,BSQ,bsq,5.76946,-6
Italian,Indo-European,ITN,ita,7.7888,-9
Svan,Kartvelian,SVA,sva,4.17609,-6
Ossetic,Indo-European,OSE,oss,5.72136,-8
Kumyk,Altaic,KSK,kuq,5.4511,-4
Ainu,Ainu,AIN,ain,1.69897,-6
Abkhaz,Northwest Caucasian,ABK,abk,5.02511,-4
Ingush,Nakh-Daghestanian,INH,ing,5.36232,-9
Chechen,Nakh-Daghestanian,CJC,chc,5.98028,-5
Coos (Hanis),Oregon Coast,COS,coo,1.69897,-4
Cheyenne,Algic,CHY,cyn,3.23578,-4
Kabardian,Northwest Caucasian,KAB,kab,6.00518,-2
Lakhota,Siouan,LKT,lkt,3.77815,-8
Siuslaw,Oregon Coast,SIS,siu,1.69897,-3
Occitan,Indo-European,LNC/...,occ,3.69897,0
Abaza,Northwest Caucasian,ABQ,abz,4.6522,-5
Noghay,Altaic,NOG,nog,4.83127,-3
Kalmyk,Altaic,dKGZ,kmk,5.71475,-6
Wyandot,Iroquoian,WYA,wya,1.69897,0
Potawatomi,Algic,POT,pot,1.69897,0
Alsea,Oregon Coast,AES,als,1.69897,0
Passamaquoddy-Maliseet,Algic,MAC,psm,3.2188,-5
Romani (Kalderash),Indo-European,dRMY,rka,6.17547,-7
Crimean Tatar,Altaic,CRH,cri,5.65929,-4
Adyghe (Abzakh),Northwest Caucasian,dADY,ady,5.69826,0
Tillamook,Salishan,TIL,til,1.69897,-6
Arikara,Caddoan,ARI,akr,1.69897,0
Sahaptin (Umatilla),Penutian,UMA,smt,1.69897,0
Nez Perce,Penutian,NEZ,nez,2,-4
Ojibwa (Eastern),Algic,OJG,oji,4.41305,-4
Slovene,Indo-European,SLV,slo,6.29771,-9
Romanian,Indo-European,RUM,rom,7.37104,-8
Chinook (Lower),Penutian,dCHH,ckl,1.69897,-6
Gagauz,Altaic,GAG,gag,5.17609,0
Chehalis (Upper),Salishan,CJH,chl,1.69897,0
Romansch (Sursilvan),Indo-European,dRHE,rsu,4.60206,0
Crow,Siouan,CRO,cro,3.63144,0
Hungarian,Uralic,HNG,hun,7.13391,-7
Khalkha,Altaic,KHK,kha,6.36868,-7
Jurchen,Altaic,JUC,jur,1.69897,0
Coeur d'Alene,Salishan,CRD,coe,1.69897,-4
Udihe,Altaic,UDE,udh,2,-6
Quileute,Chimakuan,QUI,qui,1.69897,-5
Kalispel,Salishan,FLA,kls,2.30103,-4
Breton,Indo-European,BRT,bre,5.7265,-5
French,Indo-European,FRN,fre,7.81197,-11
Dagur,Altaic,DTA,dgr,4.98266,-7
Makah,Wakashan,MYH,mak,1.69897,-8
Ukrainian,Indo-European,UKR,ukr,7.59596,-5
Okanagan,Salishan,OKA,oka,2.70927,0
Kutenai,Kutenai,KUN,kut,1.69897,-6
Nanai,Altaic,GLD,nai,3.76133,0
Nuuchahnulth,Wakashan,NOO,nuu,2.30103,0
Squamish,Salishan,SQU,squ,1.69897,-6
Blackfoot,Algic,BLC,bla,3.70757,-3
Czech,Indo-European,CZC,cze,7.06164,-5
Kazakh,Altaic,KAZ,kaz,6.91269,-8
Comox,Salishan,COO,cmx,2.60206,-4
Cornish,Indo-European,CRN,crn,2.69897,-3
Oroch,Altaic,OAC,orc,2,0
Lillooet,Salishan,LIL,lil,2.30103,0
Kwakw'ala,Wakashan,KWK,kwk,2.37107,0
Cree (Eastern),Algic,CRL/ CRE,cea,3.86368,0
Altai (Southern),Altaic,ALT,aso,4.30103,-10
Sorbian,Indo-European,WEE/ WEN,srb,4.17609,0
Shuswap,Salishan,SHS,shu,2.69897,-5
Montagnais,Algic,MOE,mtg,3.92855,-4
Welsh,Indo-European,WLS,wel,5.72937,-2
English,Indo-European,ENG,eng,8.49045,-13
German,Indo-European,GER,ger,7.97952,-12
Polish,Indo-European,PQL,pol,7.63051,-8
Tuvan,Altaic,TUN,tuv,5.32098,-10
Buriat,Altaic,BXM / ...,but,4.81224,-2
Tsimshian (Coast),Penutian,dTSI,tsi,2.90309,-2
Sarcee,Na-Dene,SRS,src,1.69897,-3
Dutch,Indo-European,DUT,dut,7.23982,-9
Haida,Haida,HAI/ HAX,hai,1.69897,-7
Irish,Indo-European,GLI,iri,5.55023,-10
Frisian,Indo-European,FRS/...,fri,4.04139,-4
Bashkir,Altaic,BXK,bsk,6.27216,-6
Shor,Altaic,CJS,shr,3.97525,-10
Khakas,Altaic,KJH,khk,4.81164,-7
Nivkh,Nivkh,NIV,niv,3.03703,-8
Tofa,Altaic,KIM,tof,1.69897,0
Cree (Plains),Algic,CRP,cre,4.53275,-6
Manx,Indo-European,MJD,mnx,1.69897,0
Karaim,Altaic,KDR,krm,1.69897,-5
Nisgha,Penutian,NCG,nsg,2.8451,-11
Lithuanian,Indo-European,LIT,lit,6.49489,-7
Gitksan,Penutian,GIT,git,2.60206,0
Chuvash,Altaic,CJU,chv,6.26349,-5
Danish,Indo-European,DNS,dsh,6.72426,-12
Russian,Indo-European,RUS,rus,8.16146,-10
Tatar,Altaic,TTR,tvo,6.20683,-5
Evenki,Altaic,EVN,eve,4.4624,-3
Latvian,Indo-European,LAT,lat,6.1886,-12
Mari (Meadow),Uralic,MAL,mme,5.728,-7
Itelmen,Chukotko-Kamchatkan,ITL,ite,1.77815,-6
Udmurt,Uralic,UDM,udm,5.75265,-6
Tlingit,Na-Dene,TLI,tli,2.92686,-3
Estonian,Uralic,EST,est,6.03161,-6
Yup'ik (Central),Eskimo-Aleut,ESU,ypk,4,-3
Votic,Uralic,VOD,vot,1.69897,-4
Komi-Permyak,Uralic,KOI,kop,5.06446,-3
Swedish,Indo-European,SWD,swe,6.94398,-10
Alutor,Chukotko-Kamchatkan,ALR,alu,2,-8
Koryak,Chukotko-Kamchatkan,KPY,kry,3.54407,-8
Inuktitut (Salluit),Eskimo-Aleut,dESB,ins,4.14613,-4
Finnish,Uralic,FIN,fin,6.71873,-9
Komi-Zyrian,Uralic,KPV,kzy,5.41863,-4
Mansi,Uralic,MNS,mns,3.50297,-4
Yakut,Altaic,UKT,ykt,5.55991,-5
Kerek,Chukotko-Kamchatkan,KRK,krq,1.69897,0
Inuktitut (Rankin Inlet),Eskimo-Aleut,dESC,inr,3.60206,0
Greenlandic (West),Eskimo-Aleut,dESG,grw,4.73878,-7
Ket,Yeniseian,KET,ket,2.74036,-8
Yupik (Siberian),Eskimo-Aleut,ESS/...,yus,3.13033,0
Koyukon,Na-Dene,KOY,kyn,2.47712,0
Icelandic,Indo-European,ICE,ice,5.37979,-9
Khanty,Uralic,KCA,kty,4.07918,-6
Yukaghir (Kolyma),Yukaghir,YUX,yko,1.69897,-9
Chukchi,Chukotko-Kamchatkan,CKT,chk,4,-11
Slave,Na-Dene,SCS/SLA,sla,3.14922,-5
Even,Altaic,EVE,evn,3.87754,-8
Saami (Northern),Uralic,LPR,sno,4.32222,-8
Nenets,Uralic,YRK,nen,4.427,-9
Nganasan,Uralic,NIO,nga,2.69897,-7
